cand,hex,secs
0,0,0
0,1,206
0,2,209
0,3,313
0,4,291
0,5,362
0,6,210
0,7,757
0,8,413
0,9,392
0,10,396
0,11,397
0,12,486
0,13,535
0,14,504
0,15,427
0,16,513
0,17,514
0,18,813
0,19,657
0,21,873
0,22,505
0,23,522
0,24,566
0,25,662
0,26,611
0,27,674
0,28,596
0,29,681
0,30,619
0,31,577
0,32,699
0,33,728
0,34,740
0,35,748
0,36,834
0,37,815
0,38,703
0,39,826
0,41,784
0,42,682
0,43,687
0,44,727
0,45,774
0,46,694
0,47,742
0,49,770
0,50,836
0,51,871
0,52,781
0,53,775
0,54,771
0,55,867
0,56,888
0,57,898
0,58,875
0,63,815
0,67,843
0,68,830
0,73,870
0,76,879
1,0,206
1,1,0
1,2,227
1,3,452
1,4,473
1,5,456
1,6,279
1,7,587
1,8,244
1,9,260
1,10,327
1,11,454
1,12,625
1,13,716
1,14,685
1,15,608
1,16,607
1,17,608
1,18,643
1,19,487
1,20,734
1,21,704
1,22,356
1,23,441
1,24,485
1,25,636
1,26,702
1,27,813
1,28,735
1,29,862
1,30,800
1,31,758
1,32,802
1,33,822
1,34,834
1,35,842
1,36,664
1,37,645
1,38,532
1,39,656
1,40,853
1,41,703
1,42,601
1,43,607
1,44,647
1,45,694
1,46,782
1,47,881
1,59,883
1,62,808
1,63,645
1,64,821
1,66,856
1,67,763
1,68,733
1,69,893
1,70,821
1,93,865
1,94,875
2,0,213
2,1,218
2,2,0
2,3,225
2,4,443
2,5,537
2,6,401
2,7,805
2,8,377
2,9,264
2,10,187
2,11,246
2,12,398
2,13,499
2,14,635
2,15,579
2,16,682
2,17,690
2,18,861
2,19,705
2,21,720
2,22,401
2,23,368
2,24,401
2,25,453
2,26,493
2,27,586
2,28,508
2,29,734
2,30,771
2,31,729
2,32,851
2,33,897
2,36,882
2,37,863
2,38,751
2,39,874
2,40,849
2,41,630
2,42,528
2,43,533
2,44,574
2,45,566
2,46,573
2,47,654
2,48,826
2,49,682
2,50,884
2,63,863
2,66,782
2,67,690
2,68,676
2,69,823
2,70,748
2,71,852
2,72,782
2,73,750
2,74,891
2,76,791
2,77,872
2,98,859
2,99,856
2,100,873
2,104,891
2,105,886
3,0,310
3,1,421
3,2,223
3,3,0
3,4,435
3,5,532
3,6,490
3,8,600
3,9,471
3,10,368
3,11,200
3,12,334
3,13,435
3,14,572
3,15,570
3,16,673
3,17,684
3,22,623
3,23,576
3,24,554
3,25,515
3,26,416
3,27,522
3,28,445
3,29,671
3,30,762
3,31,720
3,32,842
3,33,888
3,41,838
3,42,736
3,43,727
3,44,722
3,45,657
3,46,496
3,47,591
3,48,763
3,49,618
3,50,820
3,51,872
3,67,897
3,68,870
3,71,897
3,72,716
3,73,672
3,74,827
3,76,728
3,77,809
3,104,867
3,105,808
3,110,886
4,0,351
4,1,462
4,2,377
4,3,374
4,4,0
4,5,279
4,6,409
4,8,657
4,9,560
4,10,564
4,11,504
4,12,409
4,13,302
4,14,294
4,15,390
4,16,472
4,17,432
4,19,875
4,22,682
4,23,688
4,24,733
4,25,753
4,26,518
4,27,597
4,28,519
4,29,396
4,30,519
4,31,515
4,32,626
4,33,687
4,34,698
4,35,665
4,42,848
4,43,854
4,44,895
4,45,895
4,46,731
4,47,665
4,48,837
4,49,693
4,50,552
4,51,598
4,52,684
4,53,678
4,54,700
4,55,825
4,56,846
4,57,815
4,58,793
4,73,832
4,76,802
4,77,811
4,78,805
4,79,893
4,80,892
4,81,875
4,82,834
4,83,872
5,0,405
5,1,500
5,2,574
5,3,572
5,4,358
5,5,0
5,6,393
5,8,680
5,9,756
5,10,761
5,11,701
5,12,621
5,13,516
5,14,411
5,15,221
5,16,198
5,17,153
5,18,815
5,19,859
5,22,853
5,23,887
5,26,703
5,27,802
5,28,731
5,29,591
5,30,524
5,31,425
5,32,347
5,33,413
5,34,425
5,35,386
5,36,771
5,47,870
5,50,815
5,51,778
5,52,676
5,53,615
5,54,485
5,55,552
5,56,573
5,57,536
5,58,513
5,59,678
5,60,874
5,79,891
5,80,883
5,81,727
5,82,667
5,83,676
5,84,706
5,85,803
5,86,726
5,87,707
5,88,750
5,89,783
5,117,857
5,119,842
6,0,210
6,1,279
6,2,419
6,3,493
6,4,463
6,5,347
6,6,0
6,7,739
6,8,459
6,9,537
6,10,585
6,11,607
6,12,696
6,13,673
6,14,675
6,15,568
6,16,498
6,17,499
6,18,795
6,19,639
6,20,886
6,21,855
6,22,633
6,23,700
6,24,744
6,25,872
6,26,821
6,27,884
6,28,806
6,29,819
6,30,790
6,31,748
6,32,693
6,33,713
6,34,725
6,35,733
6,36,816
6,37,797
6,38,684
6,39,808
6,42,860
6,43,865
6,54,831
6,55,852
6,56,873
6,57,883
6,58,860
6,63,797
7,0,603
7,1,435
7,2,660
7,3,885
7,4,875
7,5,759
7,6,582
7,7,0
7,8,357
7,9,594
7,10,760
7,11,887
7,17,822
7,18,206
7,19,188
7,20,653
7,21,622
7,22,640
7,23,815
7,24,872
7,35,597
7,36,320
7,37,390
7,38,451
7,39,575
7,40,772
7,41,834
7,59,583
7,60,779
7,62,727
7,63,564
7,64,740
7,88,827
7,89,688
7,90,839
7,93,784
7,94,794
7,124,892
8,0,412
8,1,241
8,2,385
8,3,610
8,4,665
8,5,636
8,6,459
8,7,511
8,8,0
8,9,237
8,10,416
8,11,571
8,12,763
8,13,864
8,14,877
8,15,801
8,16,788
8,17,789
8,18,566
8,19,411
8,20,657
8,21,627
8,22,283
8,23,458
8,24,517
8,25,740
8,26,819
8,28,872
8,36,587
8,37,568
8,38,456
8,39,579
8,40,776
8,41,696
8,42,594
8,43,608
8,44,679
8,45,774
8,46,899
8,59,806
8,62,732
8,63,569
8,64,745
8,66,848
8,67,756
8,68,660
8,69,819
8,70,853
8,93,789
8,94,798
8,99,840
8,100,867
9,0,369
9,1,258
9,2,274
9,3,457
9,4,599
9,5,693
9,6,534
9,7,748
9,8,237
9,9,0
9,10,233
9,11,390
9,12,582
9,13,683
9,14,811
9,15,734
9,16,837
9,17,845
9,18,804
9,19,648
9,20,836
9,21,629
9,22,197
9,23,277
9,24,334
9,25,556
9,26,637
9,27,770
9,28,691
9,31,884
9,36,825
9,37,806
9,38,693
9,39,817
9,40,759
9,41,539
9,42,438
9,43,454
9,44,495
9,45,591
9,46,717
9,47,838
9,49,865
9,63,806
9,65,883
9,66,692
9,67,599
9,68,574
9,69,734
9,70,670
9,71,839
9,72,831
9,73,888
9,97,884
9,98,769
9,99,754
9,100,782
9,101,832
9,102,827
9,104,879
9,136,846
10,0,401
10,1,340
10,2,187
10,3,363
10,4,631
10,5,725
10,6,589
10,8,420
10,9,239
10,10,0
10,11,220
10,12,487
10,13,588
10,14,725
10,15,766
10,16,869
10,17,877
10,19,827
10,20,859
10,21,652
10,22,386
10,23,251
10,24,228
10,25,326
10,26,424
10,27,636
10,28,597
10,29,824
10,38,873
10,39,843
10,40,782
10,41,563
10,42,461
10,43,385
10,44,410
10,45,401
10,46,492
10,47,645
10,48,817
10,49,771
10,66,715
10,67,623
10,68,528
10,69,675
10,70,599
10,71,687
10,72,641
10,73,668
10,74,881
10,76,880
10,98,792
10,99,708
10,100,725
10,101,761
10,102,756
10,103,787
10,104,726
10,105,804
10,136,870
10,142,880
11,0,382
11,1,463
11,2,261
11,3,200
11,4,544
11,5,661
11,6,570
11,8,571
11,9,394
11,10,220
11,11,0
11,12,374
11,13,475
11,14,612
11,15,700
11,16,803
11,17,814
11,21,850
11,22,552
11,23,457
11,24,354
11,25,363
11,26,265
11,27,477
11,28,484
11,29,711
11,30,833
11,31,832
11,41,761
11,42,659
11,43,539
11,44,523
11,45,478
11,46,345
11,47,486
11,48,658
11,49,658
11,50,860
11,67,820
11,68,723
11,69,826
11,70,734
11,71,747
11,72,565
11,73,522
11,74,723
11,75,840
11,76,754
11,77,848
11,100,881
11,101,897
11,102,891
11,103,847
11,104,716
11,105,658
11,106,762
11,143,785
11,144,861
12,0,531
12,1,642
12,2,443
12,3,343
12,4,400
12,5,546
12,6,719
12,8,764
12,9,588
12,10,482
12,11,323
12,12,0
12,13,260
12,14,422
12,15,594
12,16,720
12,17,699
12,22,745
12,23,692
12,24,599
12,25,451
12,26,217
12,27,206
12,28,226
12,29,471
12,30,606
12,31,643
12,32,850
12,42,852
12,43,784
12,44,766
12,45,594
12,46,424
12,47,323
12,48,469
12,49,400
12,50,601
12,51,679
12,52,784
12,53,778
12,54,802
12,71,834
12,72,643
12,73,502
12,74,560
12,75,651
12,76,483
12,77,590
12,78,694
12,79,876
12,104,803
12,105,657
12,106,667
12,107,775
12,110,667
12,111,783
12,143,862
12,144,841
12,145,853
12,149,834
12,150,899
12,194,898
12,195,898
13,0,625
13,1,737
13,2,546
13,3,446
13,4,293
13,5,442
13,6,683
13,8,866
13,9,690
13,10,584
13,11,426
13,12,275
13,13,0
13,14,208
13,15,440
13,16,613
13,17,595
13,22,847
13,23,794
13,24,765
13,25,660
13,26,426
13,27,398
13,28,290
13,29,264
13,30,392
13,31,429
13,32,636
13,33,829
13,34,840
13,35,828
13,45,803
13,46,639
13,47,557
13,48,609
13,49,463
13,50,420
13,51,470
13,52,570
13,53,564
13,54,588
13,55,777
13,72,858
13,73,737
13,74,756
13,75,807
13,76,572
13,77,653
13,78,672
13,79,765
13,80,778
13,81,761
13,82,720
13,83,761
13,105,891
13,110,730
13,111,780
13,112,870
13,113,867
13,149,897
14,0,539
14,1,650
14,2,564
14,3,562
14,4,232
14,5,393
14,6,597
14,8,844
14,9,748
14,10,719
14,11,560
14,12,435
14,13,209
14,14,0
14,15,260
14,16,459
14,17,546
14,22,870
14,23,876
14,24,900
14,25,795
14,26,560
14,27,546
14,28,454
14,29,181
14,30,228
14,31,221
14,32,428
14,33,622
14,34,686
14,35,760
14,46,773
14,47,691
14,48,757
14,49,611
14,50,405
14,51,368
14,52,391
14,53,384
14,54,406
14,55,569
14,56,744
14,57,847
14,58,854
14,73,871
14,76,705
14,77,663
14,78,628
14,79,605
14,80,598
14,81,581
14,82,540
14,83,578
14,84,751
14,110,860
14,111,765
14,112,806
14,113,688
14,114,823
14,115,796
14,116,775
14,117,757
14,118,893
14,152,877
14,153,862
14,159,893
15,0,482
15,1,576
15,2,607
15,3,604
15,4,274
15,5,206
15,6,469
15,8,756
15,9,790
15,10,794
15,11,690
15,12,565
15,13,430
15,14,220
15,15,0
15,16,287
15,17,359
15,26,690
15,27,753
15,28,674
15,29,401
15,30,333
15,31,236
15,32,303
15,33,444
15,34,514
15,35,587
15,47,821
15,49,831
15,50,625
15,51,588
15,52,485
15,53,467
15,54,386
15,55,507
15,56,619
15,57,675
15,58,681
15,59,880
15,77,884
15,78,823
15,79,700
15,80,693
15,81,629
15,82,569
15,83,578
15,84,689
15,85,842
15,86,786
15,87,846
15,113,782
15,115,855
15,116,822
15,117,759
15,118,892
15,119,879
15,159,892
16,0,587
16,1,682
16,2,756
16,3,754
16,4,467
16,5,326
16,6,575
16,8,862
16,11,883
16,12,758
16,13,623
16,14,414
16,15,266
16,16,0
16,17,227
16,18,840
16,26,883
16,28,867
16,29,594
16,30,526
16,31,469
16,32,231
16,33,222
16,34,234
16,35,411
16,36,796
16,50,818
16,51,781
16,52,689
16,53,579
16,54,449
16,55,361
16,56,382
16,57,395
16,58,436
16,59,666
16,60,862
16,80,897
16,81,691
16,82,632
16,83,584
16,84,515
16,85,612
16,86,535
16,87,567
16,88,673
16,89,771
16,116,885
16,117,765
16,118,898
16,119,651
16,120,779
16,121,716
16,122,780
16,123,779
16,124,868
16,159,898
16,160,802
16,163,854
16,164,898
17,0,553
17,1,647
17,2,722
17,3,719
17,4,506
17,5,292
17,6,541
17,7,818
17,8,828
17,11,849
17,12,769
17,13,664
17,14,559
17,15,369
17,16,196
17,17,0
17,18,663
17,19,773
17,26,851
17,28,879
17,29,739
17,30,671
17,31,573
17,32,406
17,33,411
17,34,368
17,35,233
17,36,618
17,37,771
17,52,824
17,53,763
17,54,632
17,55,550
17,56,563
17,57,383
17,58,361
17,59,526
17,60,721
17,61,879
17,81,875
17,82,815
17,83,773
17,84,704
17,85,732
17,86,648
17,87,555
17,88,597
17,89,630
17,90,782
17,119,774
17,120,899
17,121,829
17,122,894
17,123,767
17,124,793
17,125,885
17,164,890
18,0,674
18,1,506
18,2,731
18,5,830
18,6,653
18,7,206
18,8,428
18,9,665
18,10,830
18,16,816
18,17,667
18,18,0
18,19,175
18,20,687
18,21,656
18,22,711
18,23,886
18,34,858
18,35,442
18,36,165
18,37,263
18,38,485
18,39,609
18,40,806
18,41,868
18,57,825
18,58,814
18,59,428
18,60,624
18,61,782
18,62,761
18,63,598
18,64,774
18,88,672
18,89,533
18,90,684
18,91,854
18,93,818
18,94,828
18,123,876
18,124,737
18,125,788
18,126,891
19,0,610
19,1,442
19,2,667
19,3,892
19,4,882
19,5,766
19,6,589
19,7,188
19,8,364
19,9,601
19,10,766
19,11,894
19,17,791
19,18,175
19,19,0
19,20,516
19,21,485
19,22,647
19,23,822
19,24,879
19,34,885
19,35,566
19,36,228
19,37,217
19,38,314
19,39,438
19,40,635
19,41,697
19,42,839
19,57,853
19,58,841
19,59,455
19,60,651
19,61,809
19,62,590
19,63,427
19,64,603
19,65,780
19,66,811
19,67,839
19,88,700
19,89,560
19,90,712
19,91,882
19,93,647
19,94,656
19,95,772
19,124,764
19,125,815
19,130,871
19,131,790
20,1,743
20,6,890
20,7,635
20,8,665
20,9,796
20,10,856
20,18,691
20,19,535
20,20,0
20,21,229
20,22,733
20,23,714
20,24,866
20,36,712
20,37,693
20,38,343
20,39,247
20,40,382
20,41,441
20,42,583
20,43,891
20,61,858
20,62,612
20,63,440
20,64,388
20,65,528
20,66,554
20,67,583
20,68,768
20,93,660
20,94,628
20,95,557
20,96,736
20,97,747
20,98,735
20,99,810
20,130,830
20,131,749
20,132,729
20,136,890
21,0,855
21,1,687
21,2,788
21,6,834
21,7,579
21,8,609
21,9,637
21,10,697
21,11,897
21,18,635
21,19,479
21,20,207
21,21,0
21,22,574
21,23,555
21,24,708
21,36,656
21,37,637
21,38,287
21,39,191
21,40,217
21,41,282
21,42,424
21,43,732
21,44,868
21,59,875
21,60,856
21,61,802
21,62,556
21,63,384
21,64,315
21,65,362
21,66,396
21,67,424
21,68,609
21,69,810
21,93,604
21,94,554
21,95,477
21,96,571
21,97,588
21,98,576
21,99,651
21,100,776
21,130,757
21,131,676
21,132,637
21,133,740
21,134,769
21,135,756
21,136,732
21,174,831
21,175,830
21,179,885
22,0,503
22,1,353
22,2,408
22,3,610
22,4,733
22,5,807
22,6,630
22,7,793
22,8,283
22,9,197
22,10,379
22,11,544
22,12,735
22,13,836
22,15,869
22,18,849
22,19,693
22,20,797
22,21,591
22,22,0
22,23,263
22,24,416
22,25,668
22,26,779
22,28,845
22,36,870
22,37,851
22,38,739
22,39,781
22,40,720
22,41,501
22,42,399
22,43,413
22,44,576
22,45,701
22,46,834
22,63,851
22,65,844
22,66,653
22,67,561
22,68,445
22,69,604
22,70,751
22,97,845
22,98,730
22,99,624
22,100,652
22,101,786
22,102,890
22,136,808
22,137,894
22,138,847
23,0,515
23,1,437
23,2,396
23,3,572
23,4,745
23,5,839
23,6,696
23,8,435
23,9,248
23,10,235
23,11,441
23,12,697
23,13,798
23,15,881
23,19,845
23,20,707
23,21,500
23,22,305
23,23,0
23,24,196
23,25,463
23,26,574
23,27,785
23,28,806
23,38,787
23,39,690
23,40,629
23,41,410
23,42,308
23,43,214
23,44,353
23,45,496
23,46,628
23,47,794
23,63,884
23,64,814
23,65,753
23,66,562
23,67,470
23,68,357
23,69,504
23,70,527
23,71,696
23,72,736
23,73,794
23,97,755
23,98,639
23,99,537
23,100,554
23,101,686
23,102,684
23,103,796
23,104,736
23,135,834
23,136,717
23,137,797
23,138,749
23,142,889
24,0,573
24,1,494
24,2,402
24,3,548
24,4,803
24,5,897
24,6,754
24,8,526
24,9,345
24,10,229
24,11,360
24,12,614
24,13,774
24,20,871
24,21,664
24,22,471
24,23,193
24,24,0
24,25,303
24,26,446
24,27,658
24,28,782
24,39,855
24,40,794
24,41,575
24,42,473
24,43,185
24,44,200
24,45,313
24,46,469
24,47,667
24,48,839
24,49,899
24,66,727
24,67,606
24,68,410
24,69,472
24,70,380
24,71,532
24,72,554
24,73,611
24,98,726
24,99,572
24,100,527
24,101,543
24,102,537
24,103,632
24,104,572
24,105,745
24,106,851
24,136,797
24,137,769
24,138,722
24,139,840
24,140,757
24,141,778
24,142,726
24,143,754
24,144,855
24,186,890
25,0,648
25,1,641
25,2,459
25,3,515
25,4,749
25,5,856
25,6,836
25,8,743
25,9,562
25,10,323
25,11,364
25,12,451
25,13,680
25,14,817
25,22,709
25,23,469
25,24,297
25,25,0
25,26,283
25,27,476
25,28,625
25,29,870
25,41,828
25,42,726
25,43,480
25,44,391
25,45,271
25,46,242
25,47,458
25,48,630
25,49,712
25,67,888
25,68,705
25,69,720
25,70,628
25,71,541
25,72,408
25,73,418
25,74,695
25,75,812
25,76,748
25,99,867
25,100,822
25,101,791
25,102,785
25,103,641
25,104,526
25,105,554
25,106,658
25,141,900
25,142,716
25,143,681
25,144,757
25,186,899
25,188,866
26,0,592
26,1,703
26,2,505
26,3,404
26,4,515
26,5,621
26,6,780
26,8,818
26,9,642
26,10,426
26,11,265
26,12,217
26,13,446
26,14,582
26,15,708
26,16,814
26,17,774
26,22,799
26,23,582
26,24,431
26,25,283
26,26,0
26,27,244
26,28,393
26,29,638
26,30,787
26,31,803
26,42,839
26,43,616
26,44,598
26,45,426
26,46,235
26,47,226
26,48,398
26,49,480
26,50,729
26,51,816
26,68,841
26,70,796
26,71,666
26,72,455
26,73,348
26,74,462
26,75,580
26,76,516
26,77,717
26,78,822
26,103,766
26,104,626
26,105,503
26,106,513
26,107,678
26,108,880
26,109,891
26,110,789
26,142,816
26,143,674
26,144,687
26,145,756
26,146,863
26,148,886
26,188,796
26,189,848
27,0,714
27,1,826
27,2,627
27,3,527
27,4,584
27,5,718
27,9,771
27,10,639
27,11,479
27,12,207
27,13,388
27,14,550
27,15,777
27,17,871
27,23,795
27,24,644
27,25,476
27,26,248
27,27,0
27,28,243
27,29,488
27,30,636
27,31,721
27,43,829
27,44,790
27,45,584
27,46,381
27,47,192
27,48,263
27,49,241
27,50,490
27,51,577
27,52,781
27,53,802
27,54,847
27,71,820
27,72,601
27,73,460
27,74,358
27,75,445
27,76,277
27,77,478
27,78,583
27,79,764
27,104,772
27,105,614
27,106,534
27,107,574
27,108,736
27,109,747
27,110,550
27,111,671
27,112,795
27,143,819
27,144,713
27,145,684
27,146,780
27,147,827
27,148,742
27,149,717
27,150,782
27,151,895
27,189,868
27,193,873
27,194,781
27,195,781
28,0,652
28,1,763
28,2,564
28,3,464
28,4,412
28,5,565
28,6,802
28,8,884
28,9,708
28,10,603
28,11,444
28,12,246
28,13,154
28,14,315
28,15,547
28,16,721
28,17,718
28,22,866
28,23,813
28,24,784
28,25,640
28,26,406
28,27,370
28,28,0
28,29,245
28,30,393
28,31,478
28,32,702
28,33,884
28,45,782
28,46,618
28,47,537
28,48,581
28,49,435
28,50,401
28,51,453
28,52,572
28,53,565
28,54,605
28,55,816
28,72,838
28,73,716
28,74,728
28,75,779
28,76,544
28,77,625
28,78,653
28,79,748
28,80,779
28,81,763
28,82,722
28,83,772
28,105,871
28,106,881
28,110,702
28,111,761
28,112,851
28,113,869
28,149,869
29,0,706
29,1,818
29,2,732
29,3,679
29,4,394
29,5,561
29,6,764
29,10,818
29,11,659
29,12,394
29,13,244
29,14,196
29,15,427
29,16,627
29,17,713
29,25,832
29,26,604
29,27,444
29,28,378
29,29,0
29,30,159
29,31,353
29,32,578
29,33,759
29,34,853
29,46,738
29,47,616
29,48,582
29,49,435
29,50,224
29,51,208
29,52,371
29,53,365
29,54,480
29,55,691
29,56,867
29,73,817
29,74,736
29,75,779
29,76,524
29,77,482
29,78,469
29,79,503
29,80,579
29,81,562
29,82,521
29,83,623
29,84,873
29,110,679
29,111,584
29,112,667
29,113,668
29,114,804
29,115,777
29,116,756
29,117,738
29,118,887
29,149,846
29,150,801
29,151,806
29,152,857
29,153,843
29,159,887
29,196,863
30,0,703
30,1,815
30,2,729
30,3,726
30,4,396
30,5,558
30,6,761
30,11,755
30,12,553
30,13,366
30,14,195
30,15,424
30,16,624
30,17,710
30,26,755
30,27,603
30,28,537
30,29,159
30,30,0
30,31,223
30,32,447
30,33,628
30,34,805
30,46,897
30,47,776
30,48,741
30,49,594
30,50,383
30,51,321
30,52,212
30,53,206
30,54,347
30,55,558
30,56,734
30,57,872
30,74,895
30,76,684
30,77,642
30,78,550
30,79,427
30,80,420
30,81,403
30,82,362
30,83,463
30,84,740
30,85,894
30,110,838
30,111,736
30,112,628
30,113,509
30,114,645
30,115,618
30,116,596
30,117,579
30,118,728
30,151,856
30,152,698
30,153,684
30,154,856
30,156,782
30,157,764
30,158,859
30,159,728
30,197,847
30,198,832
31,0,654
31,1,766
31,2,680
31,3,678
31,4,348
31,5,372
31,6,675
31,9,864
31,10,867
31,11,760
31,12,636
31,13,433
31,14,225
31,15,280
31,16,448
31,17,524
31,26,761
31,27,716
31,28,651
31,29,351
31,30,223
31,31,0
31,32,237
31,33,410
31,34,587
31,35,758
31,47,889
31,49,781
31,50,570
31,51,465
31,52,340
31,53,275
31,54,237
31,55,357
31,56,533
31,57,654
31,58,695
31,76,851
31,77,792
31,78,677
31,79,554
31,80,547
31,81,475
31,82,420
31,83,428
31,84,539
31,85,693
31,86,702
31,87,826
31,111,872
31,112,755
31,113,637
31,114,773
31,115,702
31,116,669
31,117,609
31,118,742
31,119,730
31,120,858
31,121,818
31,152,826
31,153,811
31,156,855
31,157,801
31,158,879
31,159,742
31,160,881
32,0,798
32,1,892
32,4,633
32,5,482
32,6,786
32,13,788
32,14,579
32,15,390
32,16,288
32,17,455
32,29,747
32,30,618
32,31,401
32,32,0
32,33,230
32,34,407
32,35,639
32,51,861
32,52,736
32,53,507
32,54,377
32,55,288
32,56,404
32,57,474
32,58,515
32,59,745
32,80,834
32,81,619
32,82,559
32,83,511
32,84,466
32,85,614
32,86,571
32,87,646
32,88,752
32,89,850
32,115,846
32,116,812
32,117,692
32,118,826
32,119,651
32,120,779
32,121,722
32,122,811
32,123,858
32,157,885
32,159,826
32,160,802
32,163,885
33,0,790
33,1,884
33,4,639
33,5,488
33,6,777
33,13,795
33,14,586
33,15,396
33,16,209
33,17,424
33,29,757
33,30,629
33,31,412
33,32,281
33,33,0
33,34,235
33,35,553
33,36,800
33,51,871
33,52,746
33,53,517
33,54,369
33,55,220
33,56,211
33,57,302
33,58,343
33,59,573
33,60,769
33,80,844
33,81,629
33,82,510
33,83,443
33,84,321
33,85,442
33,86,378
33,87,474
33,88,580
33,89,678
33,90,830
33,115,856
33,116,750
33,117,624
33,118,757
33,119,480
33,120,608
33,121,548
33,122,618
33,123,686
33,124,776
33,157,817
33,158,895
33,159,757
33,160,631
33,161,778
33,162,780
33,163,692
33,164,735
33,165,891
33,208,778
33,209,777
33,210,815
34,0,752
34,1,846
34,4,694
34,5,491
34,6,739
34,13,850
34,14,640
34,15,492
34,16,234
34,17,202
34,18,761
34,19,847
34,29,821
34,30,753
34,31,593
34,32,411
34,33,236
34,34,0
34,35,331
34,36,712
34,37,845
34,53,699
34,54,569
34,55,455
34,56,373
34,57,236
34,58,255
34,59,484
34,60,680
34,61,838
34,81,811
34,82,745
34,83,678
34,84,543
34,85,584
34,86,501
34,87,407
34,88,491
34,89,589
34,90,741
34,117,859
34,119,627
34,120,752
34,121,681
34,122,746
34,123,619
34,124,687
34,125,844
34,160,775
34,163,820
34,164,743
34,165,824
34,166,893
35,0,786
35,1,880
35,4,739
35,5,525
35,6,774
35,7,596
35,8,817
35,13,897
35,14,777
35,15,602
35,16,385
35,17,237
35,18,441
35,19,551
35,30,890
35,31,806
35,32,595
35,33,582
35,34,534
35,35,0
35,36,397
35,37,549
35,38,843
35,54,827
35,55,739
35,56,692
35,57,512
35,58,490
35,59,304
35,60,499
35,61,657
35,62,771
35,84,875
35,85,861
35,86,777
35,87,684
35,88,548
35,89,409
35,90,560
35,91,730
35,92,848
35,123,752
35,124,613
35,125,664
35,126,767
35,165,811
35,166,819
35,167,848
36,0,770
36,1,602
36,2,827
36,6,749
36,7,320
36,8,524
36,9,761
36,16,770
36,17,622
36,18,165
36,19,212
36,20,706
36,21,676
36,22,807
36,33,809
36,34,727
36,35,396
36,36,0
36,37,211
36,38,505
36,39,628
36,40,825
36,41,888
36,56,875
36,57,695
36,58,683
36,59,297
36,60,493
36,61,651
36,62,765
36,63,617
36,64,793
36,87,790
36,88,542
36,89,402
36,90,554
36,91,724
36,92,841
36,93,837
36,94,847
36,123,746
36,124,606
36,125,657
36,126,760
36,128,895
36,165,805
36,166,812
36,167,842
37,0,810
37,1,642
37,2,866
37,6,788
37,7,387
37,8,563
37,9,801
37,17,773
37,18,263
37,19,199
37,20,692
37,21,661
37,22,846
37,34,859
37,35,548
37,36,210
37,37,0
37,38,490
37,39,614
37,40,811
37,41,873
37,57,827
37,58,815
37,59,429
37,60,625
37,61,783
37,62,766
37,63,603
37,64,779
37,88,674
37,89,534
37,90,686
37,91,856
37,93,823
37,94,832
37,123,878
37,124,738
37,125,789
37,126,892
38,0,702
38,1,534
38,2,759
38,5,858
38,6,681
38,7,427
38,8,456
38,9,693
38,10,859
38,18,482
38,19,327
38,20,343
38,21,313
38,22,739
38,23,798
38,35,841
38,36,503
38,37,484
38,38,0
38,39,238
38,40,462
38,41,525
38,42,667
38,59,722
38,60,626
38,61,573
38,62,327
38,63,222
38,64,409
38,65,608
38,66,638
38,67,667
38,68,852
38,89,827
38,90,716
38,91,797
38,92,744
38,93,398
38,94,451
38,95,581
38,96,801
38,97,831
38,98,819
38,99,894
38,129,859
38,130,666
38,131,585
38,132,754
38,173,817
38,174,816
39,0,795
39,1,627
39,2,851
39,6,773
39,7,519
39,8,548
39,9,764
39,10,824
39,18,575
39,19,419
39,20,228
39,21,180
39,22,701
39,23,682
39,24,834
39,36,596
39,37,577
39,38,227
39,39,0
39,40,269
39,41,409
39,42,551
39,43,859
39,59,814
39,60,688
39,61,634
39,62,388
39,63,216
39,64,219
39,65,412
39,66,458
39,67,551
39,68,736
39,90,778
39,91,858
39,92,805
39,93,436
39,94,428
39,95,403
39,96,617
39,97,641
39,98,673
39,99,778
39,129,898
39,130,642
39,131,561
39,132,575
39,133,786
39,134,815
39,135,853
39,136,859
39,173,793
39,174,751
39,175,765
40,1,858
40,2,871
40,7,750
40,8,779
40,9,721
40,10,781
40,18,806
40,19,650
40,20,378
40,21,220
40,22,658
40,23,639
40,24,791
40,36,827
40,37,808
40,38,458
40,39,242
40,40,0
40,41,259
40,42,458
40,43,742
40,60,828
40,61,775
40,62,529
40,63,349
40,64,221
40,65,217
40,66,227
40,67,355
40,68,547
40,69,747
40,93,540
40,94,461
40,95,384
40,96,446
40,97,409
40,98,429
40,99,556
40,100,704
40,130,663
40,131,583
40,132,544
40,133,615
40,134,591
40,135,609
40,136,625
40,137,823
40,173,814
40,174,738
40,175,737
40,176,836
40,177,750
40,178,767
40,179,738
41,0,743
41,1,664
41,2,626
41,3,803
41,7,761
41,8,608
41,9,476
41,10,536
41,11,736
41,18,817
41,19,661
41,20,389
41,21,182
41,22,413
41,23,394
41,24,546
41,25,799
41,36,838
41,37,819
41,38,469
41,39,372
41,40,259
41,41,0
41,42,253
41,43,571
41,44,707
41,45,832
41,62,738
41,63,566
41,64,456
41,65,383
41,66,186
41,67,225
41,68,410
41,69,611
41,70,881
41,93,775
41,94,678
41,95,595
41,96,540
41,97,379
41,98,353
41,99,452
41,100,577
41,101,793
41,102,897
41,130,880
41,131,799
41,132,755
41,133,709
41,134,641
41,135,533
41,136,533
41,137,731
41,138,772
41,177,829
41,178,690
41,179,661
41,229,864
42,0,699
42,1,621
42,2,582
42,3,759
42,6,880
42,8,564
42,9,432
42,10,492
42,11,692
42,12,883
42,19,831
42,20,559
42,21,352
42,22,369
42,23,350
42,24,502
42,25,755
42,26,865
42,38,640
42,39,543
42,40,450
42,41,219
42,42,0
42,43,512
42,44,663
42,45,788
42,63,736
42,64,647
42,65,574
42,66,371
42,67,253
42,68,317
42,69,518
42,70,837
42,94,868
42,95,786
42,96,731
42,97,564
42,98,410
42,99,407
42,100,483
42,101,700
42,102,804
42,133,900
42,134,751
42,135,642
42,136,487
42,137,685
42,138,678
42,139,856
42,178,800
42,179,731
42,181,862
42,229,819
42,230,894
43,0,693
43,1,614
43,2,563
43,3,738
43,6,874
43,8,609
43,9,432
43,10,402
43,11,560
43,12,814
43,20,816
43,21,609
43,22,414
43,23,221
43,24,205
43,25,476
43,26,646
43,27,858
43,38,897
43,39,800
43,40,726
43,41,520
43,42,418
43,43,0
43,44,237
43,45,486
43,46,641
43,47,857
43,65,820
43,66,600
43,67,446
43,68,250
43,69,326
43,70,399
43,71,569
43,72,624
43,73,784
43,97,786
43,98,566
43,99,421
43,100,376
43,101,508
43,102,557
43,103,669
43,104,608
43,135,799
43,136,644
43,137,619
43,138,571
43,139,749
43,140,776
43,141,797
43,142,762
43,143,790
43,144,892
43,179,887
43,180,834
43,181,755
43,182,805
43,183,894
44,0,750
44,1,672
44,2,575
44,3,709
44,8,704
44,9,522
44,10,405
44,11,520
44,12,763
44,21,839
44,22,644
44,23,368
44,24,206
44,25,389
44,26,595
44,27,788
44,41,718
44,42,648
44,43,243
44,44,0
44,45,372
44,46,554
44,47,770
44,66,792
44,67,638
44,68,407
44,69,360
44,70,268
44,71,437
44,72,492
44,73,670
44,98,753
44,99,569
44,100,500
44,101,430
44,102,425
44,103,537
44,104,477
44,105,804
44,136,793
44,137,668
44,138,621
44,139,728
44,140,644
44,141,665
44,142,630
44,143,658
44,144,760
44,180,883
44,181,805
44,182,822
44,183,817
44,185,789
44,186,789
44,187,862
44,188,884
45,0,762
45,1,721
45,2,568
45,3,658
45,4,891
45,8,778
45,9,597
45,10,402
45,11,482
45,12,594
45,13,823
45,22,744
45,23,495
45,24,310
45,25,271
45,26,426
45,27,584
45,28,734
45,41,859
45,42,757
45,43,483
45,44,347
45,45,0
45,46,250
45,47,566
45,48,710
45,49,821
45,68,693
45,69,534
45,70,402
45,71,324
45,72,279
45,73,336
45,74,803
45,75,892
45,76,856
45,99,854
45,100,675
45,101,604
45,102,560
45,103,424
45,104,363
45,105,470
45,106,576
45,137,843
45,138,796
45,140,779
45,141,683
45,142,517
45,143,545
45,144,647
45,185,760
45,186,682
45,187,750
45,188,771
45,189,857
45,236,894
45,237,831
45,238,843
46,0,691
46,1,790
46,2,588
46,3,496
46,4,727
46,5,834
46,6,879
46,8,898
46,9,722
46,10,488
46,11,345
46,12,430
46,13,634
46,14,795
46,22,874
46,23,634
46,24,462
46,25,242
46,26,235
46,27,382
46,28,531
46,29,776
46,42,891
46,43,646
46,44,556
46,45,250
46,46,0
46,47,364
46,48,536
46,49,618
46,50,867
46,68,870
46,69,752
46,70,621
46,71,476
46,72,244
46,73,219
46,74,600
46,75,718
46,76,653
46,77,855
46,100,893
46,101,823
46,102,778
46,103,576
46,104,415
46,105,352
46,106,459
46,107,816
46,141,835
46,142,605
46,143,479
46,144,558
46,145,826
46,186,834
46,187,749
46,188,666
46,189,793
46,238,759
46,239,887
47,0,751
47,1,863
47,2,664
47,3,564
47,4,650
47,5,781
47,9,808
47,10,611
47,11,450
47,12,327
47,13,512
47,14,674
47,15,844
47,23,767
47,24,616
47,25,422
47,26,194
47,27,192
47,28,410
47,29,655
47,30,803
47,31,887
47,43,801
47,44,736
47,45,530
47,46,328
47,47,0
47,48,215
47,49,359
47,50,608
47,51,694
47,52,899
47,71,766
47,72,547
47,73,407
47,74,276
47,75,397
47,76,376
47,77,596
47,78,701
47,79,882
47,103,866
47,104,718
47,105,561
47,106,418
47,107,492
47,108,697
47,109,708
47,110,668
47,111,789
47,143,766
47,144,598
47,145,569
47,146,676
47,147,789
47,148,704
47,149,835
47,150,900
47,188,788
47,189,753
47,190,814
47,193,834
47,194,899
47,195,899
47,239,847
48,2,849
48,3,749
48,4,806
48,10,803
48,11,642
48,12,447
48,13,610
48,14,764
48,24,807
48,25,614
48,26,385
48,27,242
48,28,464
48,29,577
48,30,711
48,45,722
48,46,519
48,47,267
48,48,0
48,49,190
48,50,509
48,51,567
48,52,783
48,53,821
48,72,681
48,73,448
48,74,218
48,75,234
48,76,164
48,77,411
48,78,563
48,79,744
48,104,853
48,105,595
48,106,445
48,107,392
48,108,525
48,109,536
48,110,459
48,111,625
48,112,774
48,143,884
48,144,624
48,145,595
48,146,569
48,147,617
48,148,532
48,149,626
48,150,691
48,151,805
48,188,815
48,189,779
48,190,713
48,192,859
48,193,662
48,194,690
48,195,690
48,196,854
48,239,873
48,240,857
49,0,772
49,1,883
49,2,684
49,3,584
49,4,641
49,5,787
49,9,828
49,10,722
49,11,564
49,12,291
49,13,420
49,14,574
49,15,806
49,24,889
49,25,729
49,26,501
49,27,341
49,28,275
49,29,388
49,30,521
49,31,732
49,45,837
49,46,634
49,47,402
49,48,190
49,49,0
49,50,319
49,51,406
49,52,610
49,53,632
49,54,856
49,72,818
49,73,585
49,74,402
49,75,385
49,76,182
49,77,308
49,78,412
49,79,594
49,80,780
49,81,794
49,82,788
49,105,732
49,106,582
49,107,543
49,108,641
49,109,651
49,110,363
49,111,501
49,112,624
49,113,834
49,144,761
49,145,732
49,146,700
49,147,732
49,148,647
49,149,530
49,150,595
49,151,708
49,152,837
49,190,844
49,193,778
49,194,594
49,195,594
49,196,757
49,197,847
50,2,831
50,3,731
50,4,623
50,5,810
50,10,869
50,11,711
50,12,437
50,13,473
50,14,484
50,15,715
50,25,875
50,26,647
50,27,487
50,28,421
50,29,297
50,30,431
50,31,642
50,32,866
50,46,781
50,47,548
50,48,395
50,49,248
50,50,0
50,51,314
50,52,520
50,53,541
50,54,766
50,73,731
50,74,549
50,75,592
50,76,337
50,77,296
50,78,309
50,79,490
50,80,676
50,81,691
50,82,698
50,83,838
50,105,879
50,106,728
50,107,750
50,108,796
50,109,807
50,110,492
50,111,397
50,112,521
50,113,730
50,114,881
50,115,860
50,116,884
50,145,879
50,146,855
50,147,888
50,148,803
50,149,659
50,150,614
50,151,623
50,152,736
50,153,867
50,194,723
50,195,723
50,196,676
50,197,760
51,0,883
51,3,884
51,4,577
51,5,738
51,11,864
51,12,600
51,13,449
51,14,375
51,15,604
51,16,804
51,17,891
51,26,809
51,27,649
51,28,583
51,29,226
51,30,254
51,31,464
51,32,688
51,33,870
51,47,741
51,48,567
51,49,427
51,50,230
51,51,0
51,52,221
51,53,362
51,54,588
51,55,799
51,74,742
51,75,760
51,76,405
51,77,346
51,78,280
51,79,300
51,80,428
51,81,414
51,82,518
51,83,659
51,107,836
51,108,864
51,109,875
51,110,560
51,111,434
51,112,478
51,113,518
51,114,654
51,115,627
51,116,608
51,117,735
51,118,884
51,148,870
51,149,726
51,150,650
51,151,617
51,152,659
51,153,693
51,154,865
51,156,794
51,157,775
51,159,884
51,194,790
51,195,790
51,196,686
51,197,743
51,198,804
52,4,643
52,5,710
52,12,808
52,13,622
52,14,449
52,15,618
52,16,787
52,17,863
52,27,857
52,28,791
52,29,413
52,30,330
52,31,351
52,32,575
52,33,757
52,48,797
52,49,658
52,50,462
52,51,255
52,52,0
52,53,235
52,54,461
52,55,677
52,56,852
52,76,635
52,77,512
52,78,350
52,79,215
52,80,207
52,81,196
52,82,391
52,83,532
52,84,857
52,110,720
52,111,543
52,112,424
52,113,297
52,114,433
52,115,406
52,116,390
52,117,543
52,118,748
52,149,886
52,150,759
52,151,653
52,152,486
52,153,471
52,154,644
52,155,747
52,156,573
52,157,558
52,158,751
52,159,748
52,196,724
52,197,635
52,198,620
52,201,700
52,202,798
52,203,726
52,204,768
52,205,859
52,249,788
52,254,798
52,255,867
53,4,593
53,5,609
53,12,783
53,13,578
53,14,399
53,15,516
53,16,614
53,17,761
53,27,833
53,28,767
53,29,416
53,30,285
53,31,275
53,32,474
53,33,548
53,34,733
53,48,822
53,49,676
53,50,465
53,51,360
53,52,234
53,53,0
53,54,226
53,55,442
53,56,617
53,57,800
53,58,841
53,76,746
53,77,686
53,78,572
53,79,449
53,80,415
53,81,209
53,82,156
53,83,297
53,84,622
53,85,776
53,86,786
53,111,767
53,112,650
53,113,531
53,114,536
53,115,436
53,116,403
53,117,373
53,118,522
53,119,813
53,151,879
53,152,720
53,153,704
53,154,685
53,155,768
53,156,589
53,157,566
53,158,653
53,159,522
53,197,870
53,198,854
53,201,741
53,202,814
53,203,739
53,204,714
53,205,791
53,206,890
53,254,814
53,255,880
53,257,898
54,0,808
54,2,834
54,3,831
54,4,501
54,5,494
54,6,798
54,12,789
54,13,574
54,14,396
54,15,402
54,16,500
54,17,647
54,27,843
54,28,777
54,29,478
54,30,347
54,31,221
54,32,360
54,33,369
54,34,603
54,35,851
54,50,693
54,51,589
54,52,463
54,53,229
54,54,0
54,55,222
54,56,421
54,57,627
54,58,711
54,78,800
54,79,678
54,80,553
54,81,338
54,82,183
54,83,192
54,84,397
54,85,551
54,86,606
54,87,805
54,112,876
54,113,733
54,114,665
54,115,565
54,116,499
54,117,373
54,118,506
54,119,588
54,120,715
54,121,676
54,122,844
54,153,852
54,154,813
54,155,897
54,156,717
54,157,565
54,158,643
54,159,506
54,160,739
54,161,887
54,162,890
54,201,869
54,202,869
54,203,790
54,204,704
54,205,781
54,206,880
54,208,887
54,209,887
54,254,869
54,256,891
54,257,889
55,4,622
55,5,615
55,13,764
55,14,556
55,15,523
55,16,389
55,17,609
55,29,683
55,30,551
55,31,341
55,32,441
55,33,220
55,34,455
55,35,762
55,50,899
55,51,794
55,52,668
55,53,437
55,54,222
55,55,0
55,56,200
55,57,411
55,58,563
55,59,793
55,79,883
55,80,763
55,81,549
55,82,363
55,83,297
55,84,199
55,85,352
55,86,387
55,87,589
55,88,800
55,89,898
55,114,876
55,115,775
55,116,603
55,117,478
55,118,611
55,119,389
55,120,517
55,121,477
55,122,624
55,123,732
55,156,836
55,157,670
55,158,748
55,159,611
55,160,541
55,161,689
55,162,692
55,163,698
55,164,742
55,203,894
55,204,808
55,205,885
55,208,689
55,209,688
55,210,822
56,4,783
56,5,675
56,14,718
56,15,583
56,16,381
56,17,554
56,29,844
56,30,713
56,31,503
56,32,468
56,33,224
56,34,378
56,35,683
56,36,865
56,52,830
56,53,599
56,54,415
56,55,194
56,56,0
56,57,244
56,58,408
56,59,638
56,60,833
56,81,711
56,82,556
56,83,490
56,84,198
56,85,231
56,86,190
56,87,422
56,88,645
56,89,742
56,90,894
56,116,796
56,117,671
56,118,804
56,119,270
56,120,398
56,121,338
56,122,428
56,123,564
56,124,781
56,157,863
56,159,804
56,160,421
56,161,567
56,162,570
56,163,501
56,164,545
56,165,728
56,208,567
56,209,566
56,210,625
56,211,721
56,212,753
56,213,854
56,265,868
57,4,854
57,5,664
57,14,801
57,15,640
57,16,394
57,17,375
57,18,822
57,19,821
57,30,873
57,31,655
57,32,525
57,33,298
57,34,235
57,35,505
57,36,686
57,37,820
57,53,761
57,54,631
57,55,417
57,56,245
57,57,0
57,58,229
57,59,459
57,60,655
57,61,813
57,81,873
57,82,780
57,83,713
57,84,443
57,85,413
57,86,329
57,87,178
57,88,450
57,89,564
57,90,715
57,91,885
57,117,895
57,119,456
57,120,581
57,121,510
57,122,575
57,123,390
57,124,579
57,125,819
57,160,604
57,161,740
57,162,743
57,163,591
57,164,513
57,165,595
57,166,733
57,208,740
57,209,740
57,210,693
57,211,738
57,212,715
57,213,812
57,265,886
58,5,784
58,7,748
58,15,813
58,16,560
58,17,496
58,18,593
58,19,592
58,31,828
58,32,697
58,33,470
58,34,389
58,35,464
58,36,457
58,37,590
58,38,884
58,54,803
58,55,690
58,56,536
58,57,356
58,58,0
58,59,230
58,60,426
58,61,583
58,62,697
58,63,866
58,84,735
58,85,705
58,86,621
58,87,474
58,88,237
58,89,335
58,90,486
58,91,656
58,92,774
58,119,747
58,120,872
58,121,802
58,122,736
58,123,438
58,124,432
58,125,590
58,126,693
58,127,836
58,128,828
58,160,896
58,163,740
58,164,616
58,165,585
58,166,638
58,167,774
58,168,859
58,210,827
58,211,769
58,212,727
58,213,743
58,214,836
59,5,826
59,7,650
59,8,835
59,15,854
59,16,601
59,17,537
59,18,495
59,19,493
59,31,869
59,32,738
59,33,512
59,34,430
59,35,365
59,36,358
59,37,492
59,38,786
59,54,845
59,55,731
59,56,578
59,57,397
59,58,386
59,59,0
59,60,327
59,61,485
59,62,599
59,63,767
59,84,776
59,85,746
59,86,663
59,87,493
59,88,244
59,89,236
59,90,388
59,91,558
59,92,675
59,93,823
59,119,789
59,121,843
59,122,753
59,123,448
59,124,309
59,125,491
59,126,594
59,127,738
59,128,729
59,129,864
59,163,757
59,164,633
59,165,508
59,166,515
59,167,676
59,168,760
59,169,893
59,170,863
59,210,845
59,211,779
59,212,668
59,213,620
59,214,713
59,215,875
59,265,879
59,266,869
59,267,822
60,16,863
60,17,799
60,18,759
60,19,758
60,21,864
60,33,774
60,34,692
60,35,629
60,36,622
60,37,756
60,38,625
60,39,684
60,40,825
60,56,840
60,57,659
60,58,648
60,59,264
60,60,0
60,61,220
60,62,334
60,63,503
60,64,693
60,87,757
60,88,508
60,89,500
60,90,212
60,91,359
60,92,410
60,93,558
60,94,732
60,95,862
60,123,712
60,124,573
60,125,349
60,126,429
60,127,562
60,128,508
60,129,610
60,130,782
60,131,866
60,164,897
60,165,772
60,166,779
60,167,510
60,168,595
60,169,728
60,170,685
60,171,741
60,172,802
60,213,884
60,214,803
60,215,733
60,216,899
60,217,868
60,219,823
61,19,880
61,20,889
61,21,843
61,34,847
61,35,784
61,36,777
61,38,604
61,39,663
61,40,805
61,57,814
61,58,802
61,59,419
61,60,220
61,61,0
61,62,313
61,63,482
61,64,672
61,65,893
61,88,663
61,89,655
61,90,198
61,91,244
61,92,194
61,93,537
61,94,711
61,95,841
61,123,867
61,124,728
61,125,399
61,126,388
61,127,466
61,128,381
61,129,394
61,130,761
61,131,845
61,167,481
61,168,553
61,169,682
61,170,570
61,171,627
61,172,625
61,173,734
61,214,853
61,215,713
61,216,853
61,217,822
61,218,805
61,219,708
61,220,805
61,221,806
61,222,887
61,274,855
62,1,811
62,7,703
62,8,733
62,18,759
62,19,603
62,20,611
62,21,565
62,35,899
62,36,780
62,37,761
62,38,327
62,39,386
62,40,527
62,41,762
62,59,534
62,60,335
62,61,282
62,62,0
62,63,204
62,64,395
62,65,616
62,66,664
62,67,837
62,88,778
62,89,770
62,90,425
62,91,506
62,92,453
62,93,224
62,94,423
62,95,564
62,96,783
62,97,847
62,98,882
62,124,843
62,125,619
62,126,649
62,127,728
62,128,639
62,129,637
62,130,489
62,131,567
62,132,736
62,167,730
62,168,814
62,170,832
62,171,831
62,172,700
62,173,652
62,174,799
62,220,860
62,221,749
62,222,805
62,276,895
63,0,827
63,1,659
63,2,883
63,6,805
63,7,551
63,8,581
63,9,818
63,18,607
63,19,451
63,20,459
63,21,413
63,22,863
63,36,628
63,37,609
63,38,230
63,39,234
63,40,370
63,41,605
63,42,783
63,59,687
63,60,488
63,61,435
63,62,189
63,63,0
63,64,238
63,65,459
63,66,507
63,67,680
63,68,884
63,90,579
63,91,659
63,92,606
63,93,226
63,94,257
63,95,407
63,96,626
63,97,689
63,98,725
63,99,856
63,125,772
63,126,802
63,127,881
63,128,793
63,129,688
63,130,491
63,131,410
63,132,579
63,133,795
63,134,825
63,167,884
63,171,881
63,172,751
63,173,642
63,174,642
63,175,769
63,221,802
63,222,761
63,223,873
63,277,895
64,1,808
64,7,700
64,8,730
64,18,756
64,19,600
64,20,388
64,21,318
64,22,848
64,23,829
64,36,777
64,37,758
64,38,393
64,39,204
64,40,223
64,41,458
64,42,657
64,59,870
64,60,671
64,61,618
64,62,372
64,63,191
64,64,0
64,65,227
64,66,360
64,67,533
64,68,737
64,90,761
64,91,842
64,92,789
64,93,383
64,94,272
64,95,213
64,96,427
64,97,461
64,98,508
64,99,669
64,100,857
64,129,833
64,130,486
64,131,405
64,132,385
64,133,596
64,134,625
64,135,688
64,136,714
64,172,874
64,173,637
64,174,561
64,175,575
64,176,870
64,177,784
64,178,833
64,179,817
64,221,836
64,222,756
64,223,771
64,224,828
64,277,890
64,278,895
65,7,898
65,9,846
65,19,798
65,20,526
65,21,368
65,22,783
65,23,765
65,38,606
65,39,389
65,40,223
65,41,385
65,42,584
65,43,841
65,60,898
65,61,845
65,62,599
65,63,418
65,64,227
65,65,0
65,66,222
65,67,443
65,68,631
65,69,834
65,93,535
65,94,362
65,95,260
65,96,334
65,97,304
65,98,351
65,99,512
65,100,702
65,130,561
65,131,480
65,132,420
65,133,503
65,134,479
65,135,531
65,136,557
65,137,755
65,138,888
65,173,712
65,174,622
65,175,613
65,176,724
65,177,638
65,178,687
65,179,659
65,222,831
65,223,822
65,224,879
65,226,814
65,227,840
65,228,899
65,229,888
65,281,889
66,1,845
66,2,807
66,8,788
66,9,656
66,10,716
66,19,826
66,20,553
66,21,347
66,22,593
66,23,574
66,24,727
66,38,634
66,39,435
66,40,227
66,41,186
66,42,380
66,43,619
66,44,801
66,62,662
66,63,482
66,64,354
66,65,220
66,66,0
66,67,222
66,68,409
66,69,612
66,93,673
66,94,515
66,95,432
66,96,369
66,97,192
66,98,223
66,99,375
66,100,529
66,101,794
66,102,898
66,130,717
66,131,636
66,132,592
66,133,538
66,134,487
66,135,403
66,136,420
66,137,618
66,138,737
66,173,868
66,174,792
66,175,778
66,176,759
66,177,673
66,178,561
66,179,532
66,180,837
66,181,807
66,226,849
66,227,786
66,228,773
66,229,752
66,230,827
66,284,885
67,0,807
67,1,728
67,2,690
67,3,866
67,8,671
67,9,540
67,10,600
67,11,800
67,19,852
67,20,580
67,21,373
67,22,477
67,23,458
67,24,606
67,25,863
67,38,660
67,39,556
67,40,338
67,41,199
67,42,263
67,43,447
67,44,635
67,45,896
67,62,836
67,63,656
67,64,528
67,65,431
67,66,211
67,67,0
67,68,252
67,69,452
67,70,778
67,93,847
67,94,726
67,95,643
67,96,581
67,97,403
67,98,220
67,99,227
67,100,375
67,101,634
67,102,738
67,131,847
67,132,802
67,133,750
67,134,558
67,135,449
67,136,307
67,137,505
67,138,583
67,139,761
67,140,832
67,177,746
67,178,607
67,179,551
67,180,725
67,181,694
67,182,816
67,227,832
67,228,804
67,229,639
67,230,714
67,231,871
67,284,797
67,285,830
68,0,817
68,1,720
68,2,687
68,3,862
68,8,649
68,9,556
68,10,526
68,11,714
68,20,714
68,21,507
68,22,434
68,23,345
68,24,402
68,25,679
68,26,828
68,38,794
68,39,697
68,40,533
68,41,333
68,42,372
68,43,237
68,44,392
68,45,684
68,46,844
68,63,849
68,64,722
68,65,619
68,66,399
68,67,245
68,68,0
68,69,204
68,70,529
68,71,696
68,72,752
68,95,831
68,96,759
68,97,585
68,98,365
68,99,206
68,100,217
68,101,385
68,102,489
68,103,796
68,104,736
68,134,706
68,135,597
68,136,429
68,137,459
68,138,412
68,139,590
68,140,661
68,141,743
68,142,890
68,177,894
68,178,755
68,179,673
68,180,674
68,181,595
68,182,645
68,183,735
68,185,832
68,186,885
68,229,761
68,230,769
68,231,763
68,232,815
68,285,888
69,1,888
69,2,836
69,8,823
69,9,720
69,10,675
69,11,808
69,21,711
69,22,608
69,23,509
69,24,467
69,25,676
69,26,883
69,40,738
69,41,538
69,42,576
69,43,331
69,44,382
69,45,513
69,46,731
69,65,831
69,66,611
69,67,457
69,68,227
69,69,0
69,70,358
69,71,525
69,72,580
69,73,778
69,97,783
69,98,556
69,99,372
69,100,193
69,101,268
69,102,364
69,103,625
69,104,565
69,134,897
69,135,789
69,136,580
69,137,435
69,138,388
69,139,565
69,140,590
69,141,618
69,142,719
69,143,746
69,144,848
69,179,840
69,180,650
69,181,571
69,182,621
69,183,710
69,184,859
69,185,741
69,186,760
69,229,880
69,230,745
69,231,739
69,232,791
69,236,883
69,285,863
70,1,826
70,2,774
70,8,858
70,9,677
70,10,613
70,11,746
70,22,798
70,23,522
70,24,405
70,25,614
70,26,821
70,41,850
70,42,802
70,43,397
70,44,320
70,45,453
70,46,672
70,67,769
70,68,539
70,69,364
70,70,0
70,71,465
70,72,521
70,73,718
70,98,869
70,99,684
70,100,505
70,101,370
70,102,202
70,103,563
70,104,505
70,105,852
70,136,818
70,137,673
70,138,587
70,139,566
70,140,421
70,141,442
70,142,656
70,143,687
70,144,789
70,180,888
70,181,739
70,182,660
70,183,594
70,184,684
70,185,566
70,186,584
70,187,888
70,231,855
70,232,777
70,233,811
70,234,841
70,235,760
70,236,708
70,237,746
70,292,896
70,293,861
71,1,841
71,2,763
71,3,838
71,8,872
71,9,691
71,10,598
71,11,678
71,12,774
71,22,813
71,23,537
71,24,420
71,25,451
71,26,606
71,27,764
71,41,868
71,42,816
71,43,412
71,44,335
71,45,212
71,46,430
71,47,746
71,48,850
71,67,787
71,68,558
71,69,382
71,70,251
71,71,0
71,72,279
71,73,476
71,98,887
71,99,703
71,100,523
71,101,452
71,102,408
71,103,167
71,104,263
71,105,610
71,106,716
71,136,836
71,137,691
71,138,644
71,139,750
71,140,627
71,141,583
71,142,359
71,143,445
71,144,547
71,145,807
71,181,827
71,182,844
71,183,800
71,184,825
71,185,660
71,186,582
71,187,591
71,188,671
71,189,757
71,235,895
71,236,793
71,237,731
71,238,743
71,239,850
71,293,888
72,2,788
72,3,716
72,9,838
72,10,643
72,11,565
72,12,649
72,13,854
72,23,735
72,24,551
72,25,408
72,26,455
72,27,601
72,28,751
72,43,653
72,44,575
72,45,279
72,46,244
72,47,555
72,48,625
72,49,769
72,68,798
72,69,623
72,70,491
72,71,270
72,72,0
72,73,251
72,74,720
72,75,807
72,76,785
72,100,763
72,101,693
72,102,608
72,103,370
72,104,177
72,105,385
72,106,491
72,138,884
72,140,736
72,141,629
72,142,367
72,143,342
72,144,444
72,145,703
72,146,820
72,184,870
72,185,706
72,186,628
72,187,588
72,188,567
72,189,654
72,236,839
72,237,777
72,238,640
72,239,747
72,295,867
73,0,866
73,2,763
73,3,671
73,4,826
73,9,895
73,10,663
73,11,520
73,12,509
73,13,713
73,14,875
73,23,792
73,24,608
73,25,417
73,26,348
73,27,448
73,28,610
73,29,852
73,43,780
73,44,644
73,45,336
73,46,219
73,47,321
73,48,391
73,49,535
73,50,784
73,51,870
73,69,798
73,70,667
73,71,507
73,72,251
73,73,0
73,74,486
73,75,573
73,76,552
73,77,772
73,78,877
73,101,869
73,102,824
73,103,607
73,104,422
73,105,245
73,106,249
73,107,702
73,108,873
73,109,884
73,110,844
73,141,866
73,142,612
73,143,468
73,144,399
73,145,616
73,146,732
73,148,880
73,186,866
73,187,737
73,188,538
73,189,584
73,190,870
73,238,747
73,239,677
73,240,828
73,295,808
74,3,835
74,4,897
74,10,862
74,11,713
74,12,539
74,13,720
74,14,882
74,24,836
74,25,616
74,26,465
74,27,333
74,28,574
74,29,737
74,30,871
74,44,882
74,45,574
74,46,456
74,47,354
74,48,218
74,49,408
74,50,669
74,51,756
74,71,745
74,72,489
74,73,255
74,74,0
74,75,212
74,76,378
74,77,627
74,78,762
74,103,845
74,104,660
74,105,421
74,106,271
74,107,220
74,108,700
74,109,711
74,110,675
74,111,841
74,142,850
74,143,705
74,144,450
74,145,393
74,146,429
74,147,768
74,148,706
74,149,842
74,188,640
74,189,605
74,190,574
74,191,766
74,192,858
74,193,731
74,239,699
74,240,718
74,241,779
74,242,895
74,295,830
74,296,893
75,11,821
75,12,625
75,13,755
75,14,881
75,25,792
75,26,564
75,27,421
75,28,609
75,29,695
75,30,821
75,45,785
75,46,668
75,47,446
75,48,233
75,49,335
75,50,591
75,51,591
75,52,808
75,72,701
75,73,467
75,74,212
75,75,0
75,76,187
75,77,435
75,78,587
75,79,768
75,104,872
75,105,617
75,106,466
75,107,249
75,108,491
75,109,502
75,110,483
75,111,650
75,112,798
75,143,875
75,144,646
75,145,440
75,146,400
75,147,582
75,148,497
75,149,650
75,150,715
75,151,829
75,188,806
75,189,708
75,190,545
75,191,737
75,192,825
75,193,628
75,194,705
75,195,705
75,196,878
75,239,865
75,240,689
75,241,750
75,242,866
75,296,864
75,297,890
76,2,838
76,3,738
76,4,795
76,10,876
76,11,718
76,12,445
76,13,574
76,14,699
76,25,787
76,26,559
76,27,415
76,28,429
76,29,513
76,30,639
76,31,851
76,45,895
76,46,692
76,47,440
76,48,173
76,49,154
76,50,409
76,51,409
76,52,625
76,53,750
76,72,855
76,73,621
76,74,391
76,75,366
76,76,0
76,77,253
76,78,405
76,79,586
76,80,772
76,81,786
76,105,768
76,106,618
76,107,431
76,108,459
76,109,470
76,110,301
76,111,468
76,112,616
76,113,826
76,144,778
76,145,558
76,146,518
76,147,551
76,148,465
76,149,468
76,150,533
76,151,647
76,152,775
76,189,826
76,190,663
76,191,855
76,192,793
76,193,596
76,194,532
76,195,532
76,196,696
76,197,785
76,240,807
76,241,868
76,242,898
77,3,829
77,4,813
77,11,809
77,12,536
77,13,663
77,14,674
77,26,746
77,27,586
77,28,520
77,29,488
77,30,610
77,31,822
77,46,880
77,47,647
77,48,405
77,49,266
77,50,380
77,51,380
77,52,547
77,53,721
77,73,830
77,74,623
77,75,599
77,76,244
77,77,0
77,78,193
77,79,374
77,80,550
77,81,651
77,82,877
77,106,827
77,107,675
77,108,703
77,109,605
77,110,214
77,111,231
77,112,379
77,113,598
77,114,749
77,115,728
77,116,845
77,145,801
77,146,762
77,147,794
77,148,703
77,149,381
77,150,335
77,151,431
77,152,547
77,153,701
77,193,834
77,194,445
77,195,445
77,196,480
77,197,569
77,198,752
78,4,828
78,12,639
78,13,678
78,14,689
78,26,849
78,27,689
78,28,623
78,29,502
78,30,602
78,31,690
78,47,750
78,48,553
78,49,414
78,50,395
78,51,348
78,52,387
78,53,585
78,54,811
78,74,751
78,75,747
78,76,392
78,77,193
78,78,0
78,79,182
78,80,375
78,81,491
78,82,742
78,83,882
78,107,823
78,108,851
78,109,762
78,110,371
78,111,201
78,112,212
78,113,422
78,114,573
78,115,552
78,116,684
78,117,837
78,148,857
78,149,538
78,150,417
78,151,351
78,152,446
78,153,577
78,154,783
78,155,891
78,156,731
78,157,846
78,194,602
78,195,602
78,196,420
78,197,477
78,198,628
78,201,839
78,249,796
79,4,825
79,12,820
79,13,697
79,14,623
79,15,822
79,27,870
79,28,804
79,29,474
79,30,502
79,31,555
79,32,779
79,48,735
79,49,595
79,50,478
79,51,248
79,52,252
79,53,450
79,54,676
79,55,890
79,76,573
79,77,374
79,78,182
79,79,0
79,80,248
79,81,355
79,82,606
79,83,747
79,110,552
79,111,375
79,112,256
79,113,296
79,114,446
79,115,426
79,116,549
79,117,702
79,149,719
79,150,592
79,151,485
79,152,424
79,153,479
79,154,656
79,155,764
79,156,604
79,157,710
79,194,781
79,195,781
79,196,557
79,197,520
79,198,558
79,201,713
79,202,829
79,203,780
79,249,726
79,250,881
79,254,829
80,4,823
80,13,793
80,14,621
80,15,815
80,29,584
80,30,500
80,31,547
80,32,772
80,33,878
80,49,780
80,50,629
80,51,399
80,52,244
80,53,371
80,54,556
80,55,771
80,76,757
80,77,550
80,78,374
80,79,248
80,80,0
80,81,224
80,82,486
80,83,627
80,110,663
80,111,477
80,112,323
80,113,180
80,114,233
80,115,209
80,116,344
80,117,557
80,118,761
80,149,830
80,150,694
80,151,556
80,152,369
80,153,309
80,154,444
80,155,547
80,156,387
80,157,480
80,158,706
80,159,761
80,194,883
80,195,883
80,196,624
80,197,519
80,198,503
80,201,500
80,202,613
80,203,564
80,204,684
80,205,814
80,249,671
80,250,826
80,251,891
80,254,613
80,255,705
80,256,768
80,257,832
80,306,859
81,4,752
81,5,745
81,13,789
81,14,612
81,15,653
81,16,750
81,17,898
81,29,580
81,30,496
81,31,471
81,32,610
81,33,684
81,34,869
81,49,791
81,50,628
81,51,410
81,52,232
81,53,213
81,54,362
81,55,578
81,56,754
81,76,769
81,77,645
81,78,484
81,79,348
81,80,215
81,81,0
81,82,293
81,83,433
81,84,759
81,110,853
81,111,677
81,112,538
81,113,395
81,114,327
81,115,227
81,116,193
81,117,346
81,118,551
81,150,893
81,151,771
81,152,584
81,153,514
81,154,475
81,155,559
81,156,380
81,157,361
81,158,554
81,159,551
81,196,839
81,197,733
81,198,718
81,201,532
81,202,605
81,203,530
81,204,572
81,205,662
81,206,761
81,207,872
81,249,886
81,254,605
81,255,671
81,256,711
81,257,720
81,258,872
81,259,893
82,4,684
82,5,677
82,13,729
82,14,551
82,15,585
82,16,679
82,17,830
82,29,570
82,30,436
82,31,403
82,32,542
82,33,510
82,34,744
82,49,830
82,50,618
82,51,514
82,52,383
82,53,157
82,54,183
82,55,363
82,56,562
82,57,768
82,58,853
82,76,899
82,77,840
82,78,723
82,79,598
82,80,469
82,81,254
82,82,0
82,83,209
82,84,538
82,85,692
82,86,747
82,112,793
82,113,649
82,114,581
82,115,481
82,116,373
82,117,278
82,118,427
82,119,729
82,120,857
82,121,817
82,152,838
82,153,769
82,154,730
82,155,797
82,156,606
82,157,470
82,158,558
82,159,427
82,160,880
82,201,786
82,202,774
82,203,695
82,204,618
82,205,695
82,206,794
82,254,774
82,255,832
82,256,805
82,257,803
83,4,692
83,5,686
83,13,747
83,14,569
83,15,594
83,16,612
83,17,818
83,29,623
83,30,463
83,31,412
83,32,551
83,33,443
83,34,678
83,50,764
83,51,660
83,52,533
83,53,300
83,54,192
83,55,297
83,56,496
83,57,702
83,58,786
83,78,872
83,79,748
83,80,619
83,81,404
83,82,207
83,83,0
83,84,472
83,85,625
83,86,681
83,87,879
83,113,799
83,114,731
83,115,590
83,116,355
83,117,218
83,118,322
83,119,662
83,120,790
83,121,750
83,154,879
83,155,780
83,156,588
83,157,421
83,158,460
83,159,322
83,160,813
83,202,725
83,203,646
83,204,520
83,205,597
83,206,696
83,207,806
83,254,725
83,255,784
83,256,707
83,257,705
83,258,806
83,259,827
84,4,804
84,5,775
84,14,738
84,15,683
84,16,496
84,17,716
84,29,865
84,30,734
84,31,523
84,32,568
84,33,324
84,34,545
84,35,863
84,52,851
84,53,619
84,54,397
84,55,199
84,56,198
84,57,443
84,58,606
84,59,836
84,81,731
84,82,538
84,83,472
84,84,0
84,85,215
84,86,388
84,87,620
84,88,843
84,116,778
84,117,653
84,118,786
84,119,248
84,120,376
84,121,377
84,122,625
84,123,762
84,157,845
84,159,786
84,160,399
84,161,551
84,162,554
84,163,698
84,164,742
84,208,551
84,209,551
84,210,822
85,14,892
85,15,812
85,16,610
85,17,724
85,30,887
85,31,677
85,32,696
85,33,453
85,34,583
85,35,853
85,53,773
85,54,551
85,55,352
85,56,231
85,57,414
85,58,578
85,59,808
85,81,884
85,82,692
85,83,625
85,84,215
85,85,0
85,86,252
85,87,551
85,88,769
85,117,806
85,119,82
85,120,172
85,121,200
85,122,453
85,123,661
85,124,878
85,160,195
85,161,358
85,162,361
85,163,527
85,164,570
85,165,753
85,208,358
85,209,357
85,210,650
85,211,746
85,212,779
85,213,879
85,265,893
86,5,830
86,14,896
86,15,737
86,16,532
86,17,646
86,30,891
86,31,681
86,32,622
86,33,376
86,34,505
86,35,775
86,53,777
86,54,593
86,55,371
86,56,190
86,57,336
86,58,500
86,59,729
86,81,888
86,82,734
86,83,667
86,84,388
86,85,253
86,86,0
86,87,465
86,88,681
86,89,834
86,117,849
86,119,311
86,120,367
86,121,228
86,122,286
86,123,503
86,124,789
86,160,390
86,161,477
86,162,480
86,163,360
86,164,403
86,165,586
86,166,830
86,208,477
86,209,476
86,210,483
86,211,579
86,212,612
86,213,712
86,264,852
86,265,726
86,266,821
86,325,880
87,5,835
87,15,812
87,16,565
87,17,547
87,31,827
87,32,696
87,33,470
87,34,406
87,35,676
87,36,783
87,54,802
87,55,595
87,56,423
87,57,178
87,58,401
87,59,556
87,60,752
87,83,891
87,84,621
87,85,535
87,86,451
87,87,0
87,88,282
87,89,661
87,90,813
87,119,577
87,120,702
87,121,632
87,122,453
87,123,238
87,124,411
87,160,726
87,161,862
87,162,865
87,163,458
87,164,380
87,165,461
87,166,599
87,208,862
87,209,861
87,210,559
87,211,605
87,212,582
87,213,679
87,214,787
87,264,878
87,265,752
87,266,841
87,267,869
88,5,860
88,7,801
88,15,889
88,16,636
88,17,572
88,18,646
88,19,645
88,32,773
88,33,546
88,34,465
88,35,517
88,36,510
88,37,643
88,54,879
88,55,766
88,56,612
88,57,432
88,58,420
88,59,283
88,60,479
88,61,636
88,62,750
88,84,811
88,85,780
88,86,697
88,87,313
88,88,0
88,89,388
88,90,539
88,91,709
88,92,827
88,119,823
88,121,771
88,122,566
88,123,256
88,124,219
88,125,643
88,126,746
88,127,889
88,128,881
88,163,570
88,164,446
88,165,367
88,166,425
88,167,827
88,210,657
88,211,586
88,212,509
88,213,530
88,214,623
88,264,811
88,265,686
88,266,732
88,267,732
88,268,850
88,325,791
88,326,818
89,7,693
89,8,878
89,16,764
89,17,633
89,18,538
89,19,537
89,33,674
89,34,593
89,35,408
89,36,401
89,37,535
89,38,829
89,55,894
89,56,740
89,57,560
89,58,548
89,59,163
89,60,370
89,61,528
89,62,642
89,63,811
89,86,825
89,87,656
89,88,407
89,89,0
89,90,431
89,91,601
89,92,718
89,93,866
89,123,611
89,124,472
89,125,534
89,126,638
89,127,781
89,128,772
89,164,796
89,165,670
89,166,678
89,167,719
89,168,803
89,212,831
89,213,783
89,214,876
90,17,862
90,18,821
90,19,820
90,33,836
90,34,755
90,35,692
90,36,685
90,37,819
90,38,718
90,39,776
90,57,722
90,58,710
90,59,327
90,60,224
90,61,198
90,62,427
90,63,595
90,64,786
90,87,820
90,88,571
90,89,563
90,90,0
90,91,215
90,92,371
90,93,650
90,94,825
90,123,775
90,124,636
90,125,255
90,126,256
90,127,369
90,128,420
90,129,555
90,130,875
90,165,834
90,166,842
90,167,337
90,168,421
90,169,555
90,170,494
90,171,631
90,172,810
90,214,709
90,215,581
90,216,726
90,217,695
90,218,809
90,219,713
90,220,809
90,267,868
90,268,807
90,269,833
90,270,881
90,272,889
90,274,859
91,35,846
91,36,839
91,38,809
91,39,868
91,57,876
91,58,864
91,59,481
91,60,351
91,61,242
91,62,518
91,63,687
91,64,877
91,88,725
91,89,717
91,90,215
91,91,0
91,92,211
91,93,742
91,94,839
91,124,790
91,125,383
91,126,189
91,127,230
91,128,212
91,129,393
91,167,395
91,168,316
91,169,445
91,170,337
91,171,423
91,172,614
91,173,776
91,214,811
91,215,487
91,216,617
91,217,586
91,218,601
91,219,504
91,220,600
91,221,800
91,269,760
91,270,772
91,271,830
91,272,779
91,273,722
91,274,651
91,275,812
91,332,862
91,334,845
92,38,775
92,39,834
92,59,592
92,60,393
92,61,194
92,62,484
92,63,653
92,64,843
92,88,836
92,89,828
92,90,371
92,91,213
92,92,0
92,93,604
92,94,646
92,95,767
92,125,572
92,126,394
92,127,337
92,128,223
92,129,200
92,130,777
92,131,723
92,167,600
92,168,504
92,169,566
92,170,433
92,171,489
92,172,462
92,173,571
92,174,784
92,215,675
92,216,759
92,217,728
92,218,667
92,219,570
92,220,667
92,221,643
92,222,723
92,272,882
92,273,789
92,274,717
92,275,814
92,276,791
92,277,871
93,1,864
93,7,756
93,8,785
93,18,812
93,19,656
93,20,664
93,21,618
93,36,833
93,37,814
93,38,398
93,39,438
93,40,545
93,41,780
93,59,755
93,60,556
93,61,503
93,62,224
93,63,226
93,64,389
93,65,524
93,66,676
93,67,855
93,90,647
93,91,727
93,92,619
93,93,0
93,94,248
93,95,433
93,96,652
93,97,758
93,98,805
93,125,840
93,126,870
93,127,879
93,128,653
93,129,464
93,130,319
93,131,427
93,132,605
93,133,820
93,134,850
93,170,754
93,171,658
93,172,527
93,173,482
93,174,658
93,175,795
93,219,826
93,220,690
93,221,579
93,222,634
93,223,861
93,274,890
93,275,778
93,276,725
93,277,782
94,1,873
94,7,765
94,8,794
94,18,820
94,19,665
94,20,653
94,21,602
94,36,841
94,37,822
94,38,443
94,39,427
94,40,508
94,41,727
94,60,705
94,61,652
94,62,391
94,63,224
94,64,329
94,65,414
94,66,565
94,67,786
94,90,795
94,91,876
94,92,719
94,93,215
94,94,0
94,95,219
94,96,435
94,97,563
94,98,694
94,99,856
94,128,753
94,129,564
94,130,292
94,131,211
94,132,388
94,133,603
94,134,633
94,135,730
94,136,854
94,170,854
94,171,758
94,172,627
94,173,443
94,174,442
94,175,578
94,176,878
94,177,792
94,178,841
94,179,858
94,220,753
94,221,642
94,222,561
94,223,673
94,224,830
94,275,841
94,276,788
94,277,696
94,278,868
95,19,806
95,20,577
95,21,479
95,38,613
95,39,393
95,40,384
95,41,596
95,42,796
95,60,891
95,61,837
95,62,591
95,63,411
95,64,230
95,65,260
95,66,434
95,67,655
95,68,842
95,92,878
95,93,453
95,94,238
95,95,0
95,96,231
95,97,359
95,98,544
95,99,724
95,129,723
95,130,324
95,131,232
95,132,192
95,133,400
95,134,429
95,135,525
95,136,650
95,137,848
95,172,701
95,173,464
95,174,368
95,175,382
95,176,674
95,177,588
95,178,637
95,179,654
95,220,775
95,221,663
95,222,583
95,223,578
95,224,635
95,226,764
95,227,790
95,228,849
95,275,863
95,276,810
95,277,717
95,278,702
95,279,824
95,281,839
96,20,726
96,21,568
96,38,806
96,39,585
96,40,459
96,41,547
96,42,746
96,62,787
96,63,607
96,64,422
96,65,339
96,66,380
96,67,601
96,68,780
96,93,648
96,94,433
96,95,226
96,96,0
96,97,227
96,98,412
96,99,609
96,100,787
96,129,877
96,130,456
96,131,318
96,132,233
96,133,236
96,134,213
96,135,328
96,136,519
96,137,716
96,172,786
96,173,549
96,174,435
96,175,419
96,176,457
96,177,371
96,178,421
96,179,441
96,220,860
96,221,749
96,222,664
96,223,632
96,224,632
96,225,698
96,226,547
96,227,574
96,228,633
96,229,844
96,276,895
96,277,798
96,278,756
96,279,741
96,280,791
96,281,622
96,282,719
96,283,889
96,284,835
96,340,820
97,9,848
97,20,746
97,21,539
97,22,785
97,23,767
97,38,826
97,39,615
97,40,415
97,41,379
97,42,572
97,43,795
97,62,834
97,63,654
97,64,462
97,65,303
97,66,192
97,67,403
97,68,584
97,69,783
97,93,770
97,94,579
97,95,372
97,96,217
97,97,0
97,98,217
97,99,413
97,100,603
97,101,839
97,130,626
97,131,528
97,132,449
97,133,386
97,134,304
97,135,242
97,136,339
97,137,537
97,138,722
97,173,760
97,174,642
97,175,626
97,176,607
97,177,499
97,178,435
97,179,407
97,180,757
97,181,726
97,182,872
97,222,870
97,223,839
97,224,838
97,225,848
97,226,692
97,227,631
97,228,648
97,229,664
97,230,739
97,281,772
97,282,827
97,284,759
97,285,855
98,2,884
98,8,865
98,9,733
98,10,793
98,20,731
98,21,525
98,22,670
98,23,651
98,24,744
98,38,812
98,39,649
98,40,431
98,41,351
98,42,457
98,43,585
98,44,767
98,62,877
98,63,697
98,64,509
98,65,349
98,66,223
98,67,220
98,68,375
98,69,574
98,70,896
98,93,817
98,94,644
98,95,558
98,96,403
98,97,248
98,98,0
98,99,204
98,100,393
98,101,669
98,102,855
98,130,812
98,131,714
98,132,632
98,133,547
98,134,350
98,135,242
98,136,246
98,137,444
98,138,580
98,139,758
98,140,829
98,174,803
98,175,787
98,176,752
98,177,538
98,178,400
98,179,371
98,180,664
98,181,633
98,182,774
98,226,731
98,227,625
98,228,612
98,229,571
98,230,646
98,231,810
98,281,889
98,282,850
98,283,868
98,284,724
98,285,762
99,2,876
99,8,838
99,9,745
99,10,715
99,20,811
99,21,604
99,22,623
99,23,534
99,24,591
99,25,861
99,38,891
99,39,794
99,40,581
99,41,430
99,42,469
99,43,420
99,44,575
99,45,851
99,63,856
99,64,667
99,65,508
99,66,382
99,67,260
99,68,205
99,69,372
99,70,696
99,71,863
99,94,802
99,95,720
99,96,595
99,97,428
99,98,201
99,99,0
99,100,191
99,101,475
99,102,655
99,132,824
99,133,739
99,134,542
99,135,434
99,136,225
99,137,344
99,138,385
99,139,563
99,140,635
99,141,839
99,177,730
99,178,563
99,179,468
99,180,559
99,181,517
99,182,607
99,183,708
99,184,899
99,185,806
99,227,785
99,228,721
99,229,557
99,230,632
99,231,684
99,232,756
99,283,870
99,284,715
99,285,748
99,286,894
99,287,890
99,346,892
100,2,897
100,8,866
100,9,766
100,10,736
100,20,880
100,21,673
100,22,651
100,23,555
100,24,548
100,25,819
100,39,864
100,40,700
100,41,500
100,42,538
100,43,377
100,44,532
100,45,668
100,46,886
100,64,842
100,65,683
100,66,547
100,67,393
100,68,217
100,69,193
100,70,513
100,71,680
100,72,735
100,95,895
100,96,770
100,97,603
100,98,376
100,99,191
100,100,0
100,101,315
100,102,472
100,103,780
100,104,720
100,134,717
100,135,608
100,136,410
100,137,265
100,138,226
100,139,404
100,140,475
100,141,680
100,142,873
100,178,755
100,179,660
100,180,480
100,181,410
100,182,460
100,183,549
100,184,739
100,185,646
100,186,833
100,228,875
100,229,711
100,230,575
100,231,577
100,232,629
100,233,746
100,234,807
100,235,815
100,236,842
100,284,869
100,285,694
100,286,837
100,287,773
100,346,900
101,9,862
101,10,799
101,21,887
101,22,783
101,23,685
101,24,591
101,25,800
101,41,713
101,42,752
101,43,507
101,44,506
101,45,637
101,46,855
101,66,786
101,67,632
101,68,403
101,69,227
101,70,379
101,71,649
101,72,704
101,97,839
101,98,664
101,99,479
101,100,317
101,101,0
101,102,216
101,103,663
101,104,680
101,135,827
101,136,588
101,137,441
101,138,307
101,139,308
101,140,339
101,141,406
101,142,756
101,143,854
101,179,851
101,180,656
101,181,482
101,182,402
101,183,453
101,184,617
101,185,511
101,186,559
101,229,889
101,230,684
101,231,597
101,232,581
101,233,659
101,234,721
101,235,693
101,236,672
101,237,778
101,285,870
101,286,857
101,287,724
101,288,864
101,289,875
101,291,868
101,292,841
101,293,825
102,9,834
102,10,771
102,22,887
102,23,680
102,24,562
102,25,771
102,41,817
102,42,855
102,43,554
102,44,477
102,45,611
102,46,803
102,66,890
102,67,735
102,68,506
102,69,330
102,70,202
102,71,493
102,72,597
102,73,835
102,98,835
102,99,651
102,100,471
102,101,216
102,102,0
102,103,476
102,104,493
102,136,773
102,137,616
102,138,417
102,139,393
102,140,226
102,141,267
102,142,569
102,143,667
102,144,826
102,180,797
102,181,570
102,182,491
102,183,399
102,184,504
102,185,391
102,186,420
102,187,801
102,230,773
102,231,661
102,232,582
102,233,616
102,234,661
102,235,580
102,236,533
102,237,639
102,238,856
102,286,879
102,287,726
102,288,865
102,289,833
102,290,837
102,291,756
102,292,721
102,293,686
102,354,892
102,355,872
102,356,872
103,9,858
103,10,765
103,11,845
103,23,704
103,24,587
103,25,618
103,26,773
103,43,579
103,44,502
103,45,379
103,46,584
103,68,725
103,69,549
103,70,418
103,71,167
103,72,378
103,73,616
103,99,870
103,100,690
103,101,619
103,102,509
103,103,0
103,104,237
103,105,685
103,106,821
103,137,858
103,138,811
103,139,825
103,140,637
103,141,530
103,142,264
103,143,362
103,144,558
103,145,818
103,183,831
103,184,771
103,185,607
103,186,529
103,187,496
103,188,682
103,189,768
103,235,842
103,236,740
103,237,678
103,238,674
103,239,837
103,293,835
103,295,879
104,2,898
104,3,885
104,9,887
104,10,733
104,11,734
104,12,821
104,23,733
104,24,616
104,25,561
104,26,637
104,27,783
104,43,608
104,44,531
104,45,369
104,46,427
104,47,737
104,48,807
104,68,754
104,69,578
104,70,447
104,71,206
104,72,195
104,73,433
104,75,889
104,99,899
104,100,719
104,101,645
104,102,471
104,103,237
104,104,0
104,105,487
104,106,624
104,137,887
104,138,840
104,139,786
104,140,599
104,141,491
104,142,190
104,143,201
104,144,360
104,145,620
104,146,736
104,182,890
104,183,792
104,184,733
104,185,569
104,186,490
104,187,412
104,188,484
104,189,570
104,190,874
104,234,890
104,235,804
104,236,702
104,237,618
104,238,557
104,239,664
104,240,866
104,292,898
104,293,762
104,294,884
104,295,784
104,296,888
104,356,838
105,3,809
105,10,800
105,11,658
105,12,663
105,13,867
105,24,742
105,25,554
105,26,503
105,27,615
105,28,764
105,44,778
105,45,470
105,46,352
105,47,517
105,48,587
105,49,731
105,70,801
105,71,597
105,72,385
105,73,245
105,74,682
105,75,769
105,76,748
105,103,651
105,104,458
105,105,0
105,106,262
105,107,833
105,142,570
105,143,374
105,144,239
105,145,530
105,146,646
105,187,670
105,188,344
105,189,480
105,190,784
105,237,796
105,238,689
105,239,573
105,240,775
105,295,644
105,296,791
105,297,898
106,26,797
106,27,818
106,45,879
106,46,762
106,47,691
106,48,761
106,71,719
106,72,678
106,73,555
106,74,761
106,75,692
106,76,879
106,103,773
106,104,579
106,105,450
106,106,0
106,107,727
106,142,691
106,143,495
106,144,236
106,145,423
106,146,540
106,147,872
106,187,752
106,188,426
106,189,391
106,190,678
106,191,869
106,193,834
106,237,878
106,238,771
106,239,485
106,240,636
106,241,805
106,295,615
106,296,708
106,297,796
106,358,840
107,11,863
107,12,755
107,25,766
107,26,615
107,27,549
107,28,790
107,45,724
107,46,607
107,47,505
107,48,373
107,49,525
107,50,830
107,51,830
107,71,896
107,72,639
107,73,406
107,74,220
107,75,241
107,76,426
107,77,674
107,78,825
107,104,810
107,105,602
107,106,487
107,107,0
107,108,730
107,109,740
107,110,722
107,111,888
107,143,856
107,144,652
107,145,431
107,146,392
107,147,730
107,148,736
107,149,889
107,188,797
107,189,700
107,190,536
107,191,728
107,192,820
107,193,693
107,239,856
107,240,680
107,241,742
107,242,858
107,296,855
107,297,882
108,26,817
108,27,717
108,28,899
108,46,809
108,47,706
108,48,524
108,49,624
108,50,881
108,51,881
108,72,841
108,73,607
108,74,422
108,75,328
108,76,476
108,77,724
108,78,876
108,105,803
108,106,688
108,107,381
108,108,0
108,109,238
108,110,519
108,111,708
108,144,728
108,145,507
108,146,416
108,147,215
108,148,219
108,149,407
108,150,539
108,151,732
108,152,855
108,188,874
108,189,776
108,190,613
108,191,608
108,192,457
108,193,265
108,194,441
108,195,441
108,196,622
108,197,795
108,240,757
108,241,689
108,242,562
108,243,575
108,244,782
108,297,842
108,298,687
108,299,686
108,301,782
109,26,880
109,27,737
109,47,762
109,48,543
109,49,643
109,50,900
109,51,900
109,73,747
109,74,561
109,75,467
109,76,495
109,77,602
109,78,758
109,106,828
109,107,521
109,108,238
109,109,0
109,110,387
109,111,576
109,112,791
109,144,868
109,145,647
109,146,524
109,147,323
109,148,204
109,149,275
109,150,407
109,151,601
109,152,724
109,153,897
109,190,752
109,191,715
109,192,565
109,193,335
109,194,309
109,195,309
109,196,490
109,197,663
109,240,896
109,241,796
109,242,670
109,243,683
109,244,890
109,298,795
109,299,794
109,301,890
110,3,899
110,11,879
110,12,606
110,13,736
110,14,859
110,26,816
110,27,656
110,28,590
110,29,672
110,30,799
110,47,717
110,48,455
110,49,315
110,50,569
110,51,569
110,52,757
110,73,900
110,74,673
110,75,648
110,76,286
110,77,214
110,78,371
110,79,552
110,80,663
110,81,860
110,106,897
110,107,716
110,108,523
110,109,391
110,110,0
110,111,213
110,112,428
110,113,692
110,114,854
110,115,841
110,145,843
110,146,803
110,147,607
110,148,489
110,149,167
110,150,232
110,151,345
110,152,487
110,153,711
110,192,849
110,193,620
110,194,231
110,195,231
110,196,394
110,197,484
110,198,762
111,12,718
111,13,756
111,14,767
111,27,767
111,28,701
111,29,581
111,30,704
111,31,889
111,47,828
111,48,617
111,49,478
111,50,474
111,51,474
111,52,586
111,53,784
111,74,829
111,75,811
111,76,448
111,77,226
111,78,204
111,79,381
111,80,483
111,81,689
111,107,879
111,108,713
111,109,582
111,110,215
111,111,0
111,112,215
111,113,484
111,114,646
111,115,661
111,116,827
111,147,798
111,148,680
111,149,357
111,150,216
111,151,253
111,152,367
111,153,498
111,154,761
111,156,840
111,193,810
111,194,405
111,195,405
111,196,306
111,197,390
111,198,549
111,201,817
111,249,717
111,250,872
112,12,851
112,13,875
112,14,801
112,28,835
112,29,652
112,30,680
112,31,764
112,48,765
112,49,626
112,50,607
112,51,426
112,52,461
112,53,659
112,54,879
112,76,603
112,77,379
112,78,212
112,79,256
112,80,324
112,81,547
112,82,810
112,109,791
112,110,425
112,111,210
112,112,0
112,113,313
112,114,475
112,115,501
112,116,668
112,117,881
112,148,890
112,149,567
112,150,409
112,151,233
112,152,238
112,153,369
112,154,632
112,155,839
112,156,680
112,157,804
112,194,615
112,195,615
112,196,346
112,197,317
112,198,420
112,201,688
112,203,856
112,249,588
112,250,743
112,251,808
112,306,776
112,308,894
113,14,732
113,29,691
113,30,611
113,31,658
113,32,883
113,49,810
113,50,695
113,51,465
113,52,355
113,53,547
113,54,761
113,76,788
113,77,564
113,78,396
113,79,271
113,80,205
113,81,429
113,82,691
113,83,832
113,110,604
113,111,389
113,112,201
113,113,0
113,114,350
113,115,383
113,116,549
113,117,762
113,149,746
113,150,586
113,151,410
113,152,220
113,153,302
113,154,554
113,155,721
113,156,562
113,157,685
113,194,750
113,195,750
113,196,475
113,197,369
113,198,353
113,201,611
113,202,787
113,203,738
113,204,859
113,247,893
113,249,522
113,250,676
113,251,742
113,254,787
113,255,879
113,305,893
113,306,709
113,308,828
113,370,874
114,14,846
114,29,809
114,30,725
114,31,773
114,50,854
114,51,624
114,52,470
114,53,519
114,54,669
114,55,884
114,77,749
114,78,573
114,79,446
114,80,233
114,81,337
114,82,599
114,83,739
114,110,862
114,111,649
114,112,462
114,113,291
114,114,0
114,115,221
114,116,441
114,117,664
114,118,857
114,150,785
114,151,606
114,152,416
114,153,218
114,154,211
114,155,397
114,156,400
114,157,560
114,158,803
114,159,857
114,196,653
114,197,544
114,198,519
114,201,267
114,202,483
114,203,510
114,204,728
114,205,865
114,249,688
114,250,842
114,254,483
114,255,593
114,256,675
114,257,876
114,306,875
115,14,824
115,15,865
115,29,787
115,30,703
115,31,684
115,32,823
115,33,897
115,50,832
115,51,602
115,52,444
115,53,426
115,54,575
115,55,790
115,77,728
115,78,553
115,79,426
115,80,211
115,81,243
115,82,505
115,83,590
115,110,841
115,111,656
115,112,502
115,113,359
115,114,222
115,115,0
115,116,235
115,117,457
115,118,651
115,150,872
115,151,734
115,152,548
115,153,418
115,154,343
115,155,364
115,156,201
115,157,354
115,158,596
115,159,651
115,196,803
115,197,697
115,198,681
115,201,400
115,202,427
115,203,380
115,204,522
115,205,659
115,206,750
115,207,855
115,249,850
115,254,427
115,255,521
115,256,584
115,257,670
115,258,855
115,259,869
115,314,855
115,315,833
115,316,896
115,379,894
115,380,894
116,14,827
116,15,868
116,29,795
116,30,711
116,31,686
116,32,825
116,33,750
116,50,843
116,51,625
116,52,447
116,53,428
116,54,499
116,55,603
116,56,802
116,77,860
116,78,699
116,79,563
116,80,344
116,81,245
116,82,373
116,83,355
116,84,778
116,111,821
116,112,667
116,113,524
116,114,440
116,115,235
116,116,0
116,117,222
116,118,426
116,151,900
116,152,713
116,153,630
116,154,545
116,155,424
116,156,233
116,157,176
116,158,399
116,159,426
116,197,862
116,198,847
116,201,594
116,202,423
116,203,344
116,204,386
116,205,507
116,206,606
116,207,717
116,254,423
116,255,485
116,256,526
116,257,534
116,258,717
116,259,733
116,314,819
116,315,798
116,316,760
116,317,846
116,379,859
116,380,859
116,381,889
117,4,862
117,5,855
117,14,738
117,15,763
117,16,782
117,29,777
117,30,632
117,31,581
117,32,720
117,33,613
117,34,847
117,50,826
117,51,721
117,52,576
117,53,364
117,54,362
117,55,466
117,56,665
117,57,871
117,78,828
117,79,693
117,80,557
117,81,375
117,82,265
117,83,218
117,84,641
117,85,795
117,86,850
117,112,880
117,113,737
117,114,662
117,115,457
117,116,222
117,117,0
117,118,212
117,119,832
117,153,853
117,154,768
117,155,623
117,156,389
117,157,217
117,158,285
117,159,212
117,201,793
117,202,520
117,203,441
117,204,345
117,205,422
117,206,521
117,207,631
117,254,520
117,255,579
117,256,532
117,257,530
117,258,631
117,259,653
117,314,847
117,315,825
117,316,750
117,317,836
117,379,887
117,380,887
117,381,879
118,14,883
118,30,777
118,31,726
118,32,865
118,33,757
118,51,881
118,52,751
118,53,525
118,54,506
118,55,611
118,56,810
118,79,898
118,80,762
118,81,580
118,82,425
118,83,322
118,84,786
118,114,856
118,115,650
118,116,426
118,117,206
118,118,0
118,155,780
118,156,546
118,157,374
118,158,348
118,159,0
118,202,678
118,203,578
118,204,409
118,205,485
118,206,584
118,207,695
118,254,678
118,255,701
118,256,596
118,257,593
118,258,695
118,259,716
118,315,889
118,316,813
118,317,899
119,15,851
119,16,650
119,17,766
119,31,714
119,32,736
119,33,492
119,34,626
119,35,896
119,53,810
119,54,588
119,55,389
119,56,270
119,57,457
119,58,620
119,59,850
119,82,729
119,83,662
119,84,248
119,85,82
119,86,311
119,87,593
119,88,812
119,117,843
119,119,0
119,120,163
119,121,263
119,122,516
119,123,703
119,160,187
119,161,396
119,162,399
119,163,590
119,164,633
119,165,816
119,208,396
119,209,396
119,210,713
119,211,809
119,212,841
120,16,778
120,17,893
120,31,841
120,32,863
120,33,619
120,34,753
120,54,715
120,55,517
120,56,398
120,57,584
120,58,747
120,82,857
120,83,790
120,84,376
120,85,172
120,86,367
120,87,720
120,119,163
120,120,0
120,121,236
120,122,528
120,123,745
120,160,23
120,161,276
120,162,279
120,163,602
120,164,645
120,165,828
120,208,276
120,209,275
120,210,725
120,211,821
120,212,854
121,16,715
121,17,830
121,31,802
121,32,802
121,33,558
121,34,689
121,53,898
121,54,676
121,55,477
121,56,338
121,57,520
121,58,684
121,82,817
121,83,750
121,84,377
121,85,199
121,86,282
121,87,639
121,88,725
121,119,261
121,120,236
121,121,0
121,122,330
121,123,548
121,124,834
121,160,260
121,161,286
121,162,289
121,163,404
121,164,448
121,165,630
121,166,875
121,208,286
121,209,286
121,210,527
121,211,623
121,212,656
121,213,756
121,264,896
121,265,771
121,266,865
122,16,827
122,33,670
122,34,765
122,54,868
122,55,647
122,56,465
122,57,536
122,58,759
122,59,763
122,84,662
122,85,489
122,86,387
122,87,403
122,88,489
122,89,868
122,119,551
122,120,565
122,121,367
122,122,0
122,123,311
122,124,597
122,160,589
122,161,654
122,162,657
122,163,225
122,164,211
122,165,394
122,166,638
122,208,654
122,209,653
122,210,349
122,211,436
122,212,420
122,213,520
122,214,730
122,262,890
122,263,890
122,264,709
122,265,583
122,266,678
122,267,710
122,268,869
122,323,890
122,324,859
122,325,737
122,326,776
122,390,855
123,16,777
123,17,719
123,18,847
123,19,845
123,33,681
123,34,612
123,35,717
123,36,710
123,37,844
123,55,734
123,56,561
123,57,390
123,58,567
123,59,483
123,60,679
123,61,837
123,84,759
123,85,644
123,86,561
123,87,238
123,88,209
123,89,588
123,90,740
123,119,687
123,120,763
123,121,565
123,122,360
123,123,0
123,124,307
123,125,843
123,160,786
123,161,851
123,162,854
123,163,364
123,164,226
123,165,224
123,166,362
123,208,851
123,209,851
123,210,437
123,211,393
123,212,366
123,213,445
123,214,550
123,262,847
123,263,847
123,264,666
123,265,540
123,266,615
123,267,635
123,268,776
123,323,847
123,324,815
123,325,674
123,326,701
123,327,850
123,390,811
124,17,847
124,18,824
124,19,823
124,33,822
124,34,740
124,35,695
124,36,688
124,37,821
124,56,849
124,57,649
124,58,696
124,59,461
124,60,657
124,61,815
124,86,848
124,87,481
124,88,321
124,89,566
124,90,717
124,91,887
124,121,838
124,122,633
124,123,321
124,124,0
124,125,738
124,163,637
124,164,482
124,165,222
124,166,206
124,210,699
124,211,583
124,212,382
124,213,334
124,214,423
124,215,890
124,264,722
124,265,605
124,266,583
124,267,536
124,268,652
124,269,857
124,324,865
124,325,642
124,326,626
124,327,740
124,328,854
124,390,828
124,391,870
124,392,833
125,17,885
125,18,845
125,19,844
125,33,860
125,34,778
125,35,715
125,36,709
125,37,842
125,57,746
125,58,734
125,59,350
125,60,372
125,61,399
125,62,630
125,63,799
125,87,843
125,88,595
125,89,586
125,90,255
125,91,383
125,92,572
125,93,854
125,123,799
125,124,660
125,125,0
125,126,213
125,127,470
125,128,592
125,129,757
125,165,858
125,166,652
125,167,246
125,168,360
125,169,512
125,170,594
125,171,803
125,212,885
125,213,664
125,214,454
125,215,384
125,216,648
125,217,653
125,218,774
125,219,885
125,267,614
125,268,553
125,269,578
125,270,808
125,271,897
125,272,847
125,326,823
125,327,712
125,328,667
125,329,783
125,393,826
125,394,774
126,35,862
126,36,855
126,57,892
126,58,880
126,59,497
126,60,447
126,61,388
126,62,650
126,63,819
126,88,741
126,89,733
126,90,256
126,91,187
126,92,394
126,93,874
126,124,806
126,125,213
126,126,0
126,127,259
126,128,387
126,129,572
126,166,838
126,167,206
126,168,166
126,169,299
126,170,384
126,171,597
126,172,788
126,213,850
126,214,641
126,215,325
126,216,470
126,217,439
126,218,560
126,219,679
126,220,775
126,267,800
126,268,739
126,269,610
126,270,626
126,271,684
126,272,633
126,273,754
126,274,825
126,327,898
126,328,788
126,329,791
126,330,837
126,331,843
126,332,715
126,333,849
126,394,895
126,398,848
127,59,677
127,60,574
127,61,471
127,62,748
127,90,369
127,91,230
127,92,337
127,93,835
127,94,877
127,125,470
127,126,259
127,127,0
127,128,228
127,129,432
127,167,445
127,168,239
127,169,237
127,170,210
127,171,434
127,172,625
127,173,832
127,214,897
127,215,430
127,216,424
127,217,393
127,218,514
127,219,515
127,220,611
127,221,811
127,268,837
127,269,588
127,270,579
127,271,638
127,272,587
127,273,708
127,274,661
127,275,823
127,328,775
127,329,745
127,330,791
127,331,797
127,332,669
127,333,803
127,334,855
127,394,882
127,395,892
127,397,857
127,398,802
127,399,889
128,59,668
128,60,508
128,61,381
128,62,671
128,63,788
128,90,422
128,91,216
128,92,223
128,93,607
128,94,648
128,95,770
128,125,599
128,126,389
128,127,231
128,128,0
128,129,204
128,130,807
128,131,726
128,167,595
128,168,422
128,169,352
128,170,211
128,171,266
128,172,457
128,173,604
128,174,816
128,215,614
128,216,569
128,217,538
128,218,444
128,219,348
128,220,444
128,221,644
128,222,756
128,269,771
128,270,725
128,271,777
128,272,659
128,273,566
128,274,494
128,275,655
128,276,824
128,329,890
128,332,809
128,333,844
128,334,688
128,335,752
128,336,859
128,400,883
128,401,805
128,402,894
129,38,780
129,39,799
129,59,792
129,60,593
129,61,394
129,62,627
129,63,586
129,64,744
129,65,818
129,90,565
129,91,405
129,92,200
129,93,404
129,94,446
129,95,567
129,96,751
129,97,879
129,125,765
129,126,582
129,127,431
129,128,204
129,129,0
129,130,604
129,131,523
129,132,704
129,167,788
129,168,622
129,169,551
129,170,411
129,171,423
129,172,292
129,173,406
129,174,619
129,175,837
129,215,814
129,216,764
129,217,712
129,218,617
129,219,520
129,220,504
129,221,478
129,222,559
129,223,786
129,272,832
129,273,738
129,274,667
129,275,644
129,276,626
129,277,707
129,334,861
129,335,823
129,336,800
129,337,871
130,20,887
130,21,814
130,38,686
130,39,689
130,40,719
130,60,758
130,61,705
130,62,464
130,63,494
130,64,540
130,65,611
130,66,776
130,90,848
130,91,786
130,92,579
130,93,290
130,94,329
130,95,360
130,96,456
130,97,669
130,98,854
130,127,840
130,128,613
130,129,425
130,130,0
130,131,212
130,132,406
130,133,622
130,134,667
130,135,782
130,169,874
130,170,715
130,171,619
130,172,446
130,173,270
130,174,418
130,175,590
130,177,825
130,178,875
130,179,896
130,218,883
130,219,687
130,220,520
130,221,408
130,222,454
130,223,649
130,224,834
130,273,900
130,274,720
130,275,608
130,276,555
130,277,602
130,278,844
130,335,786
130,336,746
130,337,799
130,403,831
131,19,804
131,20,765
131,21,692
131,38,583
131,39,567
131,40,597
131,41,816
131,60,861
131,61,808
131,62,562
131,63,381
131,64,418
131,65,489
131,66,654
131,67,875
131,92,788
131,93,423
131,94,207
131,95,238
131,96,318
131,97,534
131,98,719
131,128,822
131,129,633
131,130,212
131,131,0
131,132,227
131,133,455
131,134,529
131,135,646
131,136,825
131,171,672
131,172,469
131,173,232
131,174,231
131,175,389
131,176,773
131,177,687
131,178,737
131,179,758
131,219,709
131,220,542
131,221,431
131,222,351
131,223,462
131,224,642
131,226,863
131,227,890
131,274,743
131,275,630
131,276,577
131,277,485
131,278,657
131,279,831
131,335,809
131,336,769
131,337,822
131,338,757
131,339,841
131,403,854
131,405,878
132,20,732
132,21,639
132,38,767
132,39,548
132,40,544
132,41,756
132,62,746
132,63,565
132,64,385
132,65,420
132,66,593
132,67,814
132,93,606
132,94,391
132,95,205
132,96,233
132,97,457
132,98,642
132,99,838
132,129,793
132,130,406
132,131,230
132,132,0
132,133,235
132,134,368
132,135,552
132,136,748
132,171,815
132,172,612
132,173,375
132,174,215
132,175,215
132,176,555
132,177,470
132,178,602
132,179,657
132,219,852
132,220,685
132,221,574
132,222,443
132,223,411
132,224,468
132,225,764
132,226,645
132,227,695
132,228,831
132,274,885
132,275,773
132,276,720
132,277,577
132,278,535
132,279,657
132,280,788
132,281,721
132,282,818
132,338,849
132,340,779
133,20,899
133,21,742
133,39,758
133,40,620
133,41,708
133,63,777
133,64,596
133,65,501
133,66,541
133,67,763
133,93,818
133,94,603
133,95,400
133,96,234
133,97,389
133,98,574
133,99,765
133,130,622
133,131,458
133,132,235
133,133,0
133,134,197
133,135,416
133,136,674
133,137,872
133,172,757
133,173,520
133,174,316
133,175,271
133,176,323
133,177,238
133,178,376
133,179,502
133,220,830
133,221,719
133,222,544
133,223,492
133,224,467
133,225,564
133,226,413
133,227,463
133,228,605
133,276,865
133,277,678
133,278,616
133,279,576
133,280,657
133,281,489
133,282,586
133,283,858
133,284,807
133,340,654
133,341,863
133,343,812
133,344,869
133,406,895
133,407,875
134,21,735
134,39,788
134,40,599
134,41,651
134,42,776
134,63,810
134,64,625
134,65,479
134,66,517
134,67,579
134,68,740
134,93,851
134,94,636
134,95,429
134,96,213
134,97,358
134,98,379
134,99,568
134,100,746
134,130,667
134,131,529
134,132,368
134,133,197
134,134,0
134,135,219
134,136,477
134,137,675
134,138,860
134,172,894
134,173,657
134,174,453
134,175,437
134,176,402
134,177,202
134,178,234
134,179,305
134,180,894
134,181,864
134,221,856
134,222,681
134,223,649
134,224,648
134,225,643
134,226,422
134,227,376
134,228,463
134,229,802
134,230,850
134,277,815
134,278,773
134,279,757
134,280,736
134,281,568
134,282,572
134,283,719
134,284,665
134,285,875
134,340,836
134,343,798
134,344,804
134,345,825
134,346,886
135,21,701
135,22,865
135,23,847
135,39,825
135,40,607
135,41,527
135,42,652
135,43,826
135,63,873
135,64,685
135,65,525
135,66,399
135,67,455
135,68,616
135,69,802
135,94,702
135,95,495
135,96,328
135,97,253
135,98,254
135,99,444
135,100,622
135,101,853
135,130,749
135,131,646
135,132,550
135,133,416
135,134,219
135,135,0
135,136,353
135,137,551
135,138,736
135,173,876
135,174,672
135,175,656
135,176,599
135,177,385
135,178,200
135,179,198
135,180,770
135,181,740
135,182,885
135,223,869
135,224,868
135,225,818
135,226,566
135,227,425
135,228,412
135,229,678
135,230,753
135,280,896
135,281,709
135,282,650
135,283,668
135,284,606
135,285,792
135,343,877
135,344,795
135,345,774
135,346,802
136,9,837
136,10,897
136,21,696
136,22,774
136,23,755
136,24,819
136,39,865
136,40,647
136,41,522
136,42,561
136,43,648
136,44,803
136,64,731
136,65,571
136,66,446
136,67,327
136,68,444
136,69,579
136,70,841
136,94,866
136,95,675
136,96,521
136,97,366
136,98,265
136,99,248
136,100,396
136,101,614
136,102,800
136,131,831
136,132,749
136,133,664
136,134,468
136,135,353
136,136,0
136,137,198
136,138,402
136,139,587
136,140,774
136,176,869
136,177,655
136,178,473
136,179,378
136,180,417
136,181,387
136,182,539
136,183,704
136,226,839
136,227,694
136,228,500
136,229,335
136,230,410
136,231,564
136,232,677
136,233,880
136,283,649
136,284,493
136,285,526
136,286,672
136,287,761
136,344,838
136,345,690
136,346,671
136,347,849
136,348,775
136,349,892
136,413,793
137,21,864
137,22,843
137,23,748
137,24,741
137,40,817
137,41,690
137,42,729
137,43,570
137,44,671
137,45,802
137,65,742
137,66,616
137,67,497
137,68,410
137,69,385
137,70,647
137,71,814
137,72,869
137,95,845
137,96,691
137,97,536
137,98,435
137,99,289
137,100,202
137,101,420
137,102,606
137,104,854
137,133,835
137,134,638
137,135,523
137,136,216
137,137,0
137,138,204
137,139,389
137,140,580
137,141,784
137,177,826
137,178,643
137,179,548
137,180,290
137,181,250
137,182,341
137,183,506
137,184,707
137,185,751
137,227,864
137,228,675
137,229,510
137,230,385
137,231,418
137,232,490
137,233,682
137,234,753
137,235,884
137,283,823
137,284,668
137,285,504
137,286,650
137,287,623
137,288,773
137,289,871
137,345,865
137,346,710
137,347,826
137,348,752
137,349,805
138,21,875
138,22,852
138,23,757
138,24,750
138,41,701
138,42,739
138,43,579
138,44,666
138,45,798
138,65,865
138,66,739
138,67,591
138,68,418
138,69,388
138,70,643
138,71,809
138,72,865
138,96,838
138,97,683
138,98,558
138,99,373
138,100,212
138,101,309
138,102,494
138,104,849
138,134,785
138,135,671
138,136,380
138,137,220
138,138,0
138,139,215
138,140,431
138,141,642
138,178,790
138,179,695
138,180,431
138,181,190
138,182,234
138,183,338
138,184,540
138,185,602
138,186,795
138,228,833
138,229,668
138,230,425
138,231,357
138,232,403
138,233,521
138,234,585
138,235,717
138,236,798
138,284,826
138,285,630
138,286,617
138,287,547
138,288,686
138,289,738
138,290,825
138,291,796
138,346,836
138,348,764
138,349,730
138,350,835
139,41,877
139,43,754
139,44,842
139,67,767
139,68,594
139,69,564
139,70,583
139,71,807
139,97,887
139,98,734
139,99,549
139,100,387
139,101,485
139,102,382
139,103,791
139,104,808
139,135,875
139,136,565
139,137,406
139,138,215
139,139,0
139,140,262
139,141,473
139,142,883
139,179,900
139,180,581
139,181,355
139,182,220
139,183,215
139,184,398
139,185,433
139,186,626
139,229,801
139,230,557
139,231,441
139,232,399
139,233,434
139,234,495
139,235,602
139,236,629
139,237,844
139,285,763
139,286,695
139,287,543
139,288,682
139,289,650
139,290,735
139,291,706
139,292,759
139,293,832
139,348,802
139,349,725
139,350,831
139,351,899
139,352,869
139,353,819
139,416,897
140,24,788
140,43,780
140,44,703
140,45,805
140,67,853
140,68,680
140,69,556
140,70,428
140,71,642
140,72,746
140,98,819
140,99,635
140,100,473
140,101,339
140,102,226
140,103,625
140,104,643
140,136,742
140,137,582
140,138,384
140,139,268
140,140,0
140,141,247
140,142,718
140,143,816
140,180,763
140,181,537
140,182,372
140,183,274
140,184,280
140,185,187
140,186,400
140,187,794
140,230,739
140,231,537
140,232,458
140,233,489
140,234,437
140,235,356
140,236,382
140,237,598
140,238,816
140,286,754
140,287,602
140,288,739
140,289,642
140,290,613
140,291,532
140,292,513
140,293,585
140,294,809
140,348,861
140,349,785
140,350,890
140,351,808
140,352,773
140,353,698
140,354,684
140,355,668
140,356,762
140,421,883
140,423,831
140,424,791
141,24,860
141,25,898
141,43,852
141,44,775
141,45,685
141,46,832
141,68,812
141,69,636
141,70,499
141,71,522
141,72,626
141,73,864
141,99,887
141,100,725
141,101,456
141,102,318
141,103,506
141,104,523
141,137,838
141,138,640
141,139,526
141,140,292
141,141,0
141,142,598
141,143,696
141,144,855
141,181,792
141,182,629
141,183,519
141,184,412
141,185,189
141,186,218
141,187,632
141,188,841
141,231,794
141,232,715
141,233,621
141,234,569
141,235,424
141,236,331
141,237,437
141,238,654
141,239,893
141,287,859
141,288,871
141,289,774
141,290,745
141,291,600
141,292,519
141,293,484
141,294,716
141,353,783
141,354,690
141,355,670
141,356,670
141,423,832
141,424,782
142,10,884
142,23,884
142,24,767
142,25,732
142,26,826
142,43,758
142,44,681
142,45,519
142,46,616
142,69,729
142,70,597
142,71,356
142,72,385
142,73,620
142,100,869
142,101,752
142,102,578
142,103,264
142,104,190
142,105,621
142,106,758
142,139,894
142,140,706
142,141,599
142,142,0
142,143,279
142,144,494
142,145,754
142,146,870
142,183,900
142,184,840
142,185,676
142,186,598
142,187,260
142,188,548
142,189,704
142,235,884
142,236,637
142,237,467
142,238,437
142,239,601
142,240,823
142,292,830
142,293,610
142,294,733
142,295,643
142,296,790
142,355,852
142,356,686
142,424,884
143,10,875
143,11,791
143,12,874
143,23,876
143,24,758
143,25,673
143,26,680
143,27,826
143,43,750
143,44,673
143,45,511
143,46,485
143,47,778
143,48,847
143,68,896
143,69,720
143,70,589
143,71,348
143,72,307
143,73,473
143,75,877
143,100,861
143,101,791
143,102,655
143,103,362
143,104,201
143,105,475
143,106,612
143,140,783
143,141,675
143,142,279
143,143,0
143,144,348
143,145,608
143,146,724
143,185,752
143,186,674
143,187,462
143,188,472
143,189,558
143,190,862
143,236,840
143,237,669
143,238,545
143,239,652
143,240,854
143,293,813
143,295,772
143,296,875
143,356,888
144,11,859
144,12,796
144,25,756
144,26,636
144,27,657
144,28,898
144,44,850
144,45,675
144,46,558
144,47,531
144,48,601
144,49,744
144,69,897
144,70,766
144,71,525
144,72,484
144,73,395
144,74,634
144,75,565
144,76,752
144,102,856
144,103,579
144,104,386
144,105,239
144,106,264
144,107,601
144,108,782
144,141,877
144,142,498
144,143,302
144,144,0
144,145,297
144,146,413
144,147,745
144,148,800
144,186,876
144,187,558
144,188,232
144,189,247
144,190,551
144,191,743
144,192,835
144,193,708
144,236,855
144,237,684
144,238,577
144,239,341
144,240,543
144,241,732
144,242,873
144,293,828
144,295,471
144,296,564
144,297,665
144,298,834
144,357,821
144,358,696
144,359,804
144,360,877
144,427,858
145,12,843
145,25,835
145,26,683
145,27,699
145,45,792
145,46,675
145,47,573
145,48,596
145,49,702
145,71,753
145,72,708
145,73,474
145,74,432
145,75,367
145,76,554
145,77,802
145,103,807
145,104,614
145,105,530
145,106,504
145,107,403
145,108,584
145,109,703
145,110,851
145,142,726
145,143,530
145,144,315
145,145,0
145,146,215
145,147,547
145,148,602
145,149,872
145,187,786
145,188,461
145,189,363
145,190,353
145,191,545
145,192,637
145,193,510
145,238,805
145,239,520
145,240,497
145,241,559
145,242,675
145,243,755
145,295,650
145,296,672
145,297,698
145,298,764
145,299,860
145,358,875
145,359,852
145,360,891
146,26,801
146,27,749
146,46,793
146,47,691
146,48,572
146,49,678
146,71,870
146,72,825
146,73,591
146,74,419
146,75,343
146,76,530
146,77,778
146,104,731
146,105,647
146,106,622
146,107,379
146,108,409
146,109,528
146,110,809
146,142,843
146,143,647
146,144,433
146,145,212
146,146,0
146,147,372
146,148,427
146,149,697
146,150,829
146,188,578
146,189,481
146,190,315
146,191,506
146,192,462
146,193,335
146,194,731
146,195,731
146,239,637
146,240,458
146,241,520
146,242,567
146,243,580
146,244,788
146,295,768
146,296,634
146,297,660
146,298,692
146,299,691
146,301,788
146,358,873
146,359,813
146,360,852
147,27,818
147,47,844
147,48,624
147,49,725
147,73,777
147,74,606
147,75,529
147,76,577
147,77,825
147,105,833
147,106,808
147,107,565
147,108,220
147,109,339
147,110,620
147,111,808
147,143,833
147,144,619
147,145,398
147,146,226
147,147,0
147,148,232
147,149,508
147,150,640
147,151,833
147,188,764
147,189,667
147,190,501
147,191,418
147,192,267
147,193,139
147,194,542
147,195,542
147,196,723
147,197,896
147,239,823
147,240,644
147,241,499
147,242,372
147,243,385
147,244,592
147,296,820
147,297,652
147,298,497
147,299,496
147,301,592
147,359,843
147,360,721
147,361,773
147,428,897
147,429,877
147,430,849
147,431,874
148,26,871
148,27,727
148,47,753
148,48,534
148,49,634
148,50,890
148,51,890
148,73,737
148,74,552
148,75,458
148,76,486
148,77,700
148,78,856
148,106,818
148,107,511
148,108,191
148,109,204
148,110,486
148,111,674
148,112,890
148,144,779
148,145,558
148,146,386
148,147,185
148,148,0
148,149,373
148,150,505
148,151,699
148,152,822
148,189,827
148,190,661
148,191,578
148,192,427
148,193,153
148,194,408
148,195,408
148,196,588
148,197,761
148,240,804
148,241,658
148,242,532
148,243,545
148,244,752
148,297,812
148,298,657
148,299,656
148,301,752
148,360,880
149,12,773
149,27,823
149,28,757
149,29,839
149,47,883
149,48,621
149,49,482
149,50,736
149,51,736
149,74,734
149,75,640
149,76,452
149,77,381
149,78,538
149,79,719
149,80,830
149,107,693
149,108,410
149,109,279
149,110,167
149,111,355
149,112,571
149,113,839
149,145,820
149,146,696
149,147,495
149,148,377
149,149,0
149,150,204
149,151,392
149,152,532
149,153,705
149,191,888
149,192,737
149,193,507
149,194,119
149,195,119
149,196,298
149,197,471
149,198,870
149,242,842
149,243,855
150,12,838
150,27,888
150,28,822
150,29,799
150,48,687
150,49,547
150,50,692
150,51,692
150,52,804
150,74,862
150,75,768
150,76,517
150,77,335
150,78,422
150,79,599
150,80,701
150,107,822
150,108,539
150,109,407
150,110,232
150,111,218
150,112,409
150,113,702
150,114,773
150,115,879
150,146,825
150,147,624
150,148,505
150,149,204
150,150,0
150,151,200
150,152,386
150,153,560
150,154,822
150,192,866
150,193,636
150,194,213
150,195,213
150,196,167
150,197,326
150,198,725
150,201,878
150,249,893
151,29,812
151,48,803
151,49,664
151,50,704
151,51,655
151,52,690
151,53,888
151,76,634
151,77,431
151,78,350
151,79,485
151,80,552
151,81,776
151,108,732
151,109,601
151,110,348
151,111,247
151,112,233
151,113,542
151,114,595
151,115,730
151,116,896
151,147,817
151,148,699
151,149,392
151,150,200
151,151,0
151,152,190
151,153,382
151,154,645
151,155,856
151,193,829
151,194,407
151,195,407
151,196,132
151,197,149
151,198,533
151,201,701
151,249,701
151,250,856
151,306,889
151,307,798
151,370,822
152,14,896
152,29,833
152,30,775
152,31,822
152,49,789
152,50,816
152,51,607
152,52,519
152,53,711
152,76,760
152,77,547
152,78,444
152,79,422
152,80,369
152,81,593
152,82,855
152,108,855
152,109,724
152,110,489
152,111,359
152,112,236
152,113,352
152,114,444
152,115,547
152,116,713
152,148,822
152,149,532
152,150,386
152,151,190
152,152,0
152,153,274
152,154,537
152,155,748
152,156,725
152,157,849
152,194,530
152,195,530
152,196,255
152,197,149
152,198,343
152,201,593
152,202,882
152,247,883
152,249,512
152,250,666
152,251,731
152,254,882
152,305,883
152,306,699
152,307,690
152,308,817
152,370,714
152,371,867
153,14,885
153,29,848
153,30,764
153,31,811
153,50,893
153,51,663
153,52,508
153,53,673
153,54,855
153,77,720
153,78,606
153,79,479
153,80,309
153,81,523
153,82,786
153,110,663
153,111,528
153,112,405
153,113,312
153,114,218
153,115,418
153,116,631
153,117,854
153,149,712
153,150,567
153,151,388
153,152,198
153,153,0
153,154,263
153,155,474
153,156,559
153,157,756
153,194,710
153,195,710
153,196,435
153,197,326
153,198,301
153,201,319
153,202,622
153,203,648
153,204,879
153,247,840
153,249,469
153,250,624
153,251,689
153,254,622
153,255,732
153,256,814
153,305,840
153,306,657
153,307,846
153,308,775
153,370,822
154,51,836
154,52,682
154,53,677
154,54,826
154,78,785
154,79,658
154,80,445
154,81,494
154,82,756
154,83,853
154,110,880
154,111,745
154,112,622
154,113,501
154,114,217
154,115,343
154,116,498
154,117,720
154,150,784
154,151,605
154,152,415
154,153,217
154,154,0
154,155,293
154,156,401
154,157,605
154,158,828
154,196,652
154,197,543
154,198,518
154,201,73
154,202,463
154,203,490
154,204,720
154,205,857
154,249,687
154,250,841
154,254,463
154,255,573
154,256,655
154,257,868
154,306,874
155,52,757
155,53,752
155,78,860
155,79,734
155,80,520
155,81,569
155,82,832
155,111,821
155,112,697
155,113,577
155,114,293
155,115,419
155,116,574
155,117,766
155,150,859
155,151,681
155,152,491
155,153,293
155,154,175
155,155,0
155,156,395
155,157,581
155,158,804
155,196,728
155,197,618
155,198,594
155,201,170
155,202,440
155,203,466
155,204,697
155,205,834
155,249,762
155,254,440
155,255,550
155,256,632
155,257,845
155,315,881
156,30,856
156,31,831
156,51,766
156,52,592
156,53,573
156,54,722
156,55,840
156,77,900
156,78,724
156,79,597
156,80,382
156,81,390
156,82,610
156,83,592
156,111,827
156,112,673
156,113,530
156,114,405
156,115,201
156,116,237
156,117,389
156,118,546
156,152,719
156,153,538
156,154,421
156,155,245
156,156,0
156,157,218
156,158,464
156,159,546
156,197,864
156,198,839
156,201,415
156,202,227
156,203,178
156,204,356
156,205,493
156,206,584
156,207,689
156,254,227
156,255,319
156,256,383
156,257,504
156,258,689
156,259,704
156,313,797
156,314,653
156,315,632
156,316,731
156,317,817
156,378,777
156,379,693
156,380,693
156,381,859
156,449,840
157,30,844
157,31,793
157,33,824
157,51,780
157,52,602
157,53,576
157,54,573
157,55,678
157,56,877
157,78,849
157,79,714
157,80,480
157,81,400
157,82,476
157,83,429
157,84,853
157,112,803
157,113,660
157,114,559
157,115,353
157,116,189
157,117,225
157,118,382
157,152,849
157,153,737
157,154,619
157,155,444
157,156,218
157,157,0
157,158,264
157,159,382
157,201,614
157,202,336
157,203,226
157,204,210
157,205,347
157,206,438
157,207,543
157,254,336
157,255,362
157,256,350
157,257,358
157,258,543
157,259,558
157,313,808
157,314,664
157,315,643
157,316,585
157,317,671
157,378,789
157,379,704
157,380,704
157,381,713
157,449,852
158,31,862
158,33,893
158,52,808
158,53,645
158,54,642
158,55,746
158,80,707
158,81,606
158,82,545
158,83,460
158,113,888
158,114,802
158,115,596
158,116,399
158,117,285
158,118,348
158,154,831
158,155,656
158,156,452
158,157,252
158,158,0
158,159,348
158,201,825
158,202,547
158,203,425
158,204,149
158,205,225
158,206,324
158,207,435
158,254,547
158,255,454
158,256,336
158,257,333
158,258,435
158,259,456
158,313,794
158,314,650
158,315,628
158,316,553
158,317,639
158,378,774
158,379,690
158,380,690
158,381,682
158,449,837
159,14,883
159,30,777
159,31,726
159,32,865
159,33,757
159,51,881
159,52,751
159,53,525
159,54,506
159,55,611
159,56,810
159,79,898
159,80,762
159,81,580
159,82,425
159,83,322
159,84,786
159,114,856
159,115,650
159,116,426
159,117,206
159,118,0
159,155,780
159,156,546
159,157,374
159,158,348
159,159,0
159,202,678
159,203,578
159,204,409
159,205,485
159,206,584
159,207,695
159,254,678
159,255,701
159,256,596
159,257,593
159,258,695
159,259,716
159,315,889
159,316,813
159,317,899
160,16,802
160,31,865
160,32,887
160,33,643
160,34,776
160,54,739
160,55,541
160,56,421
160,57,607
160,58,771
160,82,880
160,83,813
160,84,399
160,85,195
160,86,391
160,87,743
160,119,187
160,120,23
160,121,260
160,122,552
160,123,769
160,160,0
160,161,299
160,162,302
160,163,625
160,164,669
160,165,852
160,208,299
160,209,299
160,210,749
160,211,844
160,212,877
161,33,789
161,54,887
161,55,689
161,56,567
161,57,751
161,84,551
161,85,358
161,86,513
161,87,887
161,119,396
161,120,276
161,121,286
161,122,616
161,123,834
161,160,299
161,161,0
161,162,62
161,163,690
161,164,734
161,208,0
161,209,57
161,210,814
162,33,792
162,54,890
162,55,692
162,56,570
162,57,754
162,84,554
162,85,361
162,86,516
162,87,890
162,119,399
162,120,279
162,121,289
162,122,619
162,123,837
162,160,302
162,161,62
162,162,0
162,163,693
162,164,737
162,208,62
162,209,23
162,210,817
163,16,855
163,33,698
163,34,819
163,54,897
163,55,675
163,56,493
163,57,590
163,58,813
163,59,817
163,84,690
163,85,517
163,86,415
163,87,457
163,88,543
163,119,580
163,120,593
163,121,396
163,122,253
163,123,365
163,124,651
163,160,617
163,161,682
163,162,685
163,163,0
163,164,201
163,165,447
163,166,692
163,208,682
163,209,681
163,210,144
163,211,301
163,212,364
163,213,567
163,214,737
163,262,756
163,263,756
163,264,574
163,265,449
163,266,543
163,267,674
163,268,846
163,323,756
163,324,724
163,325,602
163,326,732
163,327,881
163,389,834
163,390,720
163,391,810
164,17,887
164,33,746
164,34,746
164,55,723
164,56,541
164,57,518
164,58,741
164,59,697
164,60,893
164,84,738
164,85,565
164,86,463
164,87,384
164,88,423
164,89,802
164,119,627
164,120,641
164,121,444
164,122,238
164,123,230
164,124,530
164,160,665
164,161,730
164,162,733
164,163,201
164,164,0
164,165,282
164,166,529
164,208,730
164,209,729
164,210,246
164,211,225
164,212,208
164,213,391
164,214,600
164,262,679
164,263,679
164,264,498
164,265,372
164,266,467
164,267,581
164,268,740
164,323,679
164,324,647
164,325,526
164,326,645
164,327,794
164,389,758
164,390,643
164,391,733
164,392,851
164,461,831
165,17,898
165,33,872
165,34,791
165,35,816
165,36,810
165,56,739
165,57,594
165,58,746
165,59,582
165,60,778
165,85,762
165,86,661
165,87,460
165,88,388
165,89,687
165,90,839
165,119,825
165,120,839
165,121,641
165,122,436
165,123,223
165,124,326
165,125,796
165,160,862
165,163,440
165,164,276
165,165,0
165,166,264
165,210,502
165,211,370
165,212,164
165,213,258
165,214,452
165,262,726
165,263,726
165,264,545
165,265,419
165,266,423
165,267,449
165,268,608
165,269,872
165,323,726
165,324,694
165,325,482
165,326,515
165,327,664
165,328,850
165,389,804
165,390,669
165,391,758
165,392,721
165,393,809
165,461,857
166,34,877
166,35,838
166,36,832
166,56,855
166,57,684
166,58,832
166,59,604
166,60,800
166,86,849
166,87,550
166,88,464
166,89,709
166,90,789
166,91,890
166,121,829
166,122,624
166,123,313
166,124,206
166,125,534
166,126,721
166,163,628
166,164,473
166,165,213
166,166,0
166,167,715
166,168,829
166,210,690
166,211,575
166,212,373
166,213,196
166,214,218
166,215,686
166,262,893
166,263,893
166,264,712
166,265,595
166,266,570
166,267,339
166,268,447
166,269,653
166,323,893
166,324,832
166,325,608
166,326,505
166,327,536
166,328,650
166,329,770
166,390,795
166,391,820
166,392,720
166,393,776
166,394,757
166,464,883
167,59,578
167,60,529
167,61,481
167,62,732
167,88,823
167,89,814
167,90,337
167,91,393
167,92,600
167,124,887
167,125,246
167,126,206
167,127,445
167,128,594
167,129,778
167,166,832
167,167,0
167,168,235
167,169,459
167,170,590
167,171,804
167,213,844
167,214,635
167,215,255
167,216,470
167,217,599
167,218,720
167,219,846
167,267,794
167,268,733
167,269,609
167,270,630
167,271,827
167,272,793
167,327,878
167,328,718
167,329,796
167,332,875
167,393,877
167,394,826
168,59,662
168,60,612
168,61,553
168,62,816
168,89,898
168,90,421
168,91,315
168,92,504
168,125,360
168,126,165
168,127,239
168,128,420
168,129,624
168,167,235
168,168,0
168,169,237
168,170,391
168,171,616
168,172,807
168,214,749
168,215,213
168,216,304
168,217,377
168,218,499
168,219,624
168,220,789
168,267,806
168,268,693
168,269,444
168,270,465
168,271,622
168,272,571
168,273,692
168,274,817
168,327,790
168,328,630
168,329,630
168,330,740
168,331,781
168,332,653
168,333,787
168,393,789
168,394,738
168,395,777
168,397,841
168,398,786
168,399,873
169,59,795
169,60,746
169,61,685
169,90,554
169,91,443
169,92,566
169,93,822
169,94,863
169,125,512
169,126,299
169,127,237
169,128,350
169,129,493
169,167,459
169,168,237
169,169,0
169,170,183
169,171,412
169,172,603
169,173,824
169,214,841
169,215,406
169,216,218
169,217,187
169,218,308
169,219,433
169,220,590
169,221,790
169,267,833
169,268,720
169,269,424
169,270,373
169,271,431
169,272,381
169,273,502
169,274,626
169,275,801
169,327,817
169,328,657
169,329,539
169,330,585
169,331,591
169,332,463
169,333,597
169,334,719
169,335,884
169,393,816
169,394,716
169,395,686
169,396,774
169,397,651
169,398,596
169,399,682
169,400,798
169,466,850
169,467,862
169,468,838
169,471,770
170,59,802
170,60,683
170,61,574
170,62,851
170,63,820
170,90,494
170,91,337
170,92,432
170,93,639
170,94,680
170,95,802
170,125,594
170,126,384
170,127,210
170,128,210
170,129,310
170,130,839
170,131,758
170,167,590
170,168,391
170,169,183
170,170,0
170,171,230
170,172,421
170,173,641
170,174,854
170,215,569
170,216,400
170,217,369
170,218,407
170,219,311
170,220,407
170,221,607
170,222,794
170,269,606
170,270,556
170,271,614
170,272,563
170,273,529
170,274,458
170,275,619
170,276,802
170,328,840
170,329,721
170,330,767
170,331,773
170,332,645
170,333,779
170,334,652
170,335,715
170,336,822
170,394,898
170,395,869
170,397,833
170,398,778
170,399,865
170,400,846
170,401,768
170,402,858
171,59,878
171,60,748
171,61,638
171,63,883
171,90,632
171,91,427
171,92,497
171,93,701
171,94,743
171,95,864
171,125,809
171,126,599
171,127,438
171,128,274
171,129,373
171,130,657
171,131,681
171,132,835
171,167,805
171,168,621
171,169,441
171,170,282
171,171,0
171,172,246
171,173,451
171,174,663
171,175,881
171,215,786
171,216,597
171,217,545
171,218,382
171,219,230
171,220,192
171,221,393
171,222,603
171,223,830
171,269,803
171,270,752
171,271,721
171,272,576
171,273,448
171,274,366
171,275,403
171,276,587
171,277,751
171,330,875
171,331,881
171,332,753
171,333,726
171,334,570
171,335,531
171,336,607
171,337,831
171,398,886
171,400,765
171,401,687
171,402,679
171,403,863
171,474,886
172,60,807
172,61,632
172,62,782
172,63,741
172,64,887
172,90,817
172,91,613
172,92,469
172,93,559
172,94,601
172,95,707
172,96,786
172,126,785
172,127,625
172,128,460
172,129,316
172,130,444
172,131,469
172,132,623
172,133,739
172,134,876
172,168,807
172,169,627
172,170,468
172,171,217
172,172,0
172,173,238
172,174,451
172,175,669
172,216,784
172,217,732
172,218,547
172,219,339
172,220,212
172,221,195
172,222,391
172,223,618
172,224,799
172,271,840
172,272,695
172,273,552
172,274,444
172,275,352
172,276,397
172,277,539
172,278,809
172,332,872
172,333,831
172,334,662
172,335,531
172,336,508
172,337,641
172,400,869
172,401,757
172,402,662
172,403,673
172,404,824
172,474,869
173,38,813
173,39,797
173,40,827
173,61,735
173,62,652
173,63,612
173,64,649
173,65,720
173,66,885
173,91,778
173,92,571
173,93,482
173,94,438
173,95,468
173,96,548
173,97,764
173,127,832
173,128,606
173,129,419
173,130,270
173,131,230
173,132,384
173,133,501
173,134,638
173,135,857
173,169,851
173,170,692
173,171,440
173,172,237
173,173,0
173,174,213
173,175,430
173,176,821
173,177,736
173,178,872
173,218,685
173,219,477
173,220,311
173,221,199
173,222,225
173,223,418
173,224,602
173,272,834
173,273,691
173,274,511
173,275,399
173,276,346
173,277,373
173,278,612
173,279,788
173,334,708
173,335,577
173,336,537
173,337,590
173,338,713
173,339,796
173,401,803
173,402,708
173,403,622
173,404,743
173,405,833
174,21,831
174,38,842
174,39,720
174,40,736
174,62,821
174,63,641
174,64,558
174,65,624
174,66,794
174,92,816
174,93,682
174,94,466
174,95,378
174,96,435
174,97,645
174,98,830
174,128,850
174,129,663
174,130,470
174,131,265
174,132,215
174,133,316
174,134,453
174,135,672
174,171,685
174,172,482
174,173,261
174,174,0
174,175,246
174,176,636
174,177,551
174,178,687
174,179,758
174,219,722
174,220,555
174,221,444
174,222,238
174,223,350
174,224,459
174,225,803
174,226,726
174,227,776
174,274,755
174,275,643
174,276,590
174,277,372
174,278,526
174,279,648
174,280,827
174,281,802
174,282,899
174,335,822
174,336,782
174,337,774
174,338,645
174,339,728
174,340,809
174,403,798
174,404,811
174,405,765
174,406,846
174,478,856
175,21,832
175,39,738
175,40,737
175,63,755
175,64,575
175,65,613
175,66,781
175,93,796
175,94,581
175,95,395
175,96,419
175,97,629
175,98,814
175,129,852
175,130,596
175,131,391
175,132,218
175,133,271
175,134,437
175,135,656
175,171,873
175,172,670
175,173,450
175,174,246
175,175,0
175,176,561
175,177,476
175,178,614
175,179,741
175,220,743
175,221,632
175,222,357
175,223,285
175,224,342
175,225,670
175,226,651
175,227,701
175,228,843
175,275,831
175,276,778
175,277,472
175,278,409
175,279,532
175,280,694
175,281,727
175,282,824
175,337,857
175,338,727
175,339,811
175,340,686
175,403,881
175,404,894
175,405,848
176,40,841
176,64,867
176,65,721
176,66,762
176,94,878
176,95,671
176,96,454
176,97,609
176,98,764
176,131,770
176,132,552
176,133,320
176,134,404
176,135,598
176,136,862
176,173,837
176,174,633
176,175,558
176,176,0
176,177,262
176,178,464
176,179,657
176,222,850
176,223,778
176,224,747
176,225,458
176,226,307
176,227,414
176,228,616
176,278,851
176,279,678
176,280,551
176,281,382
176,282,479
176,283,827
176,284,795
176,340,745
176,341,756
176,342,811
176,343,706
176,344,763
176,345,855
176,407,878
176,410,896
177,21,895
177,40,758
177,41,823
177,64,785
177,65,639
177,66,679
177,67,751
177,94,796
177,95,589
177,96,372
177,97,527
177,98,550
177,99,740
177,130,826
177,131,688
177,132,469
177,133,238
177,134,202
177,135,385
177,136,649
177,137,847
177,173,754
177,174,550
177,175,475
177,176,263
177,177,0
177,178,244
177,179,436
177,222,768
177,223,696
177,224,671
177,225,498
177,226,246
177,227,253
177,228,435
177,229,843
177,230,852
177,277,882
177,278,820
177,279,718
177,280,591
177,281,403
177,282,405
177,283,665
177,284,634
177,285,877
177,340,786
177,341,790
177,342,845
177,343,631
177,344,688
177,345,713
177,346,888
177,411,847
177,412,891
178,21,860
178,40,767
178,41,686
178,42,812
178,64,833
178,65,685
178,66,559
178,67,614
178,68,775
178,94,844
178,95,637
178,96,421
178,97,442
178,98,414
178,99,604
178,100,781
178,130,875
178,131,737
178,132,602
178,133,376
178,134,234
178,135,200
178,136,513
178,137,710
178,138,896
178,173,891
178,174,687
178,175,614
178,176,465
178,177,244
178,178,0
178,179,235
178,180,744
178,181,850
178,223,835
178,224,810
178,225,620
178,226,368
178,227,227
178,228,244
178,229,621
178,230,631
178,231,876
178,279,840
178,280,699
178,281,511
178,282,452
178,283,500
178,284,446
178,285,656
178,286,825
178,341,897
178,343,679
178,344,628
178,345,606
178,346,667
178,347,857
178,411,845
178,412,831
178,413,789
179,21,832
179,40,739
179,41,658
179,42,783
179,64,816
179,65,656
179,66,530
179,67,586
179,68,747
179,94,858
179,95,651
179,96,441
179,97,414
179,98,386
179,99,575
179,100,753
179,130,896
179,131,758
179,132,654
179,133,502
179,134,305
179,135,198
179,136,484
179,137,682
179,138,867
179,174,758
179,175,741
179,176,657
179,177,436
179,178,235
179,179,0
179,180,758
179,181,864
179,225,791
179,226,538
179,227,388
179,228,363
179,229,635
179,230,644
179,231,889
179,280,869
179,281,681
179,282,623
179,283,619
179,284,484
179,285,670
179,286,838
179,343,849
179,344,747
179,345,681
179,346,680
179,347,871
179,413,803
180,40,892
180,41,768
180,42,806
180,43,748
180,44,848
180,65,817
180,66,691
180,67,572
180,68,587
180,69,563
180,70,825
180,96,766
180,97,611
180,98,510
180,99,467
180,100,380
180,101,597
180,102,783
180,134,713
180,135,599
180,136,245
180,137,177
180,138,381
180,139,567
180,140,757
180,178,718
180,179,623
180,180,0
180,181,228
180,182,458
180,183,664
180,184,866
180,227,869
180,228,666
180,229,501
180,230,349
180,231,417
180,232,591
180,233,800
180,283,815
180,284,659
180,285,467
180,286,613
180,287,622
180,288,775
180,345,856
180,346,673
180,347,790
180,348,716
180,349,805
180,413,878
181,41,823
181,42,862
181,43,768
181,44,856
181,65,872
181,66,746
181,67,628
181,68,608
181,69,578
181,70,832
181,96,821
181,97,666
181,98,565
181,99,505
181,100,401
181,101,499
181,102,675
181,134,768
181,135,654
181,136,301
181,137,233
181,138,191
181,139,360
181,140,556
181,141,767
181,178,773
181,179,678
181,180,248
181,181,0
181,182,231
181,183,436
181,184,638
181,185,727
181,227,861
181,228,657
181,229,493
181,230,249
181,231,209
181,232,363
181,233,572
181,234,682
181,235,813
181,283,806
181,284,651
181,285,454
181,286,463
181,287,414
181,288,566
181,289,745
181,290,874
181,291,892
181,345,848
181,346,661
181,347,763
181,348,615
181,349,596
181,350,715
181,413,865
181,416,761
181,417,790
182,43,816
182,67,807
182,68,655
182,69,625
182,70,691
182,97,846
182,98,745
182,99,597
182,100,449
182,101,546
182,102,490
182,103,899
182,135,834
182,136,517
182,137,357
182,138,237
182,139,220
182,140,370
182,141,581
182,179,858
182,180,455
182,181,231
182,182,0
182,183,251
182,184,452
182,185,541
182,186,734
182,228,833
182,229,675
182,230,431
182,231,251
182,232,196
182,233,358
182,234,496
182,235,628
182,236,737
182,284,827
182,285,631
182,286,492
182,287,339
182,288,479
182,289,548
182,290,677
182,291,700
182,292,860
182,346,830
182,347,777
182,348,599
182,349,522
182,350,627
182,351,797
182,352,804
182,353,787
182,415,841
182,416,694
182,417,716
182,418,882
183,44,855
183,68,744
183,69,705
183,70,580
183,71,804
183,98,884
183,99,699
183,100,538
183,101,488
183,102,379
183,103,788
183,104,805
183,136,680
183,137,520
183,138,338
183,139,235
183,140,259
183,141,470
183,142,880
183,180,667
183,181,441
183,182,251
183,183,0
183,184,220
183,185,431
183,186,623
183,229,887
183,230,637
183,231,416
183,232,249
183,233,218
183,234,280
183,235,411
183,236,572
183,237,787
183,285,782
183,286,612
183,287,459
183,288,532
183,289,435
183,290,519
183,291,490
183,292,643
183,293,775
183,347,897
183,348,719
183,349,642
183,350,712
183,351,684
183,352,654
183,353,604
183,354,707
183,355,836
183,416,814
183,417,836
183,419,864
183,420,858
183,421,789
183,423,862
184,68,869
184,69,768
184,70,643
184,71,760
184,72,864
184,99,824
184,100,662
184,101,551
184,102,442
184,103,744
184,104,761
184,136,882
184,137,722
184,138,540
184,139,405
184,140,305
184,141,365
184,142,836
184,180,869
184,181,642
184,182,452
184,183,220
184,184,0
184,185,250
184,186,422
184,187,766
184,230,781
184,231,597
184,232,399
184,233,209
184,234,205
184,235,215
184,236,355
184,237,571
184,238,788
184,286,756
184,287,603
184,288,466
184,289,369
184,290,445
184,291,375
184,292,447
184,293,558
184,294,782
184,348,862
184,349,703
184,350,646
184,351,614
184,352,579
184,353,529
184,354,552
184,355,641
184,356,735
184,416,885
184,418,857
184,419,789
184,420,783
184,421,715
184,422,884
184,423,723
184,424,763
184,496,835
185,44,847
185,45,765
185,68,853
185,69,709
185,70,572
185,71,602
185,72,706
185,99,808
185,100,646
185,101,505
185,102,391
185,103,585
185,104,602
185,137,755
185,138,556
185,139,441
185,140,199
185,141,249
185,142,678
185,143,776
185,181,709
185,182,545
185,183,357
185,184,250
185,185,0
185,186,218
185,187,607
185,188,816
185,231,710
185,232,569
185,233,459
185,234,407
185,235,235
185,236,198
185,237,412
185,238,629
185,239,868
185,287,774
185,288,709
185,289,612
185,290,583
185,291,411
185,292,330
185,293,401
185,294,625
185,350,888
185,351,778
185,352,743
185,353,595
185,354,501
185,355,486
185,356,578
185,421,780
185,422,852
185,423,648
185,424,608
185,425,880
185,496,822
185,497,848
185,498,784
185,499,770
186,25,892
186,44,842
186,45,680
186,46,827
186,69,742
186,70,605
186,71,517
186,72,621
186,73,859
186,100,831
186,101,562
186,102,423
186,103,500
186,104,518
186,138,745
186,139,631
186,140,397
186,141,282
186,142,593
186,143,691
186,144,850
186,181,898
186,182,735
186,183,572
186,184,423
186,185,218
186,186,0
186,187,437
186,188,645
186,189,833
186,231,900
186,232,784
186,233,613
186,234,533
186,235,354
186,236,237
186,237,241
186,238,459
186,239,697
186,288,835
186,289,738
186,290,710
186,291,529
186,292,448
186,293,373
186,294,537
186,295,740
186,296,883
186,352,869
186,353,713
186,354,619
186,355,576
186,356,491
186,421,898
186,423,738
186,424,688
186,498,865
186,499,845
187,45,751
187,46,719
187,70,829
187,71,588
187,72,607
187,73,708
187,102,811
187,103,496
187,104,412
187,105,670
187,106,803
187,140,808
187,141,698
187,142,260
187,143,363
187,144,539
187,145,789
187,184,765
187,185,609
187,186,439
187,187,0
187,188,325
187,189,512
187,190,851
187,234,869
187,235,661
187,236,414
187,237,243
187,238,214
187,239,377
187,240,600
187,241,860
187,291,752
187,292,607
187,293,387
187,294,509
187,295,420
187,296,567
187,297,704
187,353,886
187,354,744
187,355,629
187,356,463
187,357,825
187,358,700
187,359,814
187,423,807
187,424,661
187,427,862
187,498,838
187,499,817
188,25,865
188,26,796
188,27,871
188,45,740
188,46,666
188,47,744
188,48,814
188,70,818
188,71,577
188,72,536
188,73,538
188,74,802
188,75,733
188,103,631
188,104,438
188,105,344
188,106,478
188,107,768
188,142,548
188,143,354
188,144,214
188,145,464
188,146,581
188,185,818
188,186,647
188,187,325
188,188,0
188,189,387
188,190,719
188,193,875
188,235,869
188,236,623
188,237,452
188,238,344
188,239,257
188,240,480
188,241,740
188,242,889
188,292,815
188,293,596
188,294,718
188,295,300
188,296,447
188,297,584
188,298,794
188,355,837
188,356,671
188,357,705
188,358,580
188,359,694
188,360,795
188,361,880
188,424,869
188,427,742
188,428,868
188,501,882
189,26,851
189,27,872
189,45,891
189,46,816
189,47,746
189,48,815
189,71,728
189,72,687
189,73,609
189,74,680
189,75,604
189,76,790
189,103,782
189,104,589
189,105,505
189,106,479
189,107,639
189,108,816
189,142,701
189,143,505
189,144,290
189,145,443
189,146,447
189,147,779
189,148,834
189,186,835
189,187,513
189,188,331
189,189,0
189,190,338
189,191,530
189,192,740
189,193,741
189,236,811
189,237,640
189,238,532
189,239,229
189,240,296
189,241,485
189,242,645
189,243,746
189,293,784
189,294,791
189,295,360
189,296,375
189,297,436
189,298,587
189,299,742
189,356,859
189,357,711
189,358,586
189,359,575
189,360,647
189,361,732
189,427,718
189,428,751
189,429,836
189,501,888
190,47,862
190,48,748
190,49,854
190,73,763
190,74,596
190,75,520
190,76,706
190,104,869
190,105,785
190,106,759
190,107,555
190,108,656
190,109,774
190,143,785
190,144,570
190,145,383
190,146,363
190,147,616
190,148,671
190,187,817
190,188,682
190,189,367
190,190,0
190,191,217
190,192,427
190,193,579
190,238,837
190,239,534
190,240,307
190,241,206
190,242,346
190,243,432
190,244,640
190,295,643
190,296,482
190,297,402
190,298,432
190,299,532
190,301,640
190,358,722
190,359,662
190,360,562
190,361,646
190,427,815
190,428,739
190,429,751
190,430,856
191,48,861
191,74,839
191,75,763
191,76,813
191,107,798
191,108,456
191,109,575
191,110,856
191,144,852
191,145,631
191,146,459
191,147,416
191,148,471
191,149,744
191,150,876
191,189,652
191,190,305
191,191,0
191,192,227
191,193,379
191,194,778
191,195,778
191,239,818
191,240,589
191,241,273
191,242,230
191,243,316
191,244,523
191,296,767
191,297,448
191,298,417
191,299,416
191,301,523
191,358,864
191,359,703
191,360,581
191,361,645
191,428,757
191,429,750
191,430,769
191,431,794
191,506,882
192,108,613
192,109,732
192,145,788
192,146,616
192,147,573
192,148,628
192,189,801
192,190,455
192,191,342
192,192,0
192,193,536
192,240,738
192,241,423
192,242,296
192,243,169
192,244,376
192,297,576
192,298,422
192,299,420
192,301,376
192,359,768
192,360,645
192,361,697
192,428,821
192,429,802
192,430,773
192,431,799
192,506,887
193,27,858
193,47,883
193,48,664
193,49,764
193,73,868
193,74,683
193,75,589
193,76,616
193,77,830
193,107,642
193,108,295
193,109,335
193,110,616
193,111,805
193,144,734
193,145,513
193,146,341
193,147,140
193,148,153
193,149,504
193,150,636
193,151,829
193,188,879
193,189,782
193,190,603
193,191,490
193,192,340
193,193,0
193,194,538
193,195,538
193,196,719
193,197,892
193,240,759
193,241,571
193,242,444
193,243,458
193,244,665
193,297,724
193,298,570
193,299,569
193,301,665
193,360,793
193,361,846
194,12,840
194,27,890
194,28,824
194,48,688
194,49,549
194,50,803
194,51,803
194,74,765
194,75,671
194,76,519
194,77,448
194,78,605
194,79,786
194,80,888
194,107,724
194,108,441
194,109,309
194,110,234
194,111,405
194,112,620
194,113,877
194,145,850
194,146,727
194,147,526
194,148,408
194,149,122
194,150,213
194,151,407
194,152,530
194,153,703
194,192,768
194,193,538
194,194,0
194,195,0
194,196,296
194,197,469
194,198,868
194,242,873
194,243,886
195,12,840
195,27,890
195,28,824
195,48,688
195,49,549
195,50,803
195,51,803
195,74,765
195,75,671
195,76,519
195,77,448
195,78,605
195,79,786
195,80,888
195,107,724
195,108,441
195,109,309
195,110,234
195,111,405
195,112,620
195,113,877
195,145,850
195,146,727
195,147,526
195,148,408
195,149,122
195,150,213
195,151,407
195,152,530
195,153,703
195,192,768
195,193,538
195,194,0
195,195,0
195,196,296
195,197,469
195,198,868
195,242,873
195,243,886
196,29,865
196,48,852
196,49,712
196,50,758
196,51,728
196,52,763
196,75,852
196,76,683
196,77,480
196,78,420
196,79,558
196,80,619
196,81,843
196,108,622
196,109,490
196,110,397
196,111,301
196,112,346
196,113,602
196,114,641
196,115,797
196,147,707
196,148,588
196,149,298
196,150,167
196,151,132
196,152,255
196,153,428
196,154,691
196,193,719
196,194,296
196,195,296
196,196,0
196,197,195
196,198,593
196,201,747
196,249,761
196,307,844
196,370,868
197,49,802
197,50,841
197,51,687
197,52,663
197,53,855
197,76,772
197,77,569
197,78,469
197,79,517
197,80,513
197,81,737
197,108,795
197,109,663
197,110,487
197,111,384
197,112,261
197,113,496
197,114,536
197,115,691
197,116,857
197,147,880
197,148,761
197,149,471
197,150,326
197,151,149
197,152,149
197,153,323
197,154,585
197,155,796
197,156,870
197,193,892
197,194,469
197,195,469
197,196,195
197,197,0
197,198,487
197,201,641
197,249,656
197,250,810
197,251,876
197,306,843
197,307,738
197,370,763
198,51,753
198,52,657
198,53,849
198,77,750
198,78,626
198,79,559
198,80,507
198,81,730
198,110,731
198,111,541
198,112,418
198,113,490
198,114,581
198,115,684
198,116,851
198,149,716
198,150,570
198,151,393
198,152,299
198,153,430
198,154,692
198,156,863
198,194,714
198,195,714
198,196,439
198,197,329
198,198,0
198,199,776
198,200,776
198,201,748
198,247,539
198,248,653
198,249,168
198,250,323
198,251,388
198,253,776
198,305,539
198,306,356
198,307,850
198,308,474
198,368,720
198,369,615
198,370,521
198,371,801
198,372,610
198,373,892
198,438,742
198,439,656
198,440,733
198,513,890
198,514,847
198,515,889
199,198,777
199,199,0
199,200,0
199,249,633
199,250,453
199,251,439
199,253,0
199,306,811
199,308,605
199,372,740
200,198,777
200,199,0
200,200,0
200,249,633
200,250,453
200,251,439
200,253,0
200,306,811
200,308,605
200,372,740
201,51,892
201,52,738
201,53,733
201,54,882
201,78,841
201,79,714
201,80,501
201,81,550
201,82,813
201,111,801
201,112,678
201,113,558
201,114,273
201,115,400
201,116,554
201,117,777
201,150,840
201,151,661
201,152,471
201,153,273
201,154,73
201,155,274
201,156,457
201,157,646
201,158,869
201,196,709
201,197,599
201,198,574
201,201,0
201,202,505
201,203,531
201,204,762
201,205,899
201,249,743
201,250,897
201,254,505
201,255,615
201,256,697
202,52,822
202,53,803
202,54,874
202,79,827
202,80,612
202,81,620
202,82,777
202,83,730
202,113,760
202,114,567
202,115,431
202,116,433
202,117,526
202,118,683
202,152,765
202,153,567
202,154,450
202,155,275
202,156,233
202,157,341
202,158,564
202,159,683
202,197,893
202,198,868
202,201,444
202,202,0
202,203,210
202,204,456
202,205,593
202,206,684
202,207,789
202,254,0
202,255,282
202,256,364
202,257,604
202,258,789
202,259,804
202,313,778
202,314,634
202,315,613
202,316,831
202,378,758
202,379,674
202,380,674
202,449,821
203,52,754
203,53,735
203,54,790
203,55,894
203,79,775
203,80,561
203,81,552
203,82,693
203,83,646
203,112,851
203,113,708
203,114,583
203,115,380
203,116,348
203,117,441
203,118,597
203,152,826
203,153,628
203,154,511
203,155,335
203,156,178
203,157,226
203,158,432
203,159,597
203,201,505
203,202,226
203,203,0
203,204,283
203,205,414
203,206,504
203,207,609
203,254,226
203,255,158
203,256,221
203,257,425
203,258,609
203,259,624
203,312,818
203,313,636
203,314,492
203,315,470
203,316,651
203,317,737
203,377,818
203,378,616
203,379,532
203,380,532
203,381,779
203,448,787
203,449,679
203,450,776
203,451,834
203,525,853
203,526,803
203,527,835
204,52,815
204,53,705
204,54,703
204,55,807
204,80,687
204,81,614
204,82,606
204,83,520
204,113,836
204,114,731
204,115,524
204,116,402
204,117,345
204,118,409
204,153,855
204,154,738
204,155,563
204,156,359
204,157,216
204,158,149
204,159,409
204,201,732
204,202,454
204,203,284
204,204,0
204,205,163
204,206,262
204,207,369
204,254,454
204,255,305
204,256,187
204,257,185
204,258,369
204,259,384
204,312,828
204,313,645
204,314,501
204,315,480
204,316,411
204,317,497
204,377,828
204,378,626
204,379,541
204,380,541
204,381,539
204,382,772
204,448,796
204,449,689
204,450,785
204,451,843
204,525,862
204,526,813
204,527,845
205,53,782
205,54,779
205,55,884
205,80,815
205,81,714
205,82,682
205,83,597
205,114,894
205,115,687
205,116,507
205,117,422
205,118,485
205,155,725
205,156,522
205,157,360
205,158,225
205,159,485
205,201,895
205,202,617
205,203,447
205,204,163
205,205,0
205,206,158
205,207,269
205,254,617
205,255,468
205,256,350
205,257,172
205,258,269
205,259,290
205,313,808
205,314,664
205,315,643
205,316,387
205,317,473
205,378,788
205,379,704
205,380,704
205,381,516
205,382,748
205,449,851
206,53,881
206,54,878
206,81,813
206,82,781
206,83,696
206,115,786
206,116,606
206,117,521
206,118,584
206,155,824
206,156,621
206,157,459
206,158,324
206,159,584
206,202,716
206,203,540
206,204,262
206,205,158
206,206,0
206,207,155
206,254,716
206,255,547
206,256,429
206,257,159
206,258,155
206,259,176
206,313,887
206,314,743
206,315,722
206,316,299
206,317,385
206,378,868
206,379,783
206,380,783
206,381,427
206,382,660
206,530,859
207,82,892
207,83,806
207,115,896
207,116,717
207,117,631
207,118,695
207,156,731
207,157,569
207,158,435
207,159,695
207,202,826
207,203,650
207,204,372
207,205,269
207,206,155
207,207,0
207,254,826
207,255,657
207,256,539
207,257,264
207,258,0
207,259,95
207,314,853
207,315,832
207,316,250
207,317,336
207,379,893
207,380,893
207,381,378
207,382,611
207,530,810
207,613,877
207,614,877
208,33,789
208,54,887
208,55,689
208,56,567
208,57,751
208,84,551
208,85,358
208,86,513
208,87,887
208,119,396
208,120,276
208,121,286
208,122,616
208,123,834
208,160,299
208,161,0
208,162,62
208,163,690
208,164,734
208,208,0
208,209,57
208,210,814
209,33,788
209,54,887
209,55,688
209,56,567
209,57,750
209,84,551
209,85,357
209,86,513
209,87,886
209,119,396
209,120,275
209,121,286
209,122,616
209,123,833
209,160,299
209,161,57
209,162,23
209,163,690
209,164,733
209,208,57
209,209,0
209,210,813
210,33,824
210,55,801
210,56,619
210,57,689
210,59,892
210,84,816
210,85,643
210,86,541
210,87,556
210,88,618
210,119,706
210,120,719
210,121,522
210,122,364
210,123,425
210,124,727
210,160,743
210,161,808
210,162,811
210,163,141
210,164,238
210,165,484
210,166,728
210,208,808
210,209,807
210,210,0
210,211,312
210,212,375
210,213,581
210,214,747
210,262,766
210,263,766
210,264,585
210,265,459
210,266,554
210,267,685
210,268,857
210,323,766
210,324,734
210,325,613
210,326,742
210,327,891
210,389,845
210,390,730
210,391,820
211,33,883
211,55,860
211,56,679
211,57,699
211,59,839
211,84,875
211,85,702
211,86,601
211,87,566
211,88,566
211,119,765
211,120,779
211,121,581
211,122,412
211,123,389
211,124,639
211,160,802
211,161,867
211,162,870
211,163,244
211,164,182
211,165,384
211,166,629
211,208,867
211,209,867
211,210,254
211,211,0
211,212,232
211,213,438
211,214,604
211,262,623
211,263,623
211,264,442
211,265,316
211,266,411
211,267,542
211,268,714
211,323,623
211,324,591
211,325,470
211,326,599
211,327,748
211,389,702
211,390,587
211,391,677
211,392,805
211,393,893
211,461,775
211,462,861
211,539,893
212,56,743
212,57,715
212,58,894
212,59,743
212,85,767
212,86,665
212,87,582
212,88,536
212,89,848
212,119,829
212,120,843
212,121,645
212,122,440
212,123,371
212,124,486
212,125,804
212,160,866
212,163,362
212,164,208
212,165,164
212,166,425
212,210,371
212,211,224
212,212,0
212,213,273
212,214,442
212,262,562
212,263,562
212,264,381
212,265,255
212,266,260
212,267,380
212,268,552
212,269,812
212,323,562
212,324,531
212,325,319
212,326,437
212,327,586
212,328,781
212,389,641
212,390,506
212,391,596
212,392,643
212,393,731
212,460,856
212,461,694
212,462,779
212,463,842
212,464,839
212,539,811
213,56,881
213,57,808
213,59,729
213,86,803
213,87,674
213,88,589
213,89,834
213,90,832
213,121,783
213,122,578
213,123,437
213,124,351
213,125,577
213,126,764
213,163,574
213,164,409
213,165,291
213,166,196
213,167,758
213,168,872
213,210,583
213,211,435
213,212,293
213,213,0
213,214,210
213,215,729
213,216,893
213,262,702
213,263,702
213,264,521
213,265,404
213,266,379
213,267,221
213,268,380
213,269,644
213,323,702
213,324,640
213,325,416
213,326,328
213,327,441
213,328,622
213,329,761
213,389,743
213,390,604
213,391,629
213,392,534
213,393,620
213,394,748
213,395,893
213,461,792
213,462,810
213,463,769
213,464,728
213,539,877
213,540,897
214,57,898
214,59,718
214,60,739
214,61,767
214,87,764
214,88,678
214,90,622
214,91,724
214,122,726
214,123,527
214,124,423
214,125,368
214,126,554
214,127,810
214,163,730
214,164,557
214,165,427
214,166,218
214,167,548
214,168,662
214,169,833
214,210,744
214,211,596
214,212,440
214,213,210
214,214,0
214,215,520
214,216,687
214,217,826
214,262,863
214,263,863
214,264,681
214,265,565
214,266,537
214,267,206
214,268,233
214,269,438
214,270,694
214,271,888
214,323,863
214,324,798
214,325,574
214,326,416
214,327,323
214,328,435
214,329,555
214,330,839
214,390,750
214,391,740
214,392,571
214,393,587
214,394,542
214,395,687
214,463,736
214,464,694
214,465,758
214,466,707
214,467,888
214,542,891
214,544,865
215,59,733
215,60,754
215,61,713
215,90,581
215,91,485
215,92,675
215,125,383
215,126,325
215,127,430
215,128,611
215,129,815
215,166,803
215,167,255
215,168,213
215,169,348
215,170,514
215,171,743
215,213,815
215,214,605
215,215,0
215,216,308
215,217,466
215,218,587
215,219,712
215,220,878
215,267,656
215,268,542
215,269,381
215,270,468
215,271,665
215,272,660
215,273,781
215,326,779
215,327,640
215,328,480
215,329,586
215,330,743
215,331,825
215,332,742
215,333,876
215,392,896
215,393,638
215,394,587
215,395,718
215,397,885
215,398,875
215,464,821
215,465,803
215,466,752
215,544,896
216,59,878
216,60,828
216,61,769
216,90,636
216,91,530
216,92,695
216,125,559
216,126,381
216,127,360
216,128,540
216,129,715
216,166,886
216,167,381
216,168,215
216,169,239
216,170,405
216,171,634
216,172,782
216,213,873
216,214,688
216,215,256
216,216,0
216,217,200
216,218,430
216,219,555
216,220,721
216,267,681
216,268,567
216,269,249
216,270,255
216,271,427
216,272,492
216,273,624
216,274,748
216,326,804
216,327,664
216,328,505
216,329,421
216,330,530
216,331,587
216,332,564
216,333,698
216,334,841
216,393,663
216,394,562
216,395,568
216,396,719
216,397,647
216,398,660
216,399,780
216,464,845
216,465,762
216,466,696
216,467,744
216,468,834
216,471,867
216,544,838
216,545,892
217,60,885
217,61,824
217,90,693
217,91,582
217,92,727
217,125,651
217,126,437
217,127,391
217,128,535
217,129,661
217,167,541
217,168,376
217,169,185
217,170,350
217,171,580
217,172,711
217,214,827
217,215,416
217,216,200
217,217,0
217,218,329
217,219,485
217,220,650
217,221,854
217,267,820
217,268,706
217,269,393
217,270,272
217,271,304
217,272,361
217,273,506
217,274,678
217,275,857
217,327,804
217,328,644
217,329,478
217,330,422
217,331,464
217,332,441
217,333,575
217,334,723
217,393,802
217,394,662
217,395,625
217,396,611
217,397,524
217,398,537
217,399,656
217,400,802
217,465,861
217,466,796
217,467,747
217,468,711
217,471,744
217,472,881
217,545,895
218,61,865
218,90,815
218,91,653
218,92,723
218,125,773
218,126,560
218,127,514
218,128,501
218,129,599
218,167,720
218,168,498
218,169,308
218,170,473
218,171,418
218,172,527
218,173,704
218,215,622
218,216,430
218,217,330
218,218,0
218,219,208
218,220,421
218,221,627
218,222,857
218,269,639
218,270,489
218,271,366
218,272,221
218,273,247
218,274,433
218,275,612
218,276,805
218,328,872
218,329,687
218,330,520
218,331,526
218,332,398
218,333,434
218,334,464
218,335,680
218,336,813
218,394,884
218,395,834
218,396,709
218,397,586
218,398,531
218,399,617
218,400,544
218,401,706
218,402,823
218,467,845
218,468,773
218,470,896
218,471,705
218,472,749
218,473,799
219,60,823
219,61,713
219,90,707
219,91,501
219,92,571
219,93,776
219,94,817
219,125,883
219,126,673
219,127,513
219,128,349
219,129,447
219,130,703
219,131,727
219,132,881
219,167,845
219,168,624
219,169,433
219,170,356
219,171,266
219,172,356
219,173,497
219,174,710
219,215,747
219,216,555
219,217,465
219,218,208
219,219,0
219,220,215
219,221,421
219,222,649
219,223,876
219,269,764
219,270,642
219,271,501
219,272,356
219,273,218
219,274,227
219,275,406
219,276,600
219,277,797
219,329,840
219,330,655
219,331,661
219,332,533
219,333,496
219,334,381
219,335,485
219,336,610
219,337,844
219,396,844
219,397,721
219,398,666
219,399,745
219,400,535
219,401,538
219,402,627
219,403,867
219,471,840
219,472,740
219,473,763
219,474,748
219,552,815
220,61,809
220,62,859
220,63,900
220,90,803
220,91,597
220,92,667
220,93,689
220,94,751
220,95,782
220,96,861
220,126,770
220,127,609
220,128,445
220,129,529
220,130,519
220,131,544
220,132,697
220,133,814
220,168,791
220,169,601
220,170,452
220,171,177
220,172,212
220,173,313
220,174,526
220,175,744
220,216,724
220,217,633
220,218,414
220,219,206
220,220,0
220,221,214
220,222,466
220,223,693
220,224,874
220,270,833
220,271,693
220,272,548
220,273,382
220,274,231
220,275,212
220,276,395
220,277,613
220,278,884
220,330,847
220,331,853
220,332,714
220,333,661
220,334,451
220,335,339
220,336,415
220,337,639
220,398,847
220,399,870
220,400,661
220,401,565
220,402,487
220,403,671
220,404,838
220,472,866
220,473,791
220,474,694
220,552,843
221,61,803
221,62,748
221,63,788
221,64,850
221,91,798
221,92,640
221,93,578
221,94,639
221,95,670
221,96,750
221,127,809
221,128,645
221,129,487
221,130,408
221,131,432
221,132,586
221,133,702
221,134,840
221,169,805
221,170,653
221,171,378
221,172,195
221,173,202
221,174,415
221,175,632
221,217,837
221,218,617
221,219,409
221,220,218
221,221,0
221,222,354
221,223,581
221,224,762
221,272,755
221,273,538
221,274,330
221,275,217
221,276,219
221,277,502
221,278,772
221,332,849
221,333,795
221,334,527
221,335,396
221,336,352
221,337,463
221,338,791
221,339,861
221,400,737
221,401,622
221,402,527
221,403,495
221,404,644
221,405,800
221,473,848
221,474,734
221,477,840
221,552,900
222,61,886
222,62,802
222,63,731
222,64,768
222,65,839
222,92,722
222,93,633
222,94,557
222,95,588
222,96,667
222,97,880
222,128,756
222,129,570
222,130,452
222,131,350
222,132,450
222,133,550
222,134,688
222,170,843
222,171,591
222,172,388
222,173,228
222,174,238
222,175,374
222,176,871
222,177,785
222,218,836
222,219,628
222,220,461
222,221,350
222,222,0
222,223,256
222,224,440
222,225,783
222,273,841
222,274,662
222,275,549
222,276,496
222,277,238
222,278,450
222,279,627
222,280,807
222,281,849
222,334,859
222,335,728
222,336,688
222,337,680
222,338,551
222,339,634
222,340,786
222,402,859
222,403,704
222,404,717
222,405,671
222,406,752
222,407,871
222,478,762
223,63,859
223,64,769
223,65,822
223,93,868
223,94,684
223,95,589
223,96,632
223,97,842
223,129,805
223,130,658
223,131,477
223,132,412
223,133,493
223,134,650
223,135,869
223,171,827
223,172,623
223,173,432
223,174,366
223,175,285
223,176,783
223,177,698
223,178,836
223,219,864
223,220,697
223,221,586
223,222,269
223,223,0
223,224,231
223,225,575
223,226,811
223,274,897
223,275,785
223,276,732
223,277,241
223,278,246
223,279,420
223,280,599
223,281,641
223,336,859
223,337,631
223,338,501
223,339,585
223,340,581
223,341,805
223,342,859
223,403,655
223,404,668
223,405,622
223,406,703
223,407,792
223,477,863
223,478,713
223,479,862
224,64,834
224,65,887
224,94,840
224,95,654
224,96,697
224,130,846
224,131,650
224,132,477
224,133,551
224,134,715
224,172,818
224,173,626
224,174,467
224,175,350
224,176,737
224,177,756
224,178,895
224,220,892
224,221,780
224,222,463
224,223,237
224,224,0
224,225,376
224,226,612
224,227,786
224,277,330
224,278,249
224,279,252
224,280,400
224,281,442
224,282,754
224,337,697
224,338,568
224,339,651
224,340,390
224,341,605
224,342,660
224,343,737
224,403,721
224,404,734
224,405,689
224,406,631
224,407,611
224,408,772
224,409,892
224,410,863
224,478,780
224,479,775
224,480,831
224,558,896
225,95,888
225,96,671
225,97,826
225,132,769
225,133,537
225,134,620
225,135,779
225,174,805
225,175,675
225,176,420
225,177,472
225,178,591
225,179,765
225,222,801
225,223,575
225,224,399
225,225,0
225,226,320
225,227,469
225,228,671
225,277,637
225,278,480
225,279,309
225,280,234
225,281,262
225,282,477
225,283,881
225,284,850
225,337,852
225,338,723
225,339,747
225,340,388
225,341,440
225,342,495
225,343,558
225,344,727
225,345,853
225,403,877
225,404,889
225,405,836
225,406,629
225,407,561
225,408,607
225,409,727
225,410,684
225,411,725
225,412,873
225,478,795
225,479,773
225,480,787
225,482,779
225,483,843
225,558,894
226,65,824
226,66,864
226,95,774
226,96,557
226,97,712
226,98,837
226,131,872
226,132,654
226,133,422
226,134,506
226,135,646
226,174,735
226,175,660
226,176,306
226,177,339
226,178,458
226,179,632
226,223,771
226,224,595
226,225,283
226,226,0
226,227,336
226,228,538
226,277,834
226,278,677
226,279,503
226,280,353
226,281,165
226,282,325
226,283,740
226,284,716
226,339,869
226,340,571
226,341,551
226,342,606
226,343,552
226,344,608
226,345,700
226,406,751
226,407,673
226,408,718
226,409,740
226,410,679
226,411,719
226,412,811
226,479,895
226,480,898
226,482,890
226,483,856
227,65,841
227,66,774
227,67,829
227,95,791
227,96,574
227,97,657
227,98,629
227,99,819
227,131,890
227,132,695
227,133,463
227,134,376
227,135,415
227,136,728
227,137,846
227,174,776
227,175,701
227,176,399
227,177,253
227,178,227
227,179,388
227,180,734
227,181,840
227,224,796
227,225,495
227,226,212
227,227,0
227,228,203
227,229,611
227,230,621
227,231,866
227,278,877
227,279,684
227,280,526
227,281,338
227,282,279
227,283,412
227,284,380
227,285,646
227,286,815
227,340,751
227,341,724
227,342,779
227,343,506
227,344,436
227,345,460
227,346,657
227,347,847
227,407,846
227,408,891
227,409,872
227,410,786
227,411,654
227,412,639
227,413,779
227,485,852
227,486,899
228,41,899
228,65,897
228,66,771
228,67,794
228,95,850
228,96,633
228,97,654
228,98,626
228,99,716
228,100,845
228,132,831
228,133,605
228,134,463
228,135,412
228,136,618
228,137,643
228,138,820
228,175,843
228,176,600
228,177,435
228,178,244
228,179,363
228,180,531
228,181,637
228,182,826
228,225,696
228,226,415
228,227,203
228,228,0
228,229,408
228,230,417
228,231,662
228,232,808
228,279,887
228,280,729
228,281,541
228,282,483
228,283,285
228,284,202
228,285,443
228,286,612
228,287,700
228,343,643
228,344,439
228,345,373
228,346,453
228,347,644
228,348,714
228,349,832
228,410,819
228,411,656
228,412,642
228,413,576
228,414,758
228,485,806
228,486,852
228,487,726
228,488,896
229,67,817
229,96,896
229,97,802
229,98,755
229,99,739
229,100,855
229,133,868
229,134,726
229,135,643
229,136,641
229,137,653
229,138,830
229,176,892
229,177,727
229,178,507
229,179,521
229,180,541
229,181,647
229,182,836
229,226,708
229,227,496
229,228,293
229,229,0
229,230,427
229,231,672
229,232,818
229,281,834
229,282,748
229,283,441
229,284,286
229,285,453
229,286,622
229,287,710
229,343,877
229,344,631
229,345,483
229,346,463
229,347,654
229,348,724
229,349,842
229,411,878
229,412,706
229,413,586
229,414,768
229,485,844
229,486,890
229,487,736
230,66,869
230,67,751
230,68,766
230,69,741
230,97,789
230,98,688
230,99,645
230,100,558
230,101,730
230,102,875
230,134,843
230,135,760
230,136,424
230,137,356
230,138,423
230,139,559
230,140,755
230,177,844
230,178,624
230,179,638
230,180,244
230,181,242
230,182,430
230,183,636
230,184,837
230,226,825
230,227,613
230,228,410
230,229,302
230,230,0
230,231,289
230,232,495
230,233,674
230,234,840
230,282,865
230,283,559
230,284,403
230,285,207
230,286,353
230,287,394
230,288,615
230,289,836
230,344,748
230,345,600
230,346,413
230,347,530
230,348,456
230,349,542
230,350,764
230,412,823
230,413,618
230,414,788
230,415,854
230,416,707
230,417,736
230,487,804
231,67,825
231,68,779
231,69,749
231,70,855
231,97,864
231,98,763
231,99,682
231,100,573
231,101,670
231,102,654
231,135,852
231,136,498
231,137,431
231,138,363
231,139,449
231,140,534
231,141,745
231,178,834
231,179,848
231,180,319
231,181,225
231,182,261
231,183,415
231,184,592
231,185,705
231,186,898
231,227,823
231,228,620
231,229,533
231,230,250
231,231,0
231,232,217
231,233,396
231,234,562
231,235,713
231,283,769
231,284,613
231,285,401
231,286,272
231,287,218
231,288,368
231,289,558
231,290,687
231,291,710
231,345,810
231,346,592
231,347,573
231,348,419
231,349,400
231,350,517
231,351,807
231,352,814
231,353,798
231,413,793
231,414,856
231,415,712
231,416,565
231,417,594
231,418,772
231,489,835
232,68,821
232,69,791
232,70,781
232,98,894
232,99,746
232,100,615
232,101,688
232,102,580
232,136,664
232,137,506
232,138,403
232,139,396
232,140,460
232,141,671
232,180,526
232,181,363
232,182,196
232,183,230
232,184,398
232,185,631
232,186,802
232,228,782
232,229,695
232,230,412
232,231,221
232,232,0
232,233,263
232,234,429
232,235,572
232,236,735
232,284,776
232,285,557
232,286,386
232,287,234
232,288,373
232,289,425
232,290,554
232,291,577
232,292,781
232,346,734
232,347,671
232,348,493
232,349,417
232,350,522
232,351,674
232,352,681
232,353,665
232,354,788
232,415,735
232,416,588
232,417,610
232,418,777
232,419,861
232,420,885
232,421,850
232,489,859
233,69,893
233,70,768
233,99,885
233,100,723
233,101,675
233,102,567
233,136,863
233,137,703
233,138,521
233,139,451
233,140,447
233,141,574
233,180,733
233,181,577
233,182,410
233,183,218
233,184,209
233,185,459
233,186,612
233,229,874
233,230,591
233,231,428
233,232,258
233,233,0
233,234,192
233,235,324
233,236,545
233,237,761
233,285,736
233,286,566
233,287,413
233,288,334
233,289,237
233,290,366
233,291,389
233,292,556
233,293,748
233,347,850
233,348,672
233,349,571
233,350,514
233,351,486
233,352,492
233,353,476
233,354,600
233,355,735
233,416,753
233,417,769
233,418,738
233,419,673
233,420,696
233,421,662
233,422,831
233,423,749
233,424,884
233,492,886
233,493,799
233,496,782
233,497,877
234,70,830
234,100,785
234,101,737
234,102,629
234,103,888
234,137,768
234,138,585
234,139,513
234,140,449
234,141,509
234,180,899
234,181,686
234,182,496
234,183,280
234,184,205
234,185,394
234,186,520
234,187,831
234,230,756
234,231,594
234,232,423
234,233,192
234,234,0
234,235,197
234,236,437
234,237,635
234,238,853
234,286,731
234,287,578
234,288,371
234,289,274
234,290,239
234,291,210
234,292,397
234,293,622
234,294,839
234,348,792
234,349,608
234,350,551
234,351,415
234,352,380
234,353,324
234,354,427
234,355,556
234,356,779
234,416,790
234,417,806
234,418,659
234,419,590
234,420,582
234,421,509
234,422,679
234,423,582
234,424,705
234,492,805
234,493,716
234,494,840
234,495,772
234,496,630
234,497,724
234,498,808
234,577,778
235,69,850
235,70,713
235,71,786
235,72,890
235,100,767
235,101,637
235,102,523
235,103,770
235,104,787
235,137,876
235,138,678
235,139,562
235,140,331
235,141,392
235,142,857
235,181,818
235,182,628
235,183,412
235,184,213
235,185,242
235,186,360
235,187,634
235,188,842
235,231,746
235,232,574
235,233,325
235,234,208
235,235,0
235,236,240
235,237,438
235,238,656
235,239,894
235,286,883
235,287,730
235,288,525
235,289,428
235,290,384
235,291,178
235,292,232
235,293,425
235,294,643
235,349,762
235,350,705
235,351,579
235,352,544
235,353,362
235,354,337
235,355,448
235,356,596
235,418,822
235,419,754
235,420,718
235,421,547
235,422,703
235,423,509
235,424,616
235,425,894
235,493,880
235,495,810
235,496,658
235,497,709
235,498,734
235,499,783
235,577,807
236,45,898
236,69,851
236,70,714
236,71,735
236,72,839
236,100,843
236,101,671
236,102,533
236,103,718
236,104,735
236,138,753
236,139,637
236,140,396
236,141,392
236,142,635
236,143,755
236,144,834
236,182,741
236,183,554
236,184,357
236,185,198
236,186,237
236,187,412
236,188,620
236,189,807
236,232,738
236,233,547
236,234,467
236,235,287
236,236,0
236,237,216
236,238,434
236,239,672
236,240,895
236,288,769
236,289,672
236,290,641
236,291,388
236,292,243
236,293,246
236,294,479
236,295,715
236,296,824
236,351,836
236,352,722
236,353,523
236,354,414
236,355,396
236,356,432
236,358,884
236,420,879
236,421,708
236,422,762
236,423,558
236,424,518
236,425,791
236,496,736
236,497,758
236,498,695
236,499,681
236,500,819
236,577,884
236,579,880
236,580,863
237,45,870
237,70,817
237,71,706
237,72,789
237,101,809
237,102,671
237,103,679
237,104,595
237,105,772
237,139,879
237,140,640
237,141,530
237,142,443
237,143,563
237,144,641
237,145,892
237,183,797
237,184,596
237,185,441
237,186,270
237,187,219
237,188,428
237,189,615
237,233,787
237,234,700
237,235,492
237,236,246
237,237,0
237,238,241
237,239,480
237,240,703
237,290,836
237,291,583
237,292,438
237,293,259
237,294,384
237,295,522
237,296,670
237,297,806
237,353,718
237,354,592
237,355,503
237,356,337
237,358,789
237,422,879
237,423,676
237,424,536
237,425,802
237,497,876
237,498,712
237,499,692
237,500,829
237,579,863
237,580,874
238,45,853
238,46,759
238,71,689
238,72,649
238,73,747
238,102,859
238,103,671
238,104,550
238,105,674
238,106,807
238,140,828
238,141,718
238,142,434
238,143,403
238,144,544
238,145,794
238,184,785
238,185,629
238,186,458
238,187,211
238,188,330
238,189,517
238,190,856
238,234,888
238,235,680
238,236,434
238,237,263
238,238,0
238,239,382
238,240,605
238,241,864
238,291,771
238,292,626
238,293,407
238,294,529
238,295,425
238,296,572
238,297,709
238,354,764
238,355,648
238,356,482
238,357,830
238,358,705
238,359,819
238,423,827
238,424,681
238,427,866
238,498,857
238,499,837
239,46,888
239,47,820
239,48,890
239,71,799
239,72,758
239,73,684
239,74,877
239,75,808
239,103,802
239,104,660
239,105,566
239,106,553
239,107,844
239,142,565
239,143,576
239,144,365
239,145,540
239,146,656
239,185,834
239,186,664
239,187,342
239,188,222
239,189,247
239,190,574
239,191,766
239,235,886
239,236,639
239,237,469
239,238,361
239,239,0
239,240,322
239,241,582
239,242,731
239,292,832
239,293,613
239,294,616
239,295,185
239,296,248
239,297,426
239,298,636
239,299,792
239,355,854
239,356,688
239,357,536
239,358,411
239,359,495
239,360,602
239,361,722
239,424,886
239,426,896
239,427,573
239,428,668
239,429,820
239,501,713
239,502,875
239,581,814
239,582,836
240,72,893
240,73,815
240,74,770
240,75,694
240,76,881
240,104,795
240,105,710
240,106,685
240,107,729
240,142,825
240,143,710
240,144,496
240,145,558
240,146,537
240,147,869
240,187,602
240,188,467
240,189,293
240,190,429
240,191,566
240,192,713
240,193,832
240,236,899
240,237,728
240,238,621
240,239,318
240,240,0
240,241,376
240,242,536
240,243,702
240,293,872
240,294,705
240,295,428
240,296,267
240,297,248
240,298,458
240,299,614
240,356,834
240,357,701
240,358,468
240,359,387
240,360,459
240,361,544
240,427,562
240,428,563
240,429,649
240,430,753
241,74,801
241,75,725
241,105,893
241,106,867
241,107,760
241,108,641
241,109,760
241,143,893
241,144,679
241,145,589
241,146,568
241,147,601
241,148,656
241,188,771
241,189,495
241,190,206
241,191,216
241,192,412
241,193,564
241,239,622
241,240,389
241,241,0
241,242,239
241,243,401
241,244,608
241,295,732
241,296,571
241,297,248
241,298,246
241,299,402
241,301,608
241,357,898
241,358,665
241,359,518
241,360,396
241,361,460
241,427,724
241,428,572
241,429,565
241,430,669
241,431,795
242,48,884
242,74,863
242,75,787
242,76,837
242,107,822
242,108,480
242,109,598
242,110,880
242,144,837
242,145,655
242,146,483
242,147,440
242,148,495
242,149,768
242,150,899
242,189,654
242,190,322
242,191,209
242,192,251
242,193,403
242,194,802
242,195,802
242,239,780
242,240,548
242,241,235
242,242,0
242,243,201
242,244,408
242,295,890
242,296,729
242,297,363
242,298,278
242,299,301
242,301,408
242,358,724
242,359,562
242,360,439
242,361,492
242,362,871
242,363,896
242,427,768
242,428,616
242,429,596
242,430,653
242,431,679
242,432,825
242,506,767
243,75,896
243,108,589
243,109,708
243,145,765
243,146,593
243,147,549
243,148,604
243,149,877
243,189,778
243,190,431
243,191,318
243,192,169
243,193,512
243,240,715
243,241,399
243,242,272
243,243,0
243,244,207
243,296,893
243,297,552
243,298,398
243,299,397
243,301,207
243,359,744
243,360,621
243,361,674
243,428,797
243,429,778
243,430,749
243,431,775
243,506,863
244,108,797
244,146,800
244,147,757
244,148,812
244,190,638
244,191,526
244,192,376
244,193,719
244,241,607
244,242,480
244,243,207
244,244,0
244,297,760
244,298,605
244,299,604
244,301,0
244,360,829
244,361,881
245,245,0
245,246,120
245,302,131
245,303,120
245,304,120
245,306,785
245,365,610
245,366,446
245,367,260
245,368,440
245,369,580
245,370,769
245,433,882
245,434,805
245,435,617
245,436,438
245,437,420
245,438,634
245,439,787
245,510,782
245,511,866
245,512,591
245,513,578
245,514,781
245,592,865
245,593,823
245,594,729
245,595,845
245,682,883
246,245,120
246,246,0
246,302,194
246,303,0
246,304,0
246,306,815
246,365,640
246,366,476
246,367,290
246,368,471
246,369,610
246,370,799
246,434,835
246,435,647
246,436,468
246,437,450
246,438,664
246,439,817
246,510,813
246,511,896
246,512,622
246,513,608
246,514,811
246,592,896
246,593,853
246,594,760
246,595,875
247,151,898
247,152,804
247,197,834
247,198,540
247,247,0
247,248,699
247,249,371
247,250,545
247,251,610
247,305,0
247,306,184
247,307,772
247,308,696
247,367,740
247,368,552
247,369,448
247,370,386
247,371,666
247,372,832
247,437,751
247,438,598
247,439,522
247,440,599
247,441,789
247,513,755
247,514,713
247,515,755
247,516,804
247,596,862
247,597,874
248,198,654
248,247,699
248,248,0
248,249,484
248,250,658
248,251,723
248,305,699
248,306,516
248,308,809
248,368,880
248,369,775
248,370,681
248,439,816
248,440,893
249,52,824
249,78,793
249,79,726
249,80,674
249,81,898
249,110,898
249,111,708
249,112,585
249,113,657
249,114,748
249,115,851
249,149,883
249,150,738
249,151,560
249,152,466
249,153,597
249,154,859
249,194,881
249,195,881
249,196,606
249,197,497
249,198,169
249,199,627
249,200,627
249,247,371
249,248,484
249,249,0
249,250,174
249,251,239
249,253,627
249,305,371
249,306,187
249,307,738
249,308,325
249,309,845
249,367,739
249,368,551
249,369,447
249,370,352
249,371,632
249,372,461
249,373,743
249,437,750
249,438,574
249,439,488
249,440,565
249,441,755
249,442,813
249,443,887
249,513,722
249,514,679
249,515,721
249,516,770
249,595,871
249,596,828
249,597,840
250,79,881
250,80,828
250,111,863
250,112,739
250,113,811
250,150,892
250,151,715
250,152,621
250,153,751
250,196,761
250,197,651
250,198,324
250,199,453
250,200,453
250,247,542
250,248,655
250,249,180
250,250,0
250,251,66
250,252,736
250,253,453
250,305,542
250,306,358
250,307,883
250,308,151
250,309,671
250,310,736
250,368,722
250,369,617
250,370,523
250,371,710
250,372,287
250,373,569
250,374,803
250,438,744
250,439,659
250,440,735
250,441,613
250,442,639
250,443,714
250,513,893
250,514,849
250,515,892
250,516,866
250,517,756
250,518,791
250,519,824
251,80,894
251,112,805
251,113,877
251,151,780
251,152,686
251,153,817
251,196,826
251,197,716
251,198,389
251,199,439
251,200,439
251,247,607
251,248,720
251,249,246
251,250,66
251,251,0
251,252,802
251,253,439
251,305,607
251,306,424
251,308,217
251,309,737
251,310,802
251,368,788
251,369,683
251,370,589
251,371,776
251,372,353
251,373,635
251,374,869
251,438,810
251,439,724
251,440,801
251,441,679
251,442,705
251,443,779
251,517,822
251,518,856
251,519,890
252,250,736
252,251,802
252,252,0
252,307,797
252,308,585
252,309,125
252,310,0
252,311,424
252,371,624
252,372,478
252,373,167
252,374,202
252,375,332
252,376,468
252,440,728
252,441,527
252,442,553
252,443,304
252,444,404
252,445,568
252,446,464
252,447,583
252,448,767
252,516,761
252,517,599
252,518,623
252,519,477
252,521,868
252,522,663
252,523,670
252,524,782
252,598,789
252,599,749
252,600,758
252,601,765
252,606,875
253,198,777
253,199,0
253,200,0
253,249,633
253,250,453
253,251,439
253,253,0
253,306,811
253,308,605
253,372,740
254,52,822
254,53,803
254,54,874
254,79,827
254,80,612
254,81,620
254,82,777
254,83,730
254,113,760
254,114,567
254,115,431
254,116,433
254,117,526
254,118,683
254,152,765
254,153,567
254,154,450
254,155,275
254,156,233
254,157,341
254,158,564
254,159,683
254,197,893
254,198,868
254,201,444
254,202,0
254,203,210
254,204,456
254,205,593
254,206,684
254,207,789
254,254,0
254,255,282
254,256,364
254,257,604
254,258,789
254,259,804
254,313,778
254,314,634
254,315,613
254,316,831
254,378,758
254,379,674
254,380,674
254,449,821
255,52,881
255,53,862
255,80,687
255,81,679
255,82,820
255,83,773
255,113,835
255,114,670
255,115,506
255,116,475
255,117,568
255,118,713
255,152,868
255,153,671
255,154,553
255,155,378
255,156,305
255,157,352
255,158,453
255,159,713
255,201,547
255,202,263
255,203,144
255,204,304
255,205,435
255,206,526
255,207,630
255,254,263
255,255,0
255,256,175
255,257,446
255,258,630
255,259,645
255,312,772
255,313,589
255,314,445
255,315,424
255,316,672
255,317,758
255,377,772
255,378,570
255,379,485
255,380,485
255,381,800
255,448,740
255,449,633
255,450,729
255,451,787
255,524,859
255,525,806
255,526,757
255,527,789
256,53,876
256,54,873
256,80,763
256,81,730
256,82,776
256,83,690
256,114,793
256,115,590
256,116,519
256,117,516
256,118,579
256,153,817
256,154,699
256,155,524
256,156,388
256,157,332
256,158,319
256,159,579
256,201,694
256,202,409
256,203,227
256,204,170
256,205,300
256,206,391
256,207,495
256,254,409
256,255,211
256,256,0
256,257,311
256,258,495
256,259,510
256,312,706
256,313,523
256,314,380
256,315,358
256,316,537
256,317,623
256,377,706
256,378,504
256,379,420
256,380,420
256,381,666
256,382,898
256,447,859
256,448,675
256,449,567
256,450,663
256,451,722
256,524,794
256,525,740
256,526,691
256,527,723
256,607,890
257,53,890
257,54,887
257,80,828
257,81,755
257,82,790
257,83,705
257,114,873
257,115,666
257,116,544
257,117,530
257,118,593
257,154,879
257,155,704
257,156,501
257,157,358
257,158,333
257,159,593
257,201,874
257,202,596
257,203,419
257,204,185
257,205,213
257,206,159
257,207,194
257,254,596
257,255,426
257,256,308
257,257,0
257,258,194
257,259,205
257,313,766
257,314,622
257,315,601
257,316,232
257,317,318
257,378,747
257,379,662
257,380,662
257,381,360
257,382,593
257,449,810
257,530,792
257,531,892
257,613,859
257,614,859
258,82,892
258,83,806
258,115,896
258,116,717
258,117,631
258,118,695
258,156,731
258,157,569
258,158,435
258,159,695
258,202,826
258,203,650
258,204,372
258,205,269
258,206,155
258,207,0
258,254,826
258,255,657
258,256,539
258,257,264
258,258,0
258,259,95
258,314,853
258,315,832
258,316,250
258,317,336
258,379,893
258,380,893
258,381,378
258,382,611
258,530,810
258,613,877
258,614,877
259,83,827
259,116,738
259,117,653
259,118,716
259,156,752
259,157,590
259,158,456
259,159,716
259,202,847
259,203,671
259,204,393
259,205,290
259,206,176
259,207,95
259,254,847
259,255,679
259,256,560
259,257,285
259,258,95
259,259,0
259,314,875
259,315,853
259,316,214
259,317,300
259,381,343
259,382,575
259,530,774
259,531,874
259,612,894
259,613,841
259,614,841
260,260,0
260,261,4
260,316,787
260,317,729
260,318,0
260,319,4
260,320,4
260,381,728
260,383,169
260,384,169
260,453,169
261,260,4
261,261,0
261,316,791
261,317,733
261,318,4
261,319,0
261,320,0
261,381,733
261,383,173
261,384,173
261,453,173
262,123,844
262,163,744
262,164,676
262,165,724
262,166,892
262,210,753
262,211,571
262,212,561
262,213,701
262,214,867
262,262,0
262,263,0
262,264,245
262,265,335
262,266,507
262,267,706
262,268,883
262,321,778
262,322,778
262,323,0
262,324,311
262,325,356
262,326,578
262,327,755
262,387,778
262,388,728
262,389,440
262,390,432
262,391,541
262,392,691
262,393,894
262,459,852
262,460,655
262,461,575
262,462,725
262,463,879
262,537,858
262,538,784
262,539,757
263,123,844
263,163,744
263,164,676
263,165,724
263,166,892
263,210,753
263,211,571
263,212,561
263,213,701
263,214,867
263,262,0
263,263,0
263,264,245
263,265,335
263,266,507
263,267,706
263,268,883
263,321,778
263,322,778
263,323,0
263,324,311
263,325,356
263,326,578
263,327,755
263,387,778
263,388,728
263,389,440
263,390,432
263,391,541
263,392,691
263,393,894
263,459,852
263,460,655
263,461,575
263,462,725
263,463,879
263,537,858
263,538,784
263,539,757
264,87,869
264,88,833
264,121,900
264,122,727
264,123,663
264,124,833
264,163,563
264,164,495
264,165,543
264,166,711
264,210,572
264,211,390
264,212,380
264,213,519
264,214,686
264,262,245
264,263,245
264,264,0
264,265,154
264,266,383
264,267,609
264,268,785
264,321,680
264,322,680
264,323,245
264,324,214
264,325,259
264,326,481
264,327,658
264,387,680
264,388,630
264,389,343
264,390,335
264,391,444
264,392,594
264,393,797
264,459,755
264,460,558
264,461,477
264,462,627
264,463,781
264,537,761
264,538,687
264,539,659
264,540,847
264,621,835
264,622,883
265,56,872
265,57,877
265,85,896
265,86,794
265,87,744
265,88,708
265,121,774
265,122,601
265,123,537
265,124,716
265,163,437
265,164,369
265,165,418
265,166,594
265,210,447
265,211,264
265,212,254
265,213,403
265,214,569
265,262,335
265,263,335
265,264,154
265,265,0
265,266,266
265,267,507
265,268,679
265,321,751
265,322,751
265,323,335
265,324,303
265,325,230
265,326,452
265,327,629
265,387,751
265,388,701
265,389,413
265,390,330
265,391,420
265,392,565
265,393,768
265,459,825
265,460,628
265,461,518
265,462,603
265,463,752
265,464,875
265,537,830
265,538,737
265,539,635
265,540,818
265,541,895
265,621,885
265,622,859
265,623,891
266,57,884
266,59,805
266,86,844
266,87,750
266,88,665
266,121,824
266,122,619
266,123,513
266,124,520
266,125,729
266,163,530
266,164,450
266,165,332
266,166,392
266,210,540
266,211,392
266,212,260
266,213,201
266,214,367
266,215,881
266,262,532
266,263,532
266,264,383
266,265,266
266,266,0
266,267,305
266,268,477
266,269,737
266,321,899
266,322,899
266,323,532
266,324,458
266,325,234
266,326,304
266,327,481
266,328,706
266,329,854
266,387,899
266,388,849
266,389,561
266,390,422
266,391,489
266,392,503
266,393,620
266,394,841
266,460,776
266,461,610
266,462,671
266,463,691
266,464,727
266,538,829
266,539,727
266,540,757
266,541,834
266,623,890
266,624,855
267,87,875
267,88,789
267,90,808
267,122,753
267,123,638
267,124,547
267,125,554
267,126,740
267,163,669
267,164,584
267,165,465
267,166,343
267,167,734
267,168,780
267,169,827
267,210,678
267,211,531
267,212,399
267,213,224
267,214,207
267,215,592
267,216,681
267,217,820
267,262,673
267,263,673
267,264,576
267,265,499
267,266,338
267,267,0
267,268,232
267,269,432
267,270,688
267,271,881
267,323,673
267,324,599
267,325,375
267,326,211
267,327,227
267,328,401
267,329,549
267,330,833
267,389,702
267,390,562
267,391,552
267,392,383
267,393,437
267,394,536
267,395,681
267,461,749
267,462,734
267,463,586
267,464,544
267,465,752
267,466,701
267,467,881
267,539,801
267,540,820
267,541,763
267,542,773
267,544,859
267,624,882
267,625,895
267,626,887
268,59,841
268,60,862
268,61,889
268,90,745
268,91,847
268,123,753
268,124,652
268,125,490
268,126,677
268,127,806
268,163,839
268,164,754
268,165,635
268,166,447
268,167,671
268,168,645
268,169,692
268,170,857
268,210,848
268,211,701
268,212,569
268,213,379
268,214,233
268,215,457
268,216,546
268,217,685
268,262,868
268,263,868
268,264,771
268,265,669
268,266,533
268,267,232
268,268,0
268,269,297
268,270,553
268,271,747
268,323,868
268,324,769
268,325,555
268,326,366
268,327,227
268,328,294
268,329,414
268,330,698
268,331,881
268,332,883
268,389,871
268,390,681
268,391,672
268,392,502
268,393,439
268,394,401
268,395,546
268,396,768
268,461,868
268,462,788
268,463,623
268,464,577
268,465,617
268,466,566
268,467,746
268,468,877
268,539,853
268,540,875
268,541,800
268,542,750
268,543,766
268,544,724
268,545,894
268,626,792
268,627,874
268,628,882
269,90,826
269,91,721
269,92,886
269,124,842
269,125,572
269,126,572
269,127,551
269,128,732
269,165,848
269,166,637
269,167,547
269,168,407
269,169,430
269,170,596
269,171,825
269,212,814
269,213,624
269,214,439
269,215,317
269,216,249
269,217,393
269,218,641
269,219,767
269,266,722
269,267,432
269,268,318
269,269,0
269,270,281
269,271,485
269,272,621
269,273,793
269,325,744
269,326,556
269,327,416
269,328,256
269,329,264
269,330,440
269,331,619
269,332,622
269,333,810
269,390,870
269,391,861
269,392,672
269,393,415
269,394,363
269,395,448
269,396,630
269,397,679
269,398,693
269,399,812
269,462,890
269,463,725
269,464,597
269,465,572
269,466,506
269,467,629
269,468,749
269,471,900
269,541,892
269,542,712
269,543,721
269,544,648
269,545,777
269,626,747
269,627,814
269,628,806
270,90,837
270,91,730
270,92,895
270,125,760
270,126,581
270,127,560
270,128,741
270,129,869
270,166,893
270,167,581
270,168,416
270,169,393
270,170,558
270,171,788
270,213,880
270,214,696
270,215,456
270,216,255
270,217,272
270,218,489
270,219,642
270,220,833
270,267,688
270,268,574
270,269,281
270,270,0
270,271,298
270,272,463
270,273,635
270,274,838
270,326,812
270,327,672
270,328,512
270,329,332
270,330,306
270,331,433
270,332,435
270,333,624
270,334,849
270,393,671
270,394,519
270,395,479
270,396,495
270,397,493
270,398,506
270,399,625
270,400,802
270,464,853
270,465,719
270,466,653
270,467,631
270,468,615
270,471,713
270,472,856
270,543,868
270,544,795
270,545,779
270,626,894
271,91,827
271,125,896
271,126,682
271,127,636
271,128,780
271,167,778
271,168,613
271,169,430
271,170,595
271,171,758
271,172,855
271,214,889
271,215,653
271,216,427
271,217,304
271,218,367
271,219,502
271,220,694
271,221,900
271,267,881
271,268,768
271,269,485
271,270,298
271,271,0
271,272,272
271,273,461
271,274,698
271,275,885
271,327,865
271,328,706
271,329,472
271,330,214
271,331,263
271,332,252
271,333,441
271,334,666
271,335,878
271,393,864
271,394,668
271,395,551
271,396,404
271,397,323
271,398,336
271,399,456
271,400,633
271,401,830
271,465,868
271,466,802
271,467,539
271,468,510
271,470,734
271,471,543
271,472,686
271,473,826
271,544,788
271,545,687
271,549,761
271,550,772
271,628,897
271,634,843
272,90,877
272,91,766
272,125,835
272,126,621
272,127,575
272,128,696
272,129,794
272,167,781
272,168,560
272,169,369
272,170,534
272,171,613
272,172,709
272,173,851
272,215,683
272,216,484
272,217,348
272,218,222
272,219,357
272,220,549
272,221,754
272,269,613
272,270,455
272,271,272
272,272,0
272,273,264
272,274,483
272,275,670
272,276,887
272,328,864
272,329,653
272,330,426
272,331,418
272,332,233
272,333,249
272,334,456
272,335,694
272,336,827
272,394,849
272,395,762
272,396,615
272,397,478
272,398,366
272,399,437
272,400,515
272,401,698
272,402,835
272,467,751
272,468,665
272,470,731
272,471,540
272,472,592
272,473,732
272,545,899
272,549,758
272,550,769
272,551,837
272,634,840
273,91,719
273,92,789
273,126,754
273,127,708
273,128,567
273,129,665
273,130,898
273,168,692
273,169,502
273,170,574
273,171,462
273,172,550
273,173,692
273,215,816
273,216,624
273,217,506
273,218,247
273,219,218
273,220,382
273,221,524
273,222,844
273,269,794
273,270,636
273,271,461
273,272,264
273,273,0
273,274,238
273,275,424
273,276,642
273,329,834
273,330,615
273,331,517
273,332,333
273,333,279
273,334,238
273,335,448
273,336,581
273,337,873
273,396,759
273,397,577
273,398,466
273,399,526
273,400,317
273,401,479
273,402,591
273,403,831
273,468,764
273,470,831
273,471,640
273,472,522
273,473,572
273,474,712
273,549,858
273,550,843
273,551,732
273,552,775
273,553,875
273,636,897
274,61,863
274,90,857
274,91,651
274,92,722
274,93,890
274,126,824
274,127,663
274,128,499
274,129,598
274,130,720
274,131,744
274,132,898
274,168,817
274,169,627
274,170,506
274,171,366
274,172,444
274,173,513
274,174,726
274,216,749
274,217,659
274,218,434
274,219,228
274,220,231
274,221,330
274,222,666
274,223,893
274,270,839
274,271,698
274,272,484
274,273,238
274,274,0
274,275,197
274,276,415
274,277,814
274,330,843
274,331,728
274,332,543
274,333,489
274,334,221
274,335,284
274,336,391
274,337,659
274,397,788
274,398,676
274,399,640
274,400,431
274,401,337
274,402,427
274,403,641
274,404,850
274,471,796
274,472,636
274,473,563
274,474,548
274,551,749
274,552,615
274,553,710
274,636,823
274,637,785
274,638,885
275,91,809
275,92,812
275,93,777
275,94,839
275,95,870
275,127,821
275,128,656
275,129,659
275,130,607
275,131,632
275,132,785
275,169,805
275,170,664
275,171,389
275,172,352
275,173,401
275,174,614
275,175,832
275,217,837
275,218,612
275,219,406
275,220,212
275,221,217
275,222,554
275,223,780
275,271,878
275,272,664
275,273,418
275,274,197
275,275,0
275,276,279
275,277,701
275,331,884
275,332,699
275,333,645
275,334,377
275,335,235
275,336,229
275,337,523
275,338,866
275,398,832
275,399,796
275,400,581
275,401,461
275,402,369
275,403,511
275,404,719
275,405,875
275,472,790
275,473,687
275,474,576
275,551,873
275,552,739
275,553,834
276,62,894
276,92,791
276,93,724
276,94,786
276,95,817
276,96,896
276,128,825
276,129,638
276,130,554
276,131,579
276,132,733
276,133,849
276,170,849
276,171,574
276,172,403
276,173,348
276,174,561
276,175,779
276,218,810
276,219,604
276,220,399
276,221,219
276,222,501
276,223,728
276,272,868
276,273,623
276,274,414
276,275,275
276,276,0
276,277,648
276,278,705
276,279,800
276,333,857
276,334,576
276,335,365
276,336,247
276,337,268
276,338,623
276,339,693
276,400,705
276,401,584
276,402,455
276,403,300
276,404,476
276,405,632
276,406,792
276,473,810
276,474,661
276,476,862
276,477,672
276,478,764
276,552,862
276,556,832
277,63,866
277,92,869
277,93,779
277,94,691
277,95,722
277,96,802
277,129,716
277,130,599
277,131,484
277,132,585
277,133,685
277,134,822
277,171,737
277,172,534
277,173,375
277,174,373
277,175,489
277,219,775
277,220,608
277,221,497
277,222,238
277,223,248
277,224,346
277,225,639
277,226,875
277,274,808
277,275,696
277,276,643
277,277,0
277,278,303
277,279,461
277,280,663
277,281,705
277,335,875
277,336,730
277,337,502
277,338,373
277,339,456
277,340,608
277,341,818
277,402,826
277,403,526
277,404,539
277,405,493
277,406,574
277,407,693
277,477,735
277,478,584
277,479,733
277,556,815
277,557,805
278,94,827
278,95,745
278,96,789
278,130,801
278,131,619
278,132,568
278,133,649
278,134,806
278,172,766
278,173,574
278,174,508
278,175,441
278,176,888
278,177,854
278,220,839
278,221,728
278,222,411
278,223,216
278,224,290
278,225,526
278,226,762
278,276,705
278,277,233
278,278,0
278,279,263
278,280,490
278,281,592
278,335,883
278,336,719
278,337,491
278,338,362
278,339,445
278,340,410
278,341,696
278,342,751
278,343,869
278,402,815
278,403,515
278,404,528
278,405,482
278,406,563
278,407,620
278,408,839
278,477,724
278,478,573
278,479,722
278,480,840
278,556,804
278,557,794
279,95,834
279,96,742
279,131,831
279,132,657
279,133,576
279,134,758
279,173,805
279,174,647
279,175,530
279,176,663
279,177,715
279,178,834
279,222,642
279,223,417
279,224,272
279,225,305
279,226,516
279,227,712
279,276,799
279,277,464
279,278,263
279,279,0
279,280,227
279,281,346
279,282,658
279,336,813
279,337,585
279,338,456
279,339,539
279,340,196
279,341,433
279,342,487
279,343,606
279,344,775
279,403,609
279,404,622
279,405,576
279,406,437
279,407,416
279,408,600
279,409,720
279,410,699
279,411,773
279,477,789
279,478,603
279,479,581
279,480,637
279,482,772
279,483,836
279,556,852
279,557,745
279,558,702
279,559,836
280,96,787
280,132,788
280,133,653
280,134,737
280,135,895
280,174,823
280,175,693
280,176,537
280,177,588
280,178,707
280,179,882
280,222,819
280,223,593
280,224,417
280,225,236
280,226,358
280,227,567
280,228,770
280,277,655
280,278,490
280,279,227
280,280,0
280,281,188
280,282,501
280,283,858
280,337,812
280,338,642
280,339,524
280,340,295
280,341,206
280,342,260
280,343,391
280,344,560
280,345,779
280,403,837
280,404,830
280,405,612
280,406,406
280,407,327
280,408,372
280,409,493
280,410,472
280,411,558
280,412,706
280,477,757
280,478,571
280,479,549
280,480,552
280,481,732
280,482,545
280,483,609
280,484,735
280,556,821
280,557,714
280,558,670
280,559,766
280,560,847
280,561,795
280,562,874
280,563,849
280,564,898
280,642,874
281,65,889
281,95,839
281,96,622
281,97,777
281,132,719
281,133,487
281,134,571
281,135,711
281,174,800
281,175,725
281,176,371
281,177,404
281,178,523
281,179,697
281,222,860
281,223,634
281,224,458
281,225,255
281,226,170
281,227,379
281,228,582
281,277,696
281,278,539
281,279,346
281,280,188
281,281,0
281,282,313
281,283,728
281,284,760
281,338,782
281,339,705
281,340,414
281,341,387
281,342,441
281,343,388
281,344,557
281,345,688
281,405,793
281,406,587
281,407,508
281,408,554
281,409,575
281,410,514
281,411,555
281,412,704
281,478,753
281,479,730
281,480,734
281,482,726
281,483,691
281,484,789
281,557,895
281,558,851
282,96,720
282,97,858
282,98,851
282,132,817
282,133,586
282,134,572
282,135,637
282,174,898
282,175,824
282,176,469
282,177,405
282,178,449
282,179,623
282,224,726
282,225,435
282,226,228
282,227,276
282,228,479
282,229,863
282,230,872
282,278,807
282,279,613
282,280,456
282,281,268
282,282,0
282,283,415
282,284,475
282,285,898
282,340,681
282,341,600
282,342,582
282,343,227
282,344,283
282,345,375
282,406,850
282,407,772
282,408,767
282,409,592
282,410,507
282,411,442
282,412,486
282,482,808
282,483,708
282,484,781
282,485,699
282,486,745
282,487,877
282,564,870
283,96,889
283,98,881
283,99,864
283,133,858
283,134,719
283,135,668
283,136,767
283,137,792
283,176,811
283,177,665
283,178,500
283,179,619
283,180,680
283,181,786
283,225,850
283,226,624
283,227,412
283,228,285
283,229,557
283,230,566
283,231,811
283,280,844
283,281,683
283,282,415
283,283,0
283,284,172
283,285,592
283,286,760
283,287,849
283,343,544
283,344,299
283,345,214
283,346,602
283,347,793
283,348,863
283,410,707
283,411,545
283,412,474
283,413,725
283,484,866
283,485,647
283,486,693
283,487,756
283,564,817
283,566,822
284,66,883
284,67,788
284,96,835
284,97,766
284,98,725
284,99,709
284,100,839
284,133,807
284,134,665
284,135,606
284,136,611
284,137,636
284,138,813
284,176,780
284,177,634
284,178,446
284,179,484
284,180,525
284,181,631
284,182,820
284,225,876
284,226,592
284,227,380
284,228,202
284,229,402
284,230,411
284,231,656
284,232,801
284,281,718
284,282,475
284,283,172
284,284,0
284,285,437
284,286,605
284,287,694
284,343,604
284,344,358
284,345,210
284,346,447
284,347,638
284,348,708
284,349,825
284,410,767
284,411,605
284,412,505
284,413,570
284,414,752
284,484,862
284,485,643
284,486,690
284,487,719
284,488,889
284,564,814
284,566,818
285,67,815
285,69,885
285,96,894
285,97,800
285,98,753
285,99,737
285,100,702
285,133,866
285,134,724
285,135,641
285,136,567
285,137,500
285,138,637
285,139,774
285,176,890
285,177,725
285,178,505
285,179,519
285,180,388
285,181,457
285,182,644
285,183,770
285,226,706
285,227,494
285,228,291
285,229,403
285,230,235
285,231,468
285,232,562
285,233,741
285,281,832
285,282,745
285,283,439
285,284,284
285,285,0
285,286,281
285,287,422
285,288,638
285,343,875
285,344,629
285,345,481
285,346,243
285,347,357
285,348,355
285,349,541
285,350,786
285,411,843
285,412,666
285,413,444
285,414,615
285,415,765
285,416,618
285,417,735
285,485,804
285,486,851
285,487,631
285,488,766
285,489,823
285,566,853
286,98,899
286,99,856
286,100,769
286,101,879
286,102,837
286,135,844
286,136,635
286,137,567
286,138,572
286,139,653
286,140,717
286,178,709
286,179,722
286,180,455
286,181,394
286,182,453
286,183,564
286,184,732
286,185,889
286,227,697
286,228,494
286,229,478
286,230,229
286,231,280
286,232,357
286,233,536
286,234,701
286,235,853
286,283,643
286,284,488
286,285,216
286,286,0
286,287,216
286,288,423
286,289,698
286,290,827
286,291,850
286,344,833
286,345,684
286,346,394
286,347,338
286,348,200
286,349,327
286,350,572
286,412,817
286,413,595
286,414,621
286,415,580
286,416,432
286,417,520
286,418,759
286,487,776
286,488,772
286,489,703
286,491,845
287,99,885
287,100,767
287,101,840
287,102,731
287,136,702
287,137,634
287,138,555
287,139,548
287,140,612
287,141,822
287,180,522
287,181,428
287,182,347
287,183,458
287,184,626
287,185,783
287,228,699
287,229,616
287,230,341
287,231,265
287,232,251
287,233,430
287,234,584
287,235,736
287,283,847
287,284,692
287,285,423
287,286,212
287,287,0
287,288,221
287,289,567
287,290,696
287,291,719
287,345,889
287,346,600
287,347,437
287,348,259
287,349,183
287,350,370
287,351,810
287,352,822
287,353,806
287,413,706
287,414,721
287,415,501
287,416,354
287,417,376
287,418,615
287,419,828
287,487,875
287,488,871
287,489,625
287,490,757
287,491,701
287,492,763
287,568,875
287,569,801
287,570,802
287,571,814
287,572,895
288,102,857
288,136,874
288,137,798
288,138,696
288,139,688
288,140,737
288,141,814
288,180,695
288,181,601
288,182,488
288,183,508
288,184,456
288,185,699
288,186,825
288,229,831
288,230,548
288,231,406
288,232,392
288,233,310
288,234,363
288,235,515
288,236,755
288,285,634
288,286,418
288,287,237
288,288,0
288,289,346
288,290,474
288,291,498
288,292,702
288,346,809
288,347,598
288,348,421
288,349,237
288,350,212
288,351,589
288,352,601
288,353,585
288,354,709
288,355,843
288,413,866
288,414,864
288,415,568
288,416,418
288,417,435
288,418,451
288,419,665
288,420,805
288,421,771
288,423,857
288,489,691
288,490,813
288,491,682
288,492,600
288,493,791
288,496,891
288,569,858
288,570,859
288,571,736
288,572,752
289,101,887
289,102,778
289,137,877
289,138,733
289,139,663
289,140,659
289,141,736
289,180,877
289,181,734
289,182,567
289,183,430
289,184,377
289,185,620
289,186,746
289,230,730
289,231,585
289,232,415
289,233,232
289,234,277
289,235,436
289,236,676
289,237,874
289,285,875
289,286,705
289,287,552
289,288,323
289,289,0
289,290,289
289,291,329
289,292,540
289,293,777
289,348,744
289,349,560
289,350,503
289,351,254
289,352,343
289,353,400
289,354,536
289,355,674
289,356,897
289,415,891
289,416,742
289,417,684
289,418,509
289,419,441
289,420,547
289,421,585
289,422,755
289,423,685
289,424,823
289,491,801
289,492,655
289,493,567
289,494,805
289,495,764
289,496,706
289,497,800
289,571,835
289,572,837
289,577,854
290,102,831
290,138,814
290,139,741
290,140,638
290,141,699
290,181,870
290,182,702
290,183,508
290,184,433
290,185,584
290,186,709
290,230,866
290,231,721
290,232,551
290,233,367
290,234,228
290,235,386
290,236,606
290,237,804
290,286,840
290,287,688
290,288,459
290,289,268
290,290,0
290,291,259
290,292,470
290,293,708
290,348,880
290,349,696
290,350,638
290,351,300
290,352,234
290,353,217
290,354,424
290,355,604
290,356,828
290,416,864
290,417,687
290,418,512
290,419,444
290,420,393
290,421,384
290,422,606
290,423,573
290,424,716
290,491,804
290,492,658
290,493,570
290,494,651
290,495,609
290,496,557
290,497,652
290,498,782
290,571,838
290,572,840
290,573,813
290,574,817
290,575,858
290,576,831
290,577,706
290,663,836
291,70,884
291,101,808
291,102,695
291,138,798
291,139,726
291,140,502
291,141,563
291,181,899
291,182,709
291,183,493
291,184,377
291,185,413
291,186,531
291,187,745
291,231,765
291,232,594
291,233,402
291,234,213
291,235,182
291,236,352
291,237,550
291,238,767
291,286,884
291,287,732
291,288,502
291,289,327
291,290,258
291,291,0
291,292,216
291,293,449
291,294,642
291,349,739
291,350,682
291,351,453
291,352,417
291,353,231
291,354,216
291,355,345
291,356,569
291,417,871
291,418,696
291,419,627
291,420,587
291,421,417
291,422,582
291,423,388
291,424,495
291,425,813
291,492,842
291,493,753
291,494,845
291,495,679
291,496,537
291,497,588
291,498,613
291,499,703
291,500,841
291,576,833
291,577,686
291,578,788
291,579,822
291,580,886
291,663,832
292,70,896
292,101,827
292,102,714
292,138,868
292,139,752
292,140,521
292,141,574
292,142,830
292,182,845
292,183,628
292,184,432
292,185,325
292,186,443
292,187,607
292,188,816
292,232,791
292,233,541
292,234,395
292,235,230
292,236,214
292,237,411
292,238,629
292,239,837
292,288,714
292,289,538
292,290,469
292,291,216
292,292,0
292,293,250
292,294,443
292,295,734
292,296,794
292,350,893
292,351,664
292,352,550
292,353,350
292,354,198
292,355,247
292,356,397
292,358,854
292,418,898
292,419,817
292,420,706
292,421,536
292,422,545
292,423,350
292,424,417
292,425,694
292,495,735
292,496,563
292,497,550
292,498,576
292,499,584
292,500,721
292,576,859
292,577,712
292,578,750
292,579,783
292,580,766
292,663,858
293,70,870
293,71,840
293,101,827
293,102,689
293,103,823
293,104,801
293,139,843
293,140,605
293,141,548
293,142,649
293,143,769
293,144,848
293,183,759
293,184,558
293,185,406
293,186,373
293,187,426
293,188,634
293,189,822
293,233,741
293,234,595
293,235,429
293,236,246
293,237,267
293,238,448
293,239,654
293,240,803
293,289,761
293,290,664
293,291,434
293,292,225
293,293,0
293,294,266
293,295,551
293,296,612
293,297,811
293,351,852
293,352,716
293,353,516
293,354,357
293,355,278
293,356,220
293,357,796
293,358,671
293,359,809
293,420,872
293,421,702
293,422,644
293,423,440
293,424,390
293,425,663
293,427,833
293,496,729
293,497,640
293,498,567
293,499,553
293,500,690
293,577,817
293,578,776
293,579,745
293,580,735
293,581,887
293,665,890
293,666,893
294,71,895
294,102,846
294,103,878
294,104,850
294,140,758
294,141,705
294,142,698
294,143,818
294,144,897
294,184,705
294,185,561
294,186,459
294,187,475
294,188,683
294,189,802
294,233,882
294,234,736
294,235,570
294,236,402
294,237,316
294,238,497
294,239,627
294,240,776
294,290,805
294,291,575
294,292,366
294,293,191
294,294,0
294,295,524
294,296,584
294,297,784
294,352,857
294,353,657
294,354,498
294,355,306
294,356,129
294,357,769
294,358,644
294,359,782
294,360,889
294,421,843
294,422,720
294,423,485
294,424,338
294,425,594
294,427,806
294,496,865
294,497,685
294,498,515
294,499,484
294,500,622
294,501,845
294,577,878
294,578,724
294,579,655
294,580,666
294,581,818
294,665,799
294,666,825
294,667,865
295,71,877
295,72,836
295,73,795
295,103,880
295,104,737
295,105,644
295,106,664
295,142,643
295,143,653
295,144,476
295,145,651
295,146,767
295,186,742
295,187,420
295,188,300
295,189,358
295,190,684
295,191,876
295,236,717
295,237,546
295,238,439
295,239,183
295,240,427
295,241,686
295,242,775
295,293,690
295,294,548
295,295,0
295,296,212
295,297,466
295,298,652
295,299,808
295,355,854
295,356,678
295,357,469
295,358,344
295,359,464
295,360,571
295,361,725
295,424,887
295,426,829
295,427,505
295,428,637
295,429,789
295,501,646
295,502,807
295,581,747
295,582,768
296,73,898
296,74,870
296,75,794
296,104,874
296,105,781
296,106,768
296,107,829
296,142,780
296,143,790
296,144,580
296,145,658
296,146,637
296,186,878
296,187,556
296,188,436
296,189,356
296,190,529
296,191,690
296,192,836
296,236,854
296,237,683
296,238,576
296,239,248
296,240,265
296,241,499
296,242,585
296,243,786
296,293,736
296,294,545
296,295,213
296,296,0
296,297,276
296,298,462
296,299,618
296,355,851
296,356,674
296,357,541
296,358,308
296,359,274
296,360,381
296,361,535
296,424,883
296,427,402
296,428,447
296,429,599
296,430,717
296,501,735
296,502,896
296,581,836
296,582,857
297,75,875
297,105,871
297,106,845
297,108,820
297,143,871
297,144,657
297,145,738
297,146,718
297,147,780
297,148,835
297,187,817
297,188,682
297,189,473
297,190,397
297,191,452
297,192,591
297,193,742
297,238,836
297,239,533
297,240,248
297,241,262
297,242,363
297,243,553
297,244,760
297,293,870
297,294,679
297,295,643
297,296,482
297,297,0
297,298,259
297,299,415
297,301,760
297,356,808
297,357,675
297,358,442
297,359,339
297,360,250
297,361,334
297,362,898
297,427,536
297,428,426
297,429,439
297,430,544
297,431,728
297,432,880
297,501,891
297,506,842
298,108,684
298,109,803
298,144,762
298,145,785
298,146,688
298,147,644
298,148,699
298,188,854
298,189,579
298,190,432
298,191,413
298,192,455
298,193,607
298,239,706
298,240,458
298,241,246
298,242,204
298,243,405
298,244,612
298,294,822
298,295,816
298,296,632
298,297,263
298,298,0
298,299,181
298,301,612
298,357,818
298,358,585
298,359,423
298,360,300
298,361,353
298,362,766
298,363,806
298,427,629
298,428,476
298,429,457
298,430,548
298,431,574
298,432,726
298,433,900
298,505,891
298,506,685
298,507,881
298,508,876
299,108,654
299,109,773
299,145,830
299,146,658
299,147,614
299,148,669
299,189,735
299,190,496
299,191,383
299,192,425
299,193,577
299,239,861
299,240,614
299,241,402
299,242,174
299,243,375
299,244,582
299,296,787
299,297,419
299,298,181
299,299,0
299,300,898
299,301,582
299,358,741
299,359,579
299,360,456
299,361,508
299,362,725
299,363,763
299,364,898
299,427,785
299,428,632
299,429,613
299,430,508
299,431,534
299,432,686
299,433,857
299,505,839
299,506,633
299,507,830
299,508,835
299,586,896
299,587,853
300,245,715
300,246,745
300,299,769
300,300,0
300,302,688
300,303,745
300,304,745
300,361,792
300,362,860
300,363,305
300,364,0
300,365,499
300,366,627
300,367,792
300,429,829
300,430,699
300,431,486
300,432,321
300,433,202
300,434,308
300,435,562
300,436,788
300,504,852
300,505,689
300,506,509
300,507,547
300,508,465
300,509,391
300,510,577
300,511,766
300,585,858
300,586,747
300,587,699
300,588,731
300,589,739
300,590,653
300,591,647
300,592,695
300,674,829
300,676,894
300,677,863
300,678,795
300,679,835
301,108,797
301,146,800
301,147,757
301,148,812
301,190,638
301,191,526
301,192,376
301,193,719
301,241,607
301,242,480
301,243,207
301,244,0
301,297,760
301,298,605
301,299,604
301,301,0
301,360,829
301,361,881
302,245,131
302,246,194
302,302,0
302,303,194
302,304,194
302,306,784
302,365,609
302,366,445
302,367,259
302,368,439
302,369,579
302,370,768
302,433,881
302,434,804
302,435,616
302,436,437
302,437,419
302,438,633
302,439,786
302,510,781
302,511,865
302,512,590
302,513,577
302,514,780
302,592,864
302,593,822
302,594,728
302,595,844
302,682,882
303,245,120
303,246,0
303,302,194
303,303,0
303,304,0
303,306,815
303,365,640
303,366,476
303,367,290
303,368,471
303,369,610
303,370,799
303,434,835
303,435,647
303,436,468
303,437,450
303,438,664
303,439,817
303,510,813
303,511,896
303,512,622
303,513,608
303,514,811
303,592,896
303,593,853
303,594,760
303,595,875
304,245,120
304,246,0
304,302,194
304,303,0
304,304,0
304,306,815
304,365,640
304,366,476
304,367,290
304,368,471
304,369,610
304,370,799
304,434,835
304,435,647
304,436,468
304,437,450
304,438,664
304,439,817
304,510,813
304,511,896
304,512,622
304,513,608
304,514,811
304,592,896
304,593,853
304,594,760
304,595,875
305,151,898
305,152,804
305,197,834
305,198,540
305,247,0
305,248,699
305,249,371
305,250,545
305,251,610
305,305,0
305,306,184
305,307,772
305,308,696
305,367,740
305,368,552
305,369,448
305,370,386
305,371,666
305,372,832
305,437,751
305,438,598
305,439,522
305,440,599
305,441,789
305,513,755
305,514,713
305,515,755
305,516,804
305,596,862
305,597,874
306,80,861
306,111,896
306,112,772
306,113,844
306,151,728
306,152,634
306,153,784
306,196,774
306,197,664
306,198,357
306,199,814
306,200,814
306,247,184
306,248,516
306,249,187
306,250,361
306,251,426
306,253,814
306,305,184
306,306,0
306,307,604
306,308,512
306,366,759
306,367,573
306,368,385
306,369,280
306,370,219
306,371,499
306,372,648
306,373,860
306,436,751
306,437,583
306,438,430
306,439,354
306,440,431
306,441,622
306,442,780
306,512,762
306,513,588
306,514,545
306,515,587
306,516,636
306,517,796
306,594,800
306,595,738
306,596,695
306,597,707
306,598,889
306,682,838
306,684,814
306,685,893
307,198,742
307,247,606
307,249,572
307,250,746
307,251,811
307,252,797
307,305,606
307,306,439
307,307,0
307,308,732
307,309,732
307,310,797
307,367,766
307,368,578
307,369,473
307,370,216
307,371,194
307,372,626
307,373,630
307,374,864
307,437,774
307,438,537
307,439,422
307,440,390
307,441,410
307,442,549
307,443,774
307,512,867
307,513,685
307,514,613
307,515,585
307,516,515
307,517,607
307,518,772
307,519,885
307,594,897
307,595,835
307,596,758
307,597,702
307,598,707
307,599,813
307,684,812
307,685,890
307,686,846
308,112,891
308,151,866
308,152,772
308,197,802
308,198,475
308,199,605
308,200,605
308,247,693
308,248,806
308,249,332
308,250,151
308,251,217
308,252,585
308,253,605
308,305,693
308,306,510
308,307,732
308,308,0
308,309,520
308,310,585
308,368,873
308,369,769
308,370,674
308,371,559
308,372,136
308,373,418
308,374,652
308,375,810
308,438,896
308,439,810
308,440,663
308,441,462
308,442,488
308,443,562
308,444,778
308,516,714
308,517,605
308,518,639
308,519,673
308,598,780
308,599,755
308,600,798
308,601,827
309,249,851
309,250,671
309,251,737
309,252,125
309,307,732
309,308,520
309,309,0
309,310,125
309,311,517
309,371,559
309,372,413
309,373,102
309,374,295
309,375,425
309,376,560
309,440,663
309,441,462
309,442,488
309,443,329
309,444,463
309,445,661
309,446,557
309,447,676
309,448,860
309,516,696
309,517,534
309,518,558
309,519,502
309,520,896
309,521,894
309,522,756
309,523,763
309,524,875
309,597,844
309,598,724
309,599,684
309,600,700
309,601,729
309,686,836
309,689,884
310,250,736
310,251,802
310,252,0
310,307,797
310,308,585
310,309,125
310,310,0
310,311,424
310,371,624
310,372,478
310,373,167
310,374,202
310,375,332
310,376,468
310,440,728
310,441,527
310,442,553
310,443,304
310,444,404
310,445,568
310,446,464
310,447,583
310,448,767
310,516,761
310,517,599
310,518,623
310,519,477
310,521,868
310,522,663
310,523,670
310,524,782
310,598,789
310,599,749
310,600,758
310,601,765
310,606,875
311,252,424
311,309,517
311,310,424
311,311,0
311,312,740
311,314,768
311,372,796
311,373,486
311,374,307
311,375,144
311,376,65
311,377,740
311,378,677
311,441,844
311,442,752
311,443,471
311,444,525
311,445,302
311,446,188
311,447,233
311,448,417
311,449,595
311,450,898
311,517,769
311,518,794
311,519,644
311,521,631
311,522,397
311,523,371
311,524,432
311,525,573
311,526,893
311,603,765
311,604,720
311,605,687
311,606,576
311,607,654
311,608,751
311,692,893
311,694,722
311,695,873
311,696,853
312,203,829
312,204,825
312,255,740
312,256,655
312,311,740
312,312,0
312,313,550
312,314,413
312,375,809
312,376,674
312,377,0
312,378,243
312,445,890
312,446,690
312,447,537
312,448,353
312,449,300
312,450,603
312,451,661
312,522,802
312,523,657
312,524,471
312,525,451
312,526,598
312,527,663
312,605,818
312,606,707
312,607,600
312,608,663
312,609,789
312,694,852
312,695,819
312,696,799
312,697,849
313,155,869
313,156,796
313,157,794
313,158,780
313,202,754
313,203,635
313,204,632
313,205,761
313,206,852
313,254,754
313,255,547
313,256,461
313,257,772
313,312,550
313,313,0
313,314,197
313,315,710
313,376,841
313,377,550
313,378,348
313,379,771
313,380,771
313,446,857
313,447,703
313,448,519
313,449,411
313,450,565
313,451,623
313,523,823
313,524,638
313,525,585
313,526,593
313,527,625
313,528,894
313,606,873
313,607,734
313,608,778
313,609,819
314,115,838
314,116,807
314,117,817
314,118,880
314,154,884
314,155,709
314,156,636
314,157,634
314,158,620
314,159,880
314,201,879
314,202,594
314,203,475
314,204,472
314,205,601
314,206,692
314,207,797
314,254,594
314,255,386
314,256,301
314,257,612
314,258,797
314,259,811
314,311,768
314,312,413
314,313,197
314,314,0
314,315,550
314,316,838
314,375,838
314,376,703
314,377,413
314,378,211
314,379,611
314,380,611
314,446,719
314,447,566
314,448,381
314,449,274
314,450,428
314,451,486
314,522,831
314,523,686
314,524,500
314,525,447
314,526,455
314,527,487
314,528,757
314,605,847
314,606,735
314,607,597
314,608,641
314,609,682
314,610,800
314,611,816
314,694,881
314,695,816
314,696,796
314,697,781
314,698,870
315,115,883
315,116,852
315,117,862
315,155,754
315,156,682
315,157,679
315,158,665
315,202,639
315,203,520
315,204,517
315,205,646
315,206,737
315,207,842
315,254,639
315,255,432
315,256,346
315,257,657
315,258,842
315,259,857
315,311,794
315,312,438
315,313,255
315,314,112
315,315,0
315,316,884
315,375,863
315,376,728
315,377,438
315,378,236
315,379,61
315,380,61
315,446,745
315,447,591
315,448,407
315,449,299
315,450,395
315,451,454
315,522,856
315,523,711
315,524,526
315,525,472
315,526,423
315,527,455
315,528,725
315,605,872
315,606,761
315,607,622
315,608,666
315,609,650
315,610,768
315,611,784
315,695,841
315,696,821
315,697,749
315,698,837
315,700,887
316,83,864
316,115,825
316,116,703
316,117,689
316,118,753
316,155,864
316,156,660
316,157,517
316,158,493
316,159,753
316,202,755
316,203,578
316,204,344
316,205,369
316,206,281
316,207,232
316,254,755
316,255,586
316,256,467
316,257,159
316,258,232
316,259,196
316,314,782
316,315,760
316,316,0
316,317,282
316,379,822
316,380,822
316,381,324
316,382,557
316,530,756
316,531,856
316,612,876
316,613,823
316,614,823
317,116,858
317,117,845
317,156,816
317,157,672
317,158,648
317,203,733
317,204,499
317,205,524
317,206,436
317,207,387
317,255,741
317,256,623
317,257,315
317,258,387
317,259,351
317,260,729
317,261,733
317,316,155
317,317,0
317,318,729
317,319,733
317,320,733
317,381,163
317,382,395
317,383,897
317,384,897
317,453,897
317,454,768
317,455,768
317,528,894
317,529,744
317,530,594
317,531,694
317,611,855
317,612,714
317,613,661
317,614,661
317,701,897
317,702,790
318,260,0
318,261,4
318,316,787
318,317,729
318,318,0
318,319,4
318,320,4
318,381,728
318,383,169
318,384,169
318,453,169
319,260,4
319,261,0
319,316,791
319,317,733
319,318,4
319,319,0
319,320,0
319,381,733
319,383,173
319,384,173
319,453,173
320,260,4
320,261,0
320,316,791
320,317,733
320,318,4
320,319,0
320,320,0
320,381,733
320,383,173
320,384,173
320,453,173
321,262,778
321,263,778
321,264,680
321,265,751
321,266,874
321,321,0
321,322,0
321,323,778
321,324,526
321,325,718
321,387,0
321,388,84
321,389,337
321,390,569
321,391,703
321,459,322
321,460,195
321,461,396
321,462,631
321,463,865
321,536,488
321,537,388
321,538,427
321,539,623
321,540,864
321,618,823
321,620,581
321,621,527
321,622,846
321,623,878
321,709,720
321,710,747
321,711,874
322,262,778
322,263,778
322,264,680
322,265,751
322,266,874
322,321,0
322,322,0
322,323,778
322,324,526
322,325,718
322,387,0
322,388,84
322,389,337
322,390,569
322,391,703
322,459,322
322,460,195
322,461,396
322,462,631
322,463,865
322,536,488
322,537,388
322,538,427
322,539,623
322,540,864
322,618,823
322,620,581
322,621,527
322,622,846
322,623,878
322,709,720
322,710,747
322,711,874
323,123,844
323,163,744
323,164,676
323,165,724
323,166,892
323,210,753
323,211,571
323,212,561
323,213,701
323,214,867
323,262,0
323,263,0
323,264,245
323,265,335
323,266,507
323,267,706
323,268,883
323,321,778
323,322,778
323,323,0
323,324,311
323,325,356
323,326,578
323,327,755
323,387,778
323,388,728
323,389,440
323,390,432
323,391,541
323,392,691
323,393,894
323,459,852
323,460,655
323,461,575
323,462,725
323,463,879
323,537,858
323,538,784
323,539,757
324,122,877
324,123,812
324,163,712
324,164,644
324,165,693
324,166,826
324,210,722
324,211,539
324,212,529
324,213,635
324,214,801
324,262,311
324,263,311
324,264,214
324,265,303
324,266,434
324,267,632
324,268,787
324,321,526
324,322,526
324,323,311
324,324,0
324,325,278
324,326,483
324,327,634
324,328,858
324,387,526
324,388,476
324,389,189
324,390,181
324,391,303
324,392,482
324,393,709
324,459,601
324,460,404
324,461,323
324,462,486
324,463,653
324,464,816
324,536,767
324,537,607
324,538,533
324,539,518
324,540,719
324,541,796
324,620,822
324,621,681
324,622,741
324,623,773
324,624,817
324,712,808
324,713,893
325,87,895
325,88,838
325,122,753
325,123,678
325,124,730
325,163,589
325,164,521
325,165,482
325,166,602
325,210,599
325,211,451
325,212,319
325,213,410
325,214,576
325,262,356
325,263,356
325,264,259
325,265,230
325,266,209
325,267,408
325,268,581
325,269,771
325,321,718
325,322,718
325,323,356
325,324,278
325,325,0
325,326,253
325,327,439
325,328,691
325,329,888
325,387,718
325,388,668
325,389,381
325,390,190
325,391,280
325,392,335
325,393,541
325,394,773
325,459,766
325,460,569
325,461,378
325,462,464
325,463,522
325,464,649
325,536,871
325,537,692
325,538,597
325,539,496
325,540,589
325,541,666
325,542,843
325,620,895
325,621,745
325,622,719
325,623,721
325,624,686
325,625,822
325,712,786
325,713,763
326,88,861
326,122,816
326,123,709
326,124,652
326,125,765
326,163,732
326,164,647
326,165,528
326,166,505
326,210,741
326,211,593
326,212,462
326,213,328
326,214,419
326,215,718
326,216,806
326,262,564
326,263,564
326,264,466
326,265,437
326,266,247
326,267,212
326,268,369
326,269,558
326,270,814
326,323,564
326,324,467
326,325,211
326,326,0
326,327,227
326,328,479
326,329,675
326,388,857
326,389,570
326,390,380
326,391,370
326,392,216
326,393,329
326,394,561
326,395,807
326,460,758
326,461,567
326,462,552
326,463,478
326,464,437
326,465,741
326,466,750
326,537,882
326,538,787
326,539,619
326,540,638
326,541,655
326,542,665
326,543,819
326,622,842
326,623,771
326,624,736
326,625,787
326,626,780
326,713,813
327,123,842
327,124,740
327,125,652
327,126,820
327,127,869
327,163,881
327,164,796
327,165,677
327,166,536
327,167,750
327,168,707
327,169,754
327,210,890
327,211,743
327,212,611
327,213,444
327,214,323
327,215,520
327,216,608
327,217,748
327,262,741
327,263,741
327,264,643
327,265,614
327,266,405
327,267,227
327,268,198
327,269,360
327,270,616
327,271,809
327,323,741
327,324,628
327,325,414
327,326,226
327,327,0
327,328,329
327,329,477
327,330,761
327,389,730
327,390,540
327,391,522
327,392,323
327,393,266
327,394,464
327,395,609
327,396,831
327,461,725
327,462,580
327,463,415
327,464,374
327,465,678
327,466,628
327,467,809
327,538,886
327,539,645
327,540,667
327,541,592
327,542,602
327,543,756
327,544,786
327,622,868
327,623,797
327,624,711
327,625,724
327,626,717
327,713,837
328,91,876
328,124,834
328,125,666
328,126,716
328,127,765
328,165,840
328,166,629
328,167,646
328,168,604
328,169,651
328,170,816
328,212,800
328,213,616
328,214,432
328,215,416
328,216,505
328,217,644
328,218,889
328,265,873
328,266,671
328,267,401
328,268,288
328,269,256
328,270,512
328,271,706
328,272,872
328,324,850
328,325,646
328,326,458
328,327,385
328,328,0
328,329,373
328,330,657
328,331,840
328,332,842
328,390,762
328,391,722
328,392,523
328,393,199
328,394,219
328,395,505
328,396,717
328,397,900
328,462,741
328,463,576
328,464,407
328,465,431
328,466,388
328,467,618
328,468,826
328,539,805
328,540,827
328,541,666
328,542,486
328,543,580
328,544,547
328,545,744
328,624,796
328,625,708
328,626,601
328,627,696
328,628,705
329,91,896
329,125,777
329,126,747
329,127,726
329,166,755
329,167,747
329,168,582
329,169,559
329,170,724
329,213,741
329,214,557
329,215,522
329,216,421
329,217,478
329,218,687
329,219,840
329,266,839
329,267,549
329,268,435
329,269,264
329,270,332
329,271,472
329,272,661
329,273,833
329,325,861
329,326,673
329,327,533
329,328,373
329,329,0
329,330,423
329,331,606
329,332,609
329,333,797
329,392,789
329,393,532
329,394,265
329,395,225
329,396,447
329,397,666
329,398,679
329,399,798
329,463,842
329,464,648
329,465,465
329,466,399
329,467,425
329,468,556
329,471,886
329,541,877
329,542,718
329,543,614
329,544,541
329,545,573
329,625,805
329,626,640
329,627,707
329,628,699
329,717,899
330,126,836
330,127,790
330,167,856
330,168,691
330,169,584
330,170,749
330,214,841
330,215,731
330,216,530
330,217,422
330,218,521
330,219,656
330,220,848
330,267,833
330,268,719
330,269,440
330,270,306
330,271,214
330,272,426
330,273,615
330,274,844
330,327,817
330,328,657
330,329,423
330,330,0
330,331,292
330,332,351
330,333,539
330,334,765
330,393,816
330,394,620
330,395,443
330,396,295
330,397,352
330,398,422
330,399,541
330,400,718
330,465,820
330,466,754
330,467,431
330,468,415
330,470,820
330,471,629
330,472,772
330,544,680
330,545,579
330,549,847
330,550,858
330,628,788
331,126,842
331,127,796
331,168,772
331,169,590
331,170,755
331,215,813
331,216,587
331,217,464
331,218,527
331,219,662
331,220,854
331,269,619
331,270,433
331,271,263
331,272,418
331,273,517
331,274,728
331,275,884
331,328,840
331,329,606
331,330,292
331,331,0
331,332,236
331,333,424
331,334,649
331,335,799
331,394,764
331,395,605
331,396,270
331,397,123
331,398,229
331,399,369
331,400,546
331,401,751
331,466,898
331,467,439
331,468,275
331,470,648
331,471,457
331,472,600
331,473,740
331,544,659
331,545,553
331,549,675
331,550,686
331,551,844
331,628,767
331,633,853
331,634,756
331,635,895
332,126,764
332,127,718
332,128,861
332,168,702
332,169,512
332,170,677
332,171,811
332,172,899
332,215,825
332,216,611
332,217,488
332,218,448
332,219,566
332,220,719
332,221,853
332,269,653
332,270,466
332,271,297
332,272,254
332,273,349
332,274,560
332,275,716
332,328,873
332,329,639
332,330,382
332,331,221
332,332,0
332,333,255
332,334,481
332,335,642
332,336,824
332,394,836
332,395,719
332,396,455
332,397,274
332,398,133
332,399,219
332,400,397
332,401,594
332,402,746
332,467,624
332,468,461
332,470,498
332,471,307
332,472,450
332,473,590
332,474,812
332,544,844
332,545,739
332,547,876
332,548,751
332,549,525
332,550,536
332,551,695
332,552,806
332,632,875
332,633,704
332,634,607
332,635,745
332,636,854
333,126,845
333,127,799
333,128,851
333,168,784
333,169,593
333,170,758
333,171,747
333,172,835
333,216,701
333,217,572
333,218,440
333,219,502
333,220,655
333,221,789
333,269,813
333,270,626
333,271,443
333,272,252
333,273,285
333,274,496
333,275,652
333,276,875
333,329,800
333,330,542
333,331,427
333,332,242
333,333,0
333,334,367
333,335,508
333,336,690
333,395,879
333,396,668
333,397,487
333,398,352
333,399,299
333,400,266
333,401,460
333,402,612
333,403,858
333,467,837
333,468,674
333,470,661
333,471,470
333,472,343
333,473,483
333,474,703
333,549,688
333,550,640
333,551,588
333,552,699
333,553,864
333,633,866
333,634,770
333,635,841
333,636,752
333,637,864
334,91,829
334,92,899
334,127,840
334,128,676
334,129,775
334,168,893
334,169,702
334,170,684
334,171,568
334,172,650
334,173,710
334,216,824
334,217,707
334,218,448
334,219,372
334,220,439
334,221,526
334,222,862
334,270,848
334,271,665
334,272,455
334,273,216
334,274,222
334,275,377
334,276,601
334,330,764
334,331,648
334,332,464
334,333,367
334,334,0
334,335,277
334,336,459
334,337,669
334,396,890
334,397,708
334,398,515
334,399,432
334,400,218
334,401,287
334,402,381
334,403,628
334,404,836
334,468,895
334,470,778
334,471,587
334,472,427
334,473,391
334,474,498
334,475,873
334,549,805
334,550,749
334,551,566
334,552,565
334,553,661
334,554,859
334,634,887
334,635,831
334,636,731
334,637,735
334,638,835
335,128,756
335,129,838
335,130,786
335,131,810
335,169,883
335,170,763
335,171,516
335,172,531
335,173,580
335,174,792
335,218,680
335,219,485
335,220,339
335,221,396
335,222,732
335,271,878
335,272,694
335,273,449
335,274,287
335,275,235
335,276,382
335,277,880
335,278,883
335,331,799
335,332,642
335,333,508
335,334,277
335,335,0
335,336,216
335,337,487
335,338,801
335,339,870
335,397,852
335,398,657
335,399,562
335,400,347
335,401,227
335,402,243
335,403,445
335,404,654
335,405,809
335,471,717
335,472,556
335,473,452
335,474,409
335,475,812
335,477,849
335,550,879
335,551,639
335,552,504
335,553,600
335,554,798
335,635,841
335,636,713
335,637,674
335,638,774
336,128,860
336,129,815
336,130,747
336,131,772
336,170,868
336,171,593
336,172,508
336,173,541
336,174,754
336,218,813
336,219,610
336,220,415
336,221,349
336,222,694
336,223,879
336,272,827
336,273,581
336,274,391
336,275,229
336,276,264
336,277,728
336,278,719
336,279,813
336,332,824
336,333,690
336,334,459
336,335,216
336,336,0
336,337,323
336,338,637
336,339,706
336,398,839
336,399,744
336,400,529
336,401,380
336,402,210
336,403,282
336,404,490
336,405,646
336,406,806
336,471,899
336,472,702
336,473,597
336,474,416
336,476,876
336,477,686
336,478,778
336,551,784
336,552,650
336,553,745
336,556,846
336,636,858
336,637,819
337,129,883
337,130,799
337,131,823
337,171,818
337,172,648
337,173,593
337,174,775
337,175,864
337,219,849
337,220,644
337,221,463
337,222,679
337,223,651
337,224,695
337,225,849
337,273,863
337,274,659
337,275,501
337,276,268
337,277,500
337,278,491
337,279,586
337,280,813
337,334,669
337,335,487
337,336,323
337,337,0
337,338,409
337,339,478
337,340,713
337,341,840
337,400,739
337,401,591
337,402,420
337,403,127
337,404,262
337,405,418
337,406,578
337,407,715
337,473,807
337,474,626
337,475,777
337,476,648
337,477,458
337,478,550
337,479,737
337,552,860
337,553,828
337,554,714
337,556,618
337,557,809
337,640,810
338,94,894
338,130,868
338,131,686
338,132,787
338,133,872
338,172,833
338,173,641
338,174,575
338,175,664
338,221,718
338,222,478
338,223,451
338,224,494
338,225,648
338,226,884
338,275,784
338,276,550
338,277,300
338,278,291
338,279,385
338,280,612
338,281,714
338,335,728
338,336,564
338,337,336
338,338,0
338,339,249
338,340,483
338,341,610
338,342,742
338,401,831
338,402,661
338,403,360
338,404,373
338,405,286
338,406,367
338,407,486
338,408,705
338,409,878
338,410,897
338,474,867
338,475,889
338,476,759
338,477,548
338,478,377
338,479,526
338,480,706
338,482,877
338,554,825
338,556,612
338,557,598
338,558,737
338,559,892
338,640,804
338,641,854
338,642,758
339,131,843
339,173,798
339,174,731
339,175,821
339,221,861
339,222,635
339,223,607
339,224,651
339,225,743
339,226,875
339,276,693
339,277,456
339,278,448
339,279,542
339,280,524
339,281,705
339,335,870
339,336,706
339,337,478
339,338,244
339,339,0
339,340,359
339,341,486
339,342,618
339,402,803
339,403,503
339,404,515
339,405,309
339,406,382
339,407,362
339,408,581
339,409,754
339,410,774
339,411,891
339,476,805
339,477,572
339,478,400
339,479,526
339,480,582
339,481,898
339,482,753
339,483,865
339,554,871
339,556,635
339,557,621
339,558,647
339,559,781
339,640,828
339,641,878
339,642,781
340,96,820
340,132,780
340,133,655
340,134,837
340,174,808
340,175,685
340,176,731
340,177,783
340,222,789
340,223,578
340,224,409
340,225,384
340,226,584
340,227,780
340,277,610
340,278,410
340,279,196
340,280,295
340,281,414
340,282,726
340,337,713
340,338,478
340,339,359
340,340,0
340,341,333
340,342,428
340,343,674
340,344,843
340,403,737
340,404,666
340,405,448
340,406,241
340,407,221
340,408,440
340,409,613
340,410,599
340,411,701
340,412,890
340,476,827
340,477,593
340,478,407
340,479,385
340,480,441
340,481,757
340,482,612
340,483,724
340,484,855
340,554,893
340,556,656
340,557,549
340,558,506
340,559,640
340,560,873
340,561,820
340,562,900
340,640,849
340,641,806
340,642,709
340,643,823
341,133,859
341,175,898
341,176,742
341,177,791
341,223,798
341,224,623
341,225,442
341,226,557
341,227,766
341,277,818
341,278,696
341,279,433
341,280,206
341,281,387
341,282,620
341,337,840
341,338,605
341,339,486
341,340,333
341,341,0
341,342,209
341,343,506
341,344,675
341,345,883
341,403,864
341,404,793
341,405,575
341,406,368
341,407,256
341,408,167
341,409,339
341,410,359
341,411,461
341,412,650
341,477,720
341,478,534
341,479,512
341,480,364
341,481,526
341,482,339
341,483,451
341,484,582
341,485,826
341,556,783
341,557,676
341,558,633
341,559,611
341,560,642
341,561,589
341,562,668
341,563,644
341,564,745
341,565,847
341,642,836
341,643,843
341,644,847
341,648,766
341,649,838
342,176,797
342,177,845
342,223,853
342,224,677
342,225,496
342,226,611
342,227,820
342,278,751
342,279,487
342,280,260
342,281,441
342,282,582
342,338,737
342,339,618
342,340,428
342,341,209
342,342,0
342,343,469
342,344,638
342,345,846
342,405,706
342,406,500
342,407,421
342,408,376
342,409,343
342,410,322
342,411,424
342,412,613
342,477,852
342,478,666
342,479,644
342,480,572
342,481,735
342,482,468
342,483,459
342,484,585
342,485,825
342,486,872
342,557,808
342,558,765
342,559,820
342,560,850
342,561,798
342,562,877
342,563,746
342,564,748
342,565,850
342,648,868
343,133,812
343,134,798
343,135,864
343,176,696
343,177,631
343,178,676
343,179,850
343,224,760
343,225,557
343,226,454
343,227,502
343,228,643
343,278,841
343,279,603
343,280,376
343,281,395
343,282,227
343,283,544
343,284,604
343,339,855
343,340,665
343,341,487
343,342,469
343,343,0
343,344,246
343,345,465
343,406,737
343,407,659
343,408,654
343,409,479
343,410,393
343,411,314
343,412,392
343,479,881
343,480,851
343,482,695
343,483,595
343,484,668
343,485,605
343,486,651
343,487,810
343,563,882
343,564,775
343,565,877
343,566,876
344,133,869
344,134,804
344,135,797
344,176,753
344,177,688
344,178,629
344,179,749
344,180,870
344,225,718
344,226,511
344,227,436
344,228,439
344,229,747
344,230,756
344,279,772
344,280,545
344,281,551
344,282,283
344,283,299
344,284,358
344,285,781
344,340,834
344,341,656
344,342,638
344,343,246
344,344,0
344,345,219
344,346,792
344,407,828
344,408,823
344,409,641
344,410,421
344,411,259
344,412,210
344,413,752
344,414,856
344,482,864
344,483,641
344,484,641
344,485,422
344,486,469
344,487,627
344,488,797
344,563,808
344,564,593
344,565,695
344,566,693
344,567,851
344,648,898
344,650,790
344,651,791
344,652,866
345,134,825
345,135,774
345,136,808
345,137,833
345,176,845
345,177,713
345,178,606
345,179,681
345,180,722
345,181,827
345,225,810
345,226,603
345,227,460
345,228,373
345,229,598
345,230,608
345,231,853
345,280,764
345,281,643
345,282,375
345,283,214
345,284,210
345,285,633
345,286,802
345,287,891
345,341,875
345,342,846
345,343,465
345,344,219
345,345,0
345,346,644
345,347,834
345,409,847
345,410,628
345,411,466
345,412,312
345,413,683
345,414,788
345,483,848
345,484,669
345,485,450
345,486,496
345,487,559
345,488,729
345,563,836
345,564,620
345,565,722
345,566,625
345,567,783
345,650,817
345,651,723
345,652,797
345,653,872
346,135,826
346,136,808
346,137,740
346,138,878
346,178,691
346,179,704
346,180,629
346,181,698
346,182,846
346,226,891
346,227,679
346,228,476
346,229,615
346,230,476
346,231,656
346,232,751
346,283,625
346,284,470
346,285,252
346,286,470
346,287,610
346,288,813
346,343,866
346,344,683
346,345,607
346,346,0
346,347,249
346,348,439
346,349,717
346,410,880
346,411,718
346,412,542
346,413,320
346,414,490
346,415,739
346,416,701
346,417,878
346,484,899
346,485,680
346,486,726
346,487,507
346,488,641
346,489,699
346,564,851
346,566,729
346,567,818
346,568,841
346,651,827
347,136,865
347,137,797
347,178,845
347,179,859
347,180,685
347,181,732
347,182,758
347,183,869
347,227,834
347,228,631
347,229,701
347,230,532
347,231,618
347,232,662
347,233,841
347,283,780
347,284,624
347,285,357
347,286,344
347,287,432
347,288,602
347,343,852
347,344,670
347,345,593
347,346,249
347,347,0
347,348,227
347,349,505
347,350,750
347,410,867
347,411,704
347,412,528
347,413,306
347,414,346
347,415,595
347,416,490
347,417,666
347,484,885
347,485,666
347,486,712
347,487,493
347,488,497
347,489,554
347,564,837
347,566,715
347,567,724
347,568,697
347,569,799
347,651,813
347,652,866
347,653,856
347,654,867
348,136,791
348,137,723
348,138,740
348,139,769
348,140,833
348,178,849
348,179,863
348,180,611
348,181,583
348,182,568
348,183,679
348,184,847
348,227,838
348,228,635
348,229,627
348,230,418
348,231,448
348,232,472
348,233,651
348,234,776
348,283,783
348,284,628
348,285,355
348,286,206
348,287,243
348,288,413
348,289,758
348,290,887
348,344,859
348,345,783
348,346,439
348,347,227
348,348,0
348,349,316
348,350,561
348,411,894
348,412,718
348,413,496
348,414,511
348,415,461
348,416,314
348,417,490
348,418,748
348,485,856
348,487,665
348,488,661
348,489,584
348,490,801
348,491,783
348,492,897
348,566,894
348,567,889
348,568,835
348,569,829
348,570,846
349,136,873
349,137,805
349,138,731
349,139,724
349,140,788
349,180,693
349,181,604
349,182,523
349,183,635
349,184,693
349,228,815
349,229,742
349,230,467
349,231,442
349,232,427
349,233,547
349,234,600
349,235,752
349,284,809
349,285,537
349,286,321
349,287,194
349,288,237
349,289,583
349,290,711
349,291,735
349,346,713
349,347,501
349,348,325
349,349,0
349,350,386
349,351,696
349,352,784
349,353,822
349,413,764
349,414,652
349,415,357
349,416,207
349,417,224
349,418,462
349,419,676
349,420,834
349,487,807
349,488,733
349,489,480
349,490,604
349,491,549
349,492,611
349,493,802
349,568,730
349,569,649
349,570,650
349,571,662
349,572,743
349,654,821
349,655,789
350,138,844
350,139,837
350,180,843
350,181,749
350,182,636
350,183,688
350,184,635
350,185,878
350,230,696
350,231,555
350,232,540
350,233,490
350,234,543
350,235,694
350,285,782
350,286,566
350,287,386
350,288,212
350,289,525
350,290,654
350,291,678
350,292,881
350,347,746
350,348,570
350,349,386
350,350,0
350,351,520
350,352,608
350,353,700
350,354,888
350,415,665
350,416,487
350,417,333
350,418,287
350,419,500
350,420,658
350,421,734
350,489,740
350,490,649
350,491,518
350,492,435
350,493,626
350,495,896
350,569,693
350,570,694
350,571,571
350,572,588
350,654,890
350,655,833
350,657,890
350,658,829
351,139,858
351,140,841
351,182,762
351,183,625
351,184,573
351,185,787
351,231,780
351,232,610
351,233,427
351,234,411
351,235,590
351,236,800
351,287,747
351,288,518
351,289,229
351,290,296
351,291,462
351,292,659
351,293,864
351,349,699
351,350,523
351,351,0
351,352,238
351,353,330
351,354,560
351,355,761
351,415,896
351,416,718
351,417,542
351,418,366
351,419,298
351,420,445
351,421,487
351,422,742
351,423,709
351,424,852
351,490,790
351,491,659
351,492,513
351,493,424
351,494,703
351,495,661
351,496,683
351,497,787
351,569,834
351,570,828
351,571,692
351,572,694
351,573,865
351,574,870
351,576,884
351,577,815
351,663,888
352,139,894
352,140,811
352,141,872
352,182,827
352,183,661
352,184,586
352,185,757
352,186,882
352,231,846
352,232,676
352,233,492
352,234,381
352,235,559
352,236,676
352,237,874
352,287,813
352,288,584
352,289,353
352,290,235
352,291,431
352,292,535
352,293,740
352,349,784
352,350,608
352,351,239
352,352,0
352,353,206
352,354,436
352,355,637
352,356,860
352,416,803
352,417,626
352,418,451
352,419,383
352,420,321
352,421,363
352,422,618
352,423,584
352,424,728
352,490,875
352,491,744
352,492,598
352,493,509
352,494,579
352,495,537
352,496,558
352,497,663
352,498,794
352,571,777
352,572,779
352,573,741
352,574,745
352,575,786
352,576,759
352,577,690
352,658,899
352,661,876
352,663,764
353,102,887
353,139,830
353,140,694
353,141,755
353,182,813
353,183,597
353,184,522
353,185,592
353,186,710
353,187,874
353,231,836
353,232,665
353,233,482
353,234,317
353,235,374
353,236,481
353,237,679
353,238,896
353,287,802
353,288,573
353,289,397
353,290,230
353,291,235
353,292,340
353,293,545
353,294,739
353,349,810
353,350,705
353,351,336
353,352,199
353,353,0
353,354,240
353,355,442
353,356,665
353,416,900
353,417,723
353,418,548
353,419,467
353,420,356
353,421,185
353,422,423
353,423,389
353,424,532
353,425,875
353,491,840
353,492,694
353,493,571
353,494,614
353,495,448
353,496,373
353,497,468
353,498,598
353,499,765
353,571,874
353,572,863
353,573,776
353,574,781
353,575,822
353,576,661
353,577,522
353,578,717
353,579,807
353,663,666
353,664,798
353,665,860
354,102,888
354,140,695
354,141,756
354,183,737
354,184,578
354,185,524
354,186,642
354,187,761
354,232,823
354,233,639
354,234,457
354,235,376
354,236,413
354,237,602
354,238,783
354,288,731
354,289,555
354,290,401
354,291,244
354,292,217
354,293,390
354,294,529
354,295,875
354,351,575
354,352,439
354,353,239
354,354,0
354,355,229
354,356,452
354,418,787
354,419,706
354,420,595
354,421,386
354,422,372
354,423,184
354,424,323
354,425,665
354,493,808
354,494,834
354,495,569
354,496,397
354,497,383
354,498,409
354,499,555
354,500,693
354,576,693
354,577,545
354,578,584
354,579,618
354,580,737
354,581,890
354,663,692
354,664,807
354,665,762
354,666,877
355,102,848
355,139,892
355,140,661
355,141,707
355,142,880
355,183,809
355,184,608
355,185,465
355,186,552
355,187,657
355,188,865
355,233,772
355,234,583
355,235,473
355,236,349
355,237,498
355,238,679
355,239,831
355,288,872
355,289,697
355,290,600
355,291,370
355,292,269
355,293,285
355,294,315
355,295,729
355,296,789
355,351,788
355,352,652
355,353,452
355,354,270
355,355,0
355,356,238
355,358,849
355,420,808
355,421,626
355,422,449
355,423,214
355,424,216
355,425,507
355,426,870
355,495,809
355,496,595
355,497,414
355,498,375
355,499,397
355,500,534
355,501,758
355,577,622
355,578,569
355,579,584
355,580,579
355,581,731
355,582,876
355,663,824
355,664,792
355,665,728
355,666,737
355,667,777
356,102,876
356,104,881
356,140,786
356,141,735
356,142,729
356,143,849
356,184,733
356,185,588
356,186,489
356,187,505
356,188,714
356,189,832
356,234,763
356,235,598
356,236,433
356,237,346
356,238,527
356,239,657
356,240,807
356,289,889
356,290,793
356,291,562
356,292,394
356,293,222
356,294,132
356,295,555
356,296,615
356,297,814
356,352,840
356,353,640
356,354,430
356,355,228
356,356,0
356,357,800
356,358,675
356,359,812
356,421,786
356,422,609
356,423,375
356,424,210
356,425,465
356,426,828
356,427,836
356,496,755
356,497,557
356,498,386
356,499,355
356,500,492
356,501,716
356,502,877
356,577,750
356,578,595
356,579,526
356,580,537
356,581,689
356,582,834
356,664,813
356,665,670
356,666,695
356,667,735
357,144,743
357,185,805
357,186,703
357,187,719
357,188,600
357,189,625
357,235,815
357,236,647
357,237,561
357,238,739
357,239,450
357,240,686
357,291,820
357,292,611
357,293,436
357,294,245
357,295,347
357,296,476
357,297,693
357,298,880
357,354,742
357,355,550
357,356,374
357,357,0
357,358,466
357,359,691
357,360,799
357,423,729
357,424,583
357,425,839
357,426,681
357,427,628
357,428,768
357,498,759
357,499,729
357,500,779
357,501,498
357,502,660
357,503,859
357,579,900
357,580,762
357,581,599
357,582,620
357,583,816
357,667,837
357,669,768
358,144,756
358,145,813
358,146,793
358,186,852
358,187,733
358,188,613
358,189,532
358,190,684
358,191,817
358,236,795
358,237,709
358,238,752
358,239,425
358,240,396
358,241,627
358,242,713
358,292,759
358,293,584
358,294,393
358,295,396
358,296,204
358,297,404
358,298,590
358,299,746
358,354,891
358,355,699
358,356,522
358,357,389
358,358,0
358,359,402
358,360,509
358,361,663
358,423,877
358,424,731
358,426,806
358,427,366
358,428,506
358,429,658
358,430,839
358,499,877
358,501,623
358,502,785
358,580,887
358,581,724
358,582,745
358,669,893
359,144,851
359,146,892
359,188,793
359,189,648
359,190,661
359,191,710
359,192,816
359,237,891
359,239,605
359,240,387
359,241,525
359,242,565
359,243,766
359,293,766
359,294,575
359,295,576
359,296,385
359,297,303
359,298,443
359,299,598
359,355,881
359,356,704
359,357,571
359,358,338
359,359,0
359,360,278
359,361,516
359,427,336
359,428,243
359,429,394
359,430,555
359,431,777
359,501,757
359,506,891
359,581,858
359,582,880
360,144,836
360,146,889
360,147,866
360,188,883
360,189,653
360,190,557
360,191,570
360,192,677
360,193,828
360,239,726
360,240,449
360,241,385
360,242,426
360,243,626
360,244,834
360,293,887
360,294,696
360,295,697
360,296,506
360,297,239
360,298,303
360,299,459
360,301,834
360,356,825
360,357,692
360,358,459
360,359,278
360,360,0
360,361,309
360,362,733
360,363,817
360,427,389
360,428,219
360,429,226
360,430,341
360,431,563
360,432,715
360,501,886
360,505,883
360,506,677
360,507,874
360,508,865
360,587,897
361,189,750
361,190,654
361,191,667
361,192,766
361,239,831
361,240,546
361,241,482
361,242,515
361,243,715
361,294,895
361,295,896
361,296,705
361,297,336
361,298,392
361,299,467
361,300,791
361,357,891
361,358,658
361,359,496
361,360,309
361,361,0
361,362,572
361,363,656
361,364,791
361,427,583
361,428,401
361,429,185
361,430,223
361,431,401
361,432,553
361,433,750
361,434,855
361,504,884
361,505,722
361,506,516
361,507,712
361,508,703
361,509,861
361,585,890
361,586,779
361,587,735
361,588,843
361,590,891
361,674,895
362,108,801
362,146,805
362,147,761
362,148,816
362,189,850
362,190,643
362,191,530
362,192,572
362,193,724
362,240,729
362,241,517
362,242,321
362,243,522
362,244,729
362,297,534
362,298,297
362,299,148
362,300,650
362,301,729
362,358,856
362,359,694
362,360,511
362,361,349
362,362,0
362,363,514
362,364,650
362,427,784
362,428,602
362,429,387
362,430,257
362,431,282
362,432,434
362,433,608
362,434,713
362,504,765
362,505,603
362,506,397
362,507,593
362,508,584
362,509,720
362,585,771
362,586,660
362,587,616
362,588,724
362,589,841
362,590,772
362,673,868
362,674,776
362,675,897
363,242,807
363,245,776
363,246,806
363,298,782
363,299,633
363,300,305
363,302,749
363,303,806
363,304,806
363,360,817
363,361,656
363,362,724
363,363,0
363,364,305
363,365,560
363,366,688
363,367,853
363,429,693
363,430,564
363,431,350
363,432,186
363,433,263
363,434,368
363,435,623
363,436,849
363,504,716
363,505,554
363,506,373
363,507,411
363,508,329
363,509,451
363,510,638
363,511,827
363,585,722
363,586,611
363,587,563
363,588,595
363,589,603
363,590,517
363,591,663
363,592,756
363,673,819
363,674,693
363,675,795
363,676,758
363,677,727
363,678,659
363,679,851
364,245,715
364,246,745
364,299,769
364,300,0
364,302,688
364,303,745
364,304,745
364,361,792
364,362,860
364,363,305
364,364,0
364,365,499
364,366,627
364,367,792
364,429,829
364,430,699
364,431,486
364,432,321
364,433,202
364,434,308
364,435,562
364,436,788
364,504,852
364,505,689
364,506,509
364,507,547
364,508,465
364,509,391
364,510,577
364,511,766
364,585,858
364,586,747
364,587,699
364,588,731
364,589,739
364,590,653
364,591,647
364,592,695
364,674,829
364,676,894
364,677,863
364,678,795
364,679,835
365,245,292
365,246,322
365,300,526
365,302,265
365,303,322
365,304,322
365,306,894
365,363,587
365,364,526
365,365,0
365,366,331
365,367,369
365,368,550
365,369,689
365,370,878
365,431,767
365,432,603
365,433,401
365,434,324
365,435,321
365,436,493
365,437,529
365,438,743
365,439,896
365,506,791
365,507,829
365,508,747
365,509,514
365,510,529
365,511,713
365,512,701
365,513,687
365,514,890
365,590,859
365,591,742
365,592,709
365,593,870
365,594,839
366,245,232
366,246,262
366,300,586
366,302,205
366,303,262
366,304,262
366,306,834
366,363,647
366,364,586
366,365,189
366,366,0
366,367,282
366,368,490
366,369,629
366,370,818
366,431,828
366,432,664
366,433,461
366,434,385
366,435,171
366,436,238
366,437,431
366,438,645
366,439,808
366,506,851
366,507,889
366,508,807
366,509,560
366,510,378
366,511,525
366,512,541
366,513,589
366,514,792
366,589,899
366,590,759
366,591,622
366,592,524
366,593,622
366,594,662
366,595,800
366,679,728
366,680,791
366,681,725
366,682,833
367,245,393
367,246,423
367,247,877
367,249,879
367,300,747
367,302,366
367,303,423
367,304,423
367,305,877
367,306,710
367,363,808
367,364,747
367,365,350
367,366,186
367,367,0
367,368,365
367,369,504
367,370,694
367,432,824
367,433,622
367,434,545
367,435,357
367,436,178
367,437,249
367,438,463
367,439,626
367,440,887
367,509,735
367,510,523
367,511,606
367,512,359
367,513,407
367,514,610
367,515,788
367,591,703
367,592,606
367,593,563
367,594,497
367,595,618
367,596,794
367,679,809
367,680,811
367,681,666
367,682,651
367,683,745
368,198,740
368,245,581
368,246,611
368,247,569
368,248,899
368,249,571
368,250,744
368,251,810
368,302,554
368,303,611
368,304,611
368,305,569
368,306,402
368,307,771
368,308,896
368,365,538
368,366,375
368,367,188
368,368,0
368,369,196
368,370,385
368,371,665
368,433,810
368,434,733
368,435,545
368,436,367
368,437,198
368,438,309
368,439,403
368,440,597
368,441,788
368,510,686
368,511,769
368,512,384
368,513,331
368,514,496
368,515,636
368,516,786
368,591,866
368,592,769
368,593,652
368,594,523
368,595,598
368,596,718
368,597,856
368,680,881
368,681,717
368,682,676
368,683,769
369,151,897
369,152,803
369,197,834
369,198,582
369,245,899
369,247,410
369,248,740
369,249,412
369,250,586
369,251,651
369,302,872
369,305,410
369,306,243
369,307,612
369,308,737
369,365,857
369,366,693
369,367,507
369,368,319
369,369,0
369,370,226
369,371,506
369,372,863
369,373,868
369,435,864
369,436,685
369,437,517
369,438,364
369,439,322
369,440,439
369,441,629
369,442,787
369,512,696
369,513,522
369,514,512
369,515,555
369,516,644
369,517,804
369,594,734
369,595,705
369,596,662
369,597,714
369,598,897
369,682,805
369,683,876
369,684,822
370,151,822
370,152,728
370,153,899
370,196,868
370,197,758
370,198,525
370,247,390
370,248,684
370,249,356
370,250,529
370,251,595
370,252,808
370,305,390
370,306,222
370,307,385
370,308,681
370,309,743
370,310,808
370,365,900
370,366,736
370,367,550
370,368,362
370,369,257
370,370,0
370,371,280
370,372,637
370,373,641
370,374,876
370,436,728
370,437,558
370,438,321
370,439,205
370,440,212
370,441,403
370,442,561
370,443,786
370,512,651
370,513,469
370,514,397
370,515,369
370,516,418
370,517,577
370,518,763
370,519,897
370,593,861
370,594,681
370,595,619
370,596,542
370,597,488
370,598,670
370,599,783
370,681,849
370,682,718
370,683,789
370,684,595
370,685,675
370,686,810
371,247,783
371,249,749
371,250,710
371,251,776
371,252,624
371,305,783
371,306,616
371,307,194
371,308,559
371,309,559
371,310,624
371,368,755
371,369,651
371,370,393
371,371,0
371,372,452
371,373,457
371,374,691
371,375,849
371,437,842
371,438,664
371,439,492
371,440,246
371,441,237
371,442,376
371,443,601
371,444,817
371,513,753
371,514,575
371,515,543
371,516,360
371,517,434
371,518,599
371,519,712
371,596,716
371,597,647
371,598,536
371,599,640
371,600,837
371,601,866
371,684,758
371,685,834
371,686,675
372,198,611
372,199,740
372,200,740
372,247,829
372,249,467
372,250,287
372,251,353
372,252,478
372,253,740
372,305,829
372,306,645
372,307,626
372,308,136
372,309,413
372,310,478
372,311,796
372,370,810
372,371,452
372,372,0
372,373,311
372,374,546
372,375,704
372,376,840
372,439,849
372,440,557
372,441,355
372,442,381
372,443,456
372,444,671
372,446,836
372,515,900
372,516,608
372,517,498
372,518,533
372,519,566
372,520,887
372,597,794
372,598,673
372,599,648
372,600,691
372,601,720
372,686,801
372,688,892
372,689,874
373,198,893
373,249,749
373,250,569
373,251,635
373,252,167
373,307,630
373,308,418
373,309,102
373,310,167
373,311,486
373,370,829
373,371,457
373,372,311
373,373,0
373,374,264
373,375,394
373,376,529
373,439,854
373,440,561
373,441,360
373,442,386
373,443,262
373,444,415
373,445,630
373,446,526
373,447,645
373,448,829
373,516,594
373,517,432
373,518,456
373,519,455
373,520,794
373,521,846
373,522,725
373,523,732
373,524,844
373,597,742
373,598,622
373,599,582
373,600,598
373,601,627
373,686,734
373,687,826
373,688,799
373,689,782
374,250,803
374,251,869
374,252,202
374,307,864
374,308,652
374,309,295
374,310,202
374,311,307
374,371,691
374,372,546
374,373,264
374,374,0
374,375,215
374,376,351
374,440,795
374,441,570
374,442,475
374,443,194
374,444,218
374,445,452
374,446,348
374,447,467
374,448,651
374,449,829
374,516,654
374,517,492
374,518,516
374,519,366
374,520,822
374,521,758
374,522,546
374,523,554
374,524,665
374,525,806
374,597,802
374,598,682
374,599,642
374,600,647
374,601,655
374,603,895
374,604,850
374,605,870
374,606,758
374,607,887
374,686,794
374,687,879
374,688,827
374,689,809
375,252,332
375,308,810
375,309,425
375,310,332
375,311,144
375,312,809
375,314,838
375,371,849
375,372,704
375,373,394
375,374,215
375,375,0
375,376,187
375,377,809
375,378,747
375,441,752
375,442,660
375,443,379
375,444,433
375,445,288
375,446,184
375,447,303
375,448,487
375,449,665
375,516,840
375,517,677
375,518,702
375,519,552
375,521,617
375,522,383
375,523,390
375,524,502
375,525,643
375,598,868
375,599,827
375,600,833
375,601,841
375,603,751
375,604,706
375,605,706
375,606,595
375,607,723
375,608,821
375,692,879
375,694,741
376,252,468
376,309,560
376,310,468
376,311,65
376,312,674
376,313,841
376,314,703
376,372,840
376,373,529
376,374,351
376,375,187
376,376,0
376,377,674
376,378,612
376,441,888
376,442,796
376,443,515
376,444,569
376,445,287
376,446,122
376,447,168
376,448,352
376,449,530
376,450,833
376,451,892
376,517,813
376,518,838
376,519,688
376,521,616
376,522,382
376,523,306
376,524,367
376,525,508
376,526,828
376,527,893
376,603,750
376,604,705
376,605,622
376,606,510
376,607,588
376,608,686
376,609,885
376,692,878
376,694,656
376,695,807
376,696,787
376,697,867
377,203,829
377,204,825
377,255,740
377,256,655
377,311,740
377,312,0
377,313,550
377,314,413
377,375,809
377,376,674
377,377,0
377,378,243
377,445,890
377,446,690
377,447,537
377,448,353
377,449,300
377,450,603
377,451,661
377,522,802
377,523,657
377,524,471
377,525,451
377,526,598
377,527,663
377,605,818
377,606,707
377,607,600
377,608,663
377,609,789
377,694,852
377,695,819
377,696,799
377,697,849
378,155,861
378,156,788
378,157,785
378,158,772
378,202,746
378,203,627
378,204,623
378,205,753
378,206,844
378,254,746
378,255,538
378,256,453
378,257,764
378,311,677
378,312,243
378,313,348
378,314,211
378,315,702
378,375,747
378,376,612
378,377,243
378,378,0
378,379,763
378,380,763
378,445,827
378,446,628
378,447,474
378,448,290
378,449,197
378,450,454
378,451,512
378,522,740
378,523,594
378,524,409
378,525,367
378,526,482
378,527,514
378,528,783
378,605,755
378,606,644
378,607,516
378,608,560
378,609,685
378,610,826
378,611,842
378,694,790
378,695,735
378,696,715
378,697,746
378,698,873
379,155,816
379,156,743
379,157,740
379,158,727
379,202,701
379,203,581
379,204,578
379,205,707
379,206,798
379,254,701
379,255,493
379,256,408
379,257,719
379,311,855
379,312,500
379,313,317
379,314,173
379,315,61
379,376,790
379,377,500
379,378,297
379,379,0
379,380,0
379,446,806
379,447,652
379,448,468
379,449,360
379,450,457
379,451,515
379,523,772
379,524,587
379,525,534
379,526,485
379,527,517
379,528,786
379,606,822
379,607,683
379,608,727
379,609,711
379,610,829
379,611,845
379,696,882
379,697,810
379,698,899
380,155,816
380,156,743
380,157,740
380,158,727
380,202,701
380,203,581
380,204,578
380,205,707
380,206,798
380,254,701
380,255,493
380,256,408
380,257,719
380,311,855
380,312,500
380,313,317
380,314,173
380,315,61
380,376,790
380,377,500
380,378,297
380,379,0
380,380,0
380,446,806
380,447,652
380,448,468
380,449,360
380,450,457
380,451,515
380,523,772
380,524,587
380,525,534
380,526,485
380,527,517
380,528,786
380,606,822
380,607,683
380,608,727
380,609,711
380,610,829
380,611,845
380,696,882
380,697,810
380,698,899
381,117,887
381,156,858
381,157,715
381,158,690
381,203,776
381,204,542
381,205,567
381,206,478
381,207,429
381,255,783
381,256,665
381,257,357
381,258,429
381,259,394
381,260,728
381,261,733
381,316,198
381,317,163
381,318,728
381,319,733
381,320,733
381,381,0
381,382,233
381,383,897
381,384,897
381,452,742
381,453,897
381,454,605
381,455,605
381,528,731
381,529,582
381,530,432
381,531,532
381,610,880
381,611,692
381,612,552
381,613,499
381,614,499
381,701,734
381,702,627
382,204,774
382,205,800
382,206,711
382,207,662
382,256,898
382,257,590
382,258,662
382,259,626
382,316,430
382,317,395
382,381,233
382,382,0
382,452,710
382,454,573
382,455,573
382,528,699
382,529,549
382,530,399
382,531,499
382,610,848
382,611,660
382,612,519
382,613,467
382,614,467
382,701,702
382,702,595
383,260,169
383,261,173
383,317,897
383,318,169
383,319,173
383,320,173
383,381,897
383,383,0
383,384,0
383,453,0
384,260,169
384,261,173
384,317,897
384,318,169
384,319,173
384,320,173
384,381,897
384,383,0
384,384,0
384,453,0
385,385,0
385,386,0
385,456,574
385,457,0
385,458,0
385,459,790
385,460,891
385,532,608
385,533,534
385,534,234
385,535,0
385,536,528
385,537,712
385,615,608
385,617,393
385,618,237
385,619,869
385,620,562
385,621,769
385,708,809
385,709,587
385,710,853
386,385,0
386,386,0
386,456,574
386,457,0
386,458,0
386,459,790
386,460,891
386,532,608
386,533,534
386,534,234
386,535,0
386,536,528
386,537,712
386,615,608
386,617,393
386,618,237
386,619,869
386,620,562
386,621,769
386,708,809
386,709,587
386,710,853
387,262,778
387,263,778
387,264,680
387,265,751
387,266,874
387,321,0
387,322,0
387,323,778
387,324,526
387,325,718
387,387,0
387,388,84
387,389,337
387,390,569
387,391,703
387,459,322
387,460,195
387,461,396
387,462,631
387,463,865
387,536,488
387,537,388
387,538,427
387,539,623
387,540,864
387,618,823
387,620,581
387,621,527
387,622,846
387,623,878
387,709,720
387,710,747
387,711,874
388,262,728
388,263,728
388,264,630
388,265,701
388,266,824
388,321,84
388,322,84
388,323,728
388,324,476
388,325,668
388,326,873
388,387,84
388,388,0
388,389,287
388,390,549
388,391,683
388,392,872
388,459,305
388,460,178
388,461,376
388,462,611
388,463,845
388,536,471
388,537,371
388,538,410
388,539,606
388,540,847
388,618,806
388,620,564
388,621,510
388,622,829
388,623,861
388,709,703
388,710,730
388,711,857
388,712,896
389,163,823
389,164,755
389,165,803
389,210,832
389,211,650
389,212,640
389,213,737
389,262,440
389,263,440
389,264,343
389,265,413
389,266,536
389,267,735
389,268,889
389,321,337
389,322,337
389,323,440
389,324,189
389,325,381
389,326,585
389,327,737
389,387,337
389,388,287
389,389,0
389,390,283
389,391,405
389,392,585
389,393,811
389,459,485
389,460,288
389,461,255
389,462,474
389,463,708
389,536,652
389,537,491
389,538,465
389,539,488
389,540,729
389,541,851
389,620,706
389,621,613
389,622,712
389,623,743
389,624,872
389,709,845
389,710,840
389,712,778
390,122,877
390,123,813
390,163,713
390,164,645
390,165,669
390,166,789
390,210,722
390,211,561
390,212,506
390,213,598
390,214,764
390,262,432
390,263,432
390,264,335
390,265,330
390,266,397
390,267,577
390,268,699
390,269,888
390,321,569
390,322,569
390,323,432
390,324,181
390,325,190
390,326,395
390,327,546
390,328,771
390,387,569
390,388,549
390,389,283
390,390,0
390,391,171
390,392,394
390,393,621
390,394,852
390,459,579
390,460,382
390,461,220
390,462,306
390,463,497
390,464,728
390,536,713
390,537,534
390,538,440
390,539,338
390,540,564
390,541,641
390,542,818
390,620,738
390,621,588
390,622,561
390,623,593
390,624,661
390,625,797
390,709,877
390,710,824
390,711,774
390,712,628
390,713,738
391,123,799
391,124,806
391,163,762
391,164,694
391,165,617
391,166,678
391,210,771
391,211,624
391,212,492
391,213,487
391,214,630
391,262,529
391,263,529
391,264,431
391,265,402
391,266,286
391,267,439
391,268,561
391,269,750
391,321,703
391,322,703
391,323,529
391,324,303
391,325,176
391,326,257
391,327,409
391,328,633
391,329,867
391,387,703
391,388,683
391,389,405
391,390,171
391,391,0
391,392,256
391,393,483
391,394,714
391,459,713
391,460,516
391,461,318
391,462,347
391,463,427
391,464,590
391,465,885
391,536,811
391,537,633
391,538,538
391,539,379
391,540,493
391,541,570
391,542,748
391,620,836
391,621,686
391,622,602
391,623,626
391,624,591
391,625,727
391,626,836
391,710,864
391,711,815
391,712,668
391,713,667
392,124,859
392,125,811
392,164,853
392,165,734
392,166,677
392,168,864
392,211,800
392,212,668
392,213,534
392,214,503
392,215,676
392,216,765
392,262,720
392,263,720
392,264,622
392,265,593
392,266,453
392,267,352
392,268,354
392,269,516
392,270,772
392,323,720
392,324,497
392,325,367
392,326,216
392,327,180
392,328,387
392,329,634
392,388,887
392,389,600
392,390,410
392,391,370
392,392,0
392,393,238
392,394,469
392,395,765
392,460,770
392,461,573
392,462,552
392,463,387
392,464,345
392,465,650
392,466,658
392,467,888
392,537,887
392,538,792
392,539,616
392,540,638
392,541,564
392,542,574
392,543,728
392,544,817
392,622,840
392,623,768
392,624,682
392,625,695
392,626,688
392,713,808
393,125,823
393,126,873
393,165,821
393,166,763
393,167,804
393,168,761
393,169,808
393,211,886
393,212,755
393,213,621
393,214,581
393,215,574
393,216,662
393,217,801
393,262,868
393,263,868
393,264,771
393,265,742
393,266,540
393,267,439
393,268,433
393,269,413
393,270,670
393,271,863
393,323,868
393,324,719
393,325,515
393,326,327
393,327,258
393,328,198
393,329,531
393,330,815
393,389,821
393,390,631
393,391,591
393,392,392
393,393,0
393,394,277
393,395,617
393,396,795
393,461,785
393,462,610
393,463,445
393,464,222
393,465,426
393,466,466
393,467,696
393,539,674
393,540,696
393,541,528
393,542,363
393,543,517
393,544,625
393,545,822
393,622,898
393,623,826
393,624,664
393,625,584
393,626,477
393,627,744
393,628,783
393,713,854
393,715,801
394,125,772
394,126,823
394,127,864
394,166,736
394,167,753
394,168,711
394,169,735
394,213,723
394,214,539
394,215,523
394,216,562
394,217,662
394,218,884
394,266,771
394,267,531
394,268,417
394,269,363
394,270,519
394,271,668
394,272,857
394,325,747
394,326,558
394,327,489
394,328,184
394,329,265
394,330,620
394,331,764
394,332,805
394,390,862
394,391,822
394,392,623
394,393,278
394,394,0
394,395,340
394,396,518
394,397,799
394,398,875
394,462,824
394,463,640
394,464,386
394,465,216
394,466,189
394,467,419
394,468,627
394,539,889
394,541,628
394,542,465
394,543,365
394,544,348
394,545,545
394,624,758
394,625,556
394,626,391
394,627,497
394,628,506
394,629,850
394,715,887
394,717,706
394,718,715
394,719,812
395,126,894
395,127,873
395,166,890
395,167,888
395,168,729
395,169,706
395,170,871
395,213,877
395,214,693
395,215,658
395,216,568
395,217,625
395,218,834
395,267,685
395,268,571
395,269,452
395,270,479
395,271,551
395,272,762
395,326,809
395,327,669
395,328,508
395,329,229
395,330,443
395,331,605
395,332,688
395,333,876
395,393,622
395,394,344
395,395,0
395,396,359
395,397,640
395,398,759
395,399,878
395,464,726
395,465,544
395,466,478
395,467,337
395,468,468
395,542,796
395,543,693
395,544,491
395,545,485
395,625,884
395,626,719
395,627,786
395,628,619
395,717,819
395,718,829
396,168,880
396,169,773
396,215,876
396,216,719
396,217,611
396,218,710
396,219,845
396,268,789
396,269,630
396,270,495
396,271,404
396,272,615
396,273,759
396,327,887
396,328,682
396,329,447
396,330,295
396,331,270
396,332,477
396,333,665
396,334,891
396,393,796
396,394,518
396,395,359
396,396,0
396,397,305
396,398,464
396,399,604
396,400,781
396,465,718
396,466,652
396,467,209
396,468,133
396,470,882
396,471,691
396,472,834
396,543,765
396,544,434
396,545,329
396,626,893
396,627,760
396,628,542
396,629,877
396,717,732
396,718,742
396,719,839
397,127,856
397,168,832
397,169,650
397,170,815
397,215,873
397,216,647
397,217,524
397,218,587
397,219,722
397,269,679
397,270,493
397,271,323
397,272,478
397,273,577
397,274,788
397,328,900
397,329,666
397,330,352
397,331,123
397,332,296
397,333,484
397,334,709
397,335,852
397,394,799
397,395,640
397,396,305
397,397,0
397,398,282
397,399,422
397,400,599
397,401,804
397,467,474
397,468,311
397,470,701
397,471,510
397,472,653
397,473,793
397,544,694
397,545,588
397,549,728
397,550,739
397,551,897
397,628,802
397,634,809
398,126,847
398,127,802
398,168,786
398,169,595
398,170,761
398,215,886
398,216,660
398,217,537
398,218,532
398,219,668
398,220,838
398,269,693
398,270,506
398,271,336
398,272,368
398,273,467
398,274,678
398,275,834
398,329,679
398,330,422
398,331,229
398,332,185
398,333,352
398,334,515
398,335,657
398,336,838
398,394,875
398,395,759
398,396,464
398,397,282
398,398,0
398,399,226
398,400,403
398,401,608
398,402,760
398,467,632
398,468,469
398,470,501
398,471,310
398,472,457
398,473,597
398,474,819
398,544,852
398,545,747
398,547,879
398,548,754
398,549,528
398,550,539
398,551,701
398,552,813
398,632,878
398,633,707
398,634,610
398,635,748
398,636,857
399,127,888
399,168,872
399,169,682
399,170,847
399,216,780
399,217,656
399,218,619
399,219,745
399,220,858
399,269,812
399,270,625
399,271,456
399,272,437
399,273,526
399,274,641
399,275,796
399,329,798
399,330,541
399,331,369
399,332,263
399,333,299
399,334,432
399,335,562
399,336,743
399,395,878
399,396,604
399,397,422
399,398,226
399,399,0
399,400,222
399,401,461
399,402,617
399,467,772
399,468,609
399,470,535
399,471,344
399,472,276
399,473,416
399,474,638
399,545,887
399,548,788
399,549,562
399,550,572
399,551,520
399,552,632
399,553,796
399,633,741
399,634,644
399,635,774
399,636,685
399,637,797
400,128,884
400,169,798
400,170,891
400,171,778
400,172,861
400,217,803
400,218,544
400,219,535
400,220,649
400,221,736
400,270,802
400,271,633
400,272,518
400,273,317
400,274,432
400,275,581
400,276,721
400,330,718
400,331,546
400,332,400
400,333,266
400,334,218
400,335,347
400,336,529
400,337,739
400,396,781
400,397,599
400,398,403
400,399,222
400,400,0
400,401,246
400,402,425
400,403,697
400,468,786
400,470,567
400,471,376
400,472,209
400,473,315
400,474,490
400,475,865
400,548,820
400,549,594
400,550,538
400,551,419
400,552,531
400,553,653
400,554,851
400,633,773
400,634,676
400,635,684
400,636,584
400,637,696
400,638,827
401,128,786
401,129,885
401,170,794
401,171,677
401,172,737
401,173,786
401,218,706
401,219,515
401,220,545
401,221,602
401,271,830
401,272,698
401,273,479
401,274,317
401,275,441
401,276,581
401,331,751
401,332,594
401,333,460
401,334,265
401,335,207
401,336,361
401,337,571
401,338,885
401,397,804
401,398,608
401,399,461
401,400,246
401,401,0
401,402,196
401,403,530
401,404,738
401,405,894
401,470,749
401,471,558
401,472,352
401,473,282
401,474,267
401,475,642
401,476,738
401,477,827
401,549,776
401,550,719
401,551,466
401,552,334
401,553,430
401,554,628
401,555,896
401,634,827
401,635,671
401,636,543
401,637,504
401,638,604
401,639,783
402,128,898
402,171,665
402,172,662
402,173,711
402,218,822
402,219,627
402,220,487
402,221,527
402,222,863
402,272,834
402,273,591
402,274,429
402,275,369
402,276,471
402,277,824
402,278,816
402,332,746
402,333,612
402,334,381
402,335,243
402,336,210
402,337,420
402,338,733
402,339,803
402,398,760
402,399,617
402,400,424
402,401,195
402,402,0
402,403,378
402,404,587
402,405,742
402,470,894
402,471,703
402,472,492
402,473,388
402,474,207
402,475,748
402,476,844
402,477,782
402,478,874
402,550,865
402,551,574
402,552,440
402,553,535
402,554,734
402,635,776
402,636,648
402,637,610
402,638,710
402,639,888
403,130,831
403,131,855
403,171,851
403,172,680
403,173,625
403,174,799
403,175,888
403,219,867
403,220,676
403,221,495
403,222,703
403,223,675
403,224,719
403,225,873
403,273,831
403,274,641
403,275,511
403,276,300
403,277,524
403,278,516
403,279,610
403,280,837
403,333,858
403,334,628
403,335,445
403,336,282
403,337,127
403,338,433
403,339,503
403,340,737
403,341,864
403,400,697
403,401,549
403,402,378
403,403,0
403,404,286
403,405,442
403,406,602
403,407,739
403,472,870
403,473,766
403,474,585
403,475,802
403,476,672
403,477,482
403,478,574
403,479,761
403,552,818
403,553,852
403,554,738
403,556,642
403,557,833
403,640,835
404,172,828
404,173,750
404,174,816
404,220,848
404,221,648
404,222,719
404,223,692
404,224,736
404,225,889
404,274,853
404,275,713
404,276,480
404,277,541
404,278,532
404,279,626
404,280,830
404,334,840
404,335,657
404,336,494
404,337,266
404,338,450
404,339,519
404,340,666
404,341,793
404,401,761
404,402,590
404,403,290
404,404,0
404,405,335
404,406,436
404,407,668
404,408,888
404,474,797
404,475,515
404,476,386
404,477,196
404,478,336
404,479,542
404,480,744
404,552,758
404,553,566
404,554,452
404,555,687
404,556,404
404,557,614
404,558,753
404,636,890
404,637,802
404,638,643
404,639,658
404,640,597
404,641,864
404,642,774
405,131,869
405,173,823
405,174,757
405,175,846
405,221,800
405,222,660
405,223,633
405,224,676
405,225,830
405,275,865
405,276,632
405,277,482
405,278,473
405,279,567
405,280,612
405,281,794
405,335,809
405,336,646
405,337,418
405,338,269
405,339,301
405,340,448
405,341,575
405,342,707
405,402,742
405,403,442
405,404,335
405,405,0
405,406,212
405,407,450
405,408,670
405,409,842
405,410,862
405,475,626
405,476,496
405,477,262
405,478,217
405,479,371
405,480,573
405,482,842
405,552,869
405,553,676
405,554,562
405,555,729
405,556,325
405,557,443
405,558,582
405,559,737
405,638,753
405,639,718
405,640,518
405,641,700
405,642,603
405,643,759
406,133,896
406,174,849
406,222,753
406,223,725
406,224,651
406,225,625
406,226,757
406,276,792
406,277,574
406,278,566
406,279,437
406,280,406
406,281,587
406,282,899
406,336,806
406,337,578
406,338,362
406,339,382
406,340,241
406,341,368
406,342,500
406,343,786
406,403,602
406,404,435
406,405,212
406,406,0
406,407,243
406,408,463
406,409,635
406,410,655
406,411,773
406,475,726
406,476,596
406,477,363
406,478,177
406,479,306
406,480,416
406,481,780
406,482,635
406,483,747
406,484,878
406,553,776
406,554,662
406,555,829
406,556,426
406,557,398
406,558,481
406,559,615
406,560,895
406,561,843
406,638,854
406,639,818
406,640,619
406,641,654
406,642,558
406,643,713
407,133,876
407,176,864
407,222,871
407,223,788
407,224,630
407,225,563
407,226,678
407,227,887
407,277,693
407,278,620
407,279,416
407,280,327
407,281,508
407,282,821
407,337,715
407,338,480
407,339,362
407,340,221
407,341,256
407,342,421
407,343,708
407,344,877
407,403,739
407,404,668
407,405,450
407,406,243
407,407,0
407,408,241
407,409,519
407,410,543
407,411,695
407,412,884
407,476,829
407,477,595
407,478,409
407,479,324
407,480,225
407,481,536
407,482,497
407,483,620
407,484,766
407,554,895
407,556,658
407,557,500
407,558,431
407,559,439
407,560,652
407,561,599
407,562,679
407,563,813
407,640,845
407,641,747
407,642,636
407,643,671
407,644,747
407,648,795
408,224,789
408,225,609
408,226,724
408,278,839
408,279,600
408,280,372
408,281,554
408,282,772
408,338,700
408,339,581
408,340,440
408,341,167
408,342,376
408,343,658
408,344,827
408,404,888
408,405,669
408,406,463
408,407,265
408,408,0
408,409,278
408,410,445
408,411,613
408,412,802
408,477,815
408,478,629
408,479,386
408,480,204
408,481,359
408,482,257
408,483,379
408,484,602
408,485,846
408,556,878
408,557,561
408,558,475
408,559,452
408,560,475
408,561,422
408,562,501
408,563,572
408,564,765
408,565,867
408,640,895
408,641,797
408,642,685
408,643,683
408,644,680
408,645,818
408,647,842
408,648,618
408,649,766
409,225,729
409,226,750
409,227,871
409,279,720
409,280,493
409,281,580
409,282,595
409,338,872
409,339,754
409,340,613
409,341,339
409,342,343
409,343,482
409,344,641
409,345,847
409,405,842
409,406,635
409,407,523
409,408,278
409,409,0
409,410,219
409,411,425
409,412,614
409,478,801
409,479,664
409,480,482
409,481,637
409,482,314
409,483,286
409,484,442
409,485,686
409,486,873
409,557,840
409,558,753
409,559,730
409,560,753
409,561,700
409,562,703
409,563,480
409,564,605
409,565,707
409,647,749
409,648,602
409,649,674
409,650,802
410,176,890
410,224,885
410,225,682
410,226,689
410,227,782
410,228,819
410,279,696
410,280,469
410,281,519
410,282,507
410,283,707
410,284,767
410,338,892
410,339,774
410,340,597
410,341,356
410,342,319
410,343,393
410,344,421
410,345,628
410,405,862
410,406,655
410,407,543
410,408,445
410,409,219
410,410,0
410,411,206
410,412,395
410,478,821
410,479,799
410,480,648
410,481,804
410,482,481
410,483,220
410,484,275
410,485,519
410,486,654
410,487,824
410,559,896
410,561,867
410,562,731
410,563,507
410,564,438
410,565,540
410,566,890
410,647,777
410,648,629
410,649,701
410,650,635
411,177,847
411,178,847
411,225,724
411,226,670
411,227,654
411,228,656
411,279,770
411,280,543
411,281,561
411,282,442
411,283,545
411,284,605
411,339,891
411,340,701
411,341,461
411,342,424
411,343,314
411,344,259
411,345,466
411,406,773
411,407,695
411,408,613
411,409,425
411,410,206
411,411,0
411,412,233
411,413,787
411,414,891
411,480,810
411,482,649
411,483,426
411,484,480
411,485,445
411,486,492
411,487,662
411,488,832
411,563,713
411,564,616
411,565,718
411,566,728
411,567,886
411,648,835
411,650,813
411,651,826
412,177,891
412,178,832
412,225,873
412,226,714
412,227,639
412,228,642
412,229,823
412,230,832
412,280,691
412,281,710
412,282,486
412,283,474
412,284,505
412,285,858
412,340,890
412,341,650
412,342,613
412,343,392
412,344,210
412,345,312
412,346,868
412,407,884
412,408,802
412,409,614
412,410,395
412,411,233
412,412,0
412,413,610
412,414,715
412,482,838
412,483,615
412,484,432
412,485,213
412,486,259
412,487,485
412,488,656
412,562,789
412,563,599
412,564,383
412,565,485
412,566,552
412,567,710
412,568,856
412,647,835
412,648,688
412,649,700
412,650,580
412,651,650
412,652,724
412,653,799
413,178,852
413,179,866
413,180,824
413,181,893
413,226,857
413,227,755
413,228,637
413,229,779
413,230,671
413,231,851
413,280,870
413,281,888
413,282,630
413,283,505
413,284,487
413,285,448
413,286,613
413,287,701
413,288,870
413,341,840
413,342,803
413,343,571
413,344,388
413,345,312
413,346,320
413,347,306
413,348,496
413,349,764
413,409,804
413,410,585
413,411,423
413,412,246
413,413,0
413,414,186
413,415,581
413,416,584
413,417,745
413,483,805
413,484,603
413,485,384
413,486,431
413,487,187
413,488,357
413,489,541
413,563,771
413,564,555
413,565,657
413,566,413
413,567,499
413,568,557
413,569,683
413,570,876
413,648,860
413,649,872
413,650,752
413,651,531
413,652,598
413,653,588
413,654,727
413,655,813
414,228,823
414,230,816
414,282,816
414,283,691
414,284,673
414,285,618
414,286,628
414,287,716
414,288,864
414,343,757
414,344,574
414,345,498
414,346,490
414,347,346
414,348,511
414,349,652
414,410,771
414,411,609
414,412,433
414,413,186
414,414,0
414,415,470
414,416,473
414,417,633
414,484,790
414,485,571
414,486,617
414,487,289
414,488,284
414,489,429
414,490,837
414,491,819
414,564,741
414,565,843
414,566,518
414,567,512
414,568,485
414,569,611
414,570,803
414,651,717
414,652,654
414,653,644
414,654,655
414,655,741
414,656,875
415,182,835
415,230,768
415,231,753
415,232,739
415,233,878
415,285,667
415,286,546
415,287,507
415,288,568
415,345,893
415,346,739
415,347,539
415,348,398
415,349,357
415,350,665
415,351,893
415,412,828
415,413,581
415,414,470
415,415,0
415,416,178
415,417,364
415,418,660
415,419,873
415,487,625
415,488,551
415,489,297
415,490,619
415,491,601
415,492,808
415,566,853
415,567,778
415,568,548
415,569,542
415,570,664
415,571,730
415,652,810
415,653,800
415,654,638
415,655,672
415,656,806
416,138,896
416,139,888
416,180,795
416,181,767
416,182,688
416,183,799
416,184,874
416,228,800
416,229,811
416,230,620
416,231,606
416,232,592
416,233,729
416,234,782
416,284,793
416,285,520
416,286,398
416,287,360
416,288,418
416,289,764
416,290,861
416,345,896
416,346,604
416,347,392
416,348,251
416,349,207
416,350,487
416,351,715
416,352,803
416,353,894
416,412,831
416,413,584
416,414,473
416,415,178
416,416,0
416,417,186
416,418,481
416,419,695
416,420,853
416,487,628
416,488,554
416,489,301
416,490,513
416,491,495
416,492,630
416,493,821
416,566,857
416,567,782
416,568,551
416,569,545
416,570,559
416,571,625
416,572,751
416,652,813
416,653,803
416,654,641
416,655,675
416,656,809
417,180,884
417,181,795
417,182,715
417,183,826
417,184,878
417,230,658
417,231,633
417,232,618
417,233,732
417,234,785
417,285,697
417,286,512
417,287,385
417,288,428
417,289,679
417,290,684
417,291,881
417,346,780
417,347,569
417,348,428
417,349,224
417,350,333
417,351,538
417,352,626
417,353,718
417,413,745
417,414,633
417,415,364
417,416,186
417,417,0
417,418,305
417,419,518
417,420,677
417,421,752
417,487,788
417,488,660
417,489,407
417,490,403
417,491,381
417,492,454
417,493,644
417,567,888
417,568,657
417,569,447
417,570,448
417,571,494
417,572,574
417,654,644
417,655,587
417,656,699
417,657,876
417,658,816
418,182,888
418,183,900
418,184,847
418,230,896
418,231,806
418,232,791
418,233,702
418,234,654
418,235,833
418,286,751
418,287,624
418,288,451
418,289,503
418,290,509
418,291,705
418,292,872
418,347,864
418,348,723
418,349,462
418,350,287
418,351,363
418,352,451
418,353,542
418,354,772
418,415,660
418,416,481
418,417,305
418,418,0
418,419,343
418,420,501
418,421,576
418,422,845
418,489,712
418,490,553
418,491,352
418,492,168
418,493,469
418,494,759
418,495,739
418,496,772
418,497,890
418,569,598
418,570,506
418,571,369
418,572,386
418,573,753
418,577,899
418,654,794
418,655,721
418,656,708
418,657,688
418,658,627
419,183,833
419,184,780
419,232,818
419,233,635
419,234,587
419,235,766
419,287,835
419,288,662
419,289,437
419,290,442
419,291,639
419,292,797
419,349,673
419,350,498
419,351,296
419,352,384
419,353,468
419,354,698
419,355,899
419,415,870
419,416,692
419,417,516
419,418,340
419,419,0
419,420,315
419,421,391
419,422,659
419,423,807
419,490,764
419,491,633
419,492,487
419,493,251
419,494,566
419,495,553
419,496,586
419,497,704
419,498,854
419,569,808
419,570,735
419,571,568
419,572,398
419,573,728
419,574,733
419,575,773
419,576,783
419,577,714
419,656,892
419,657,699
419,658,639
419,661,863
419,663,787
420,183,851
420,184,776
420,232,884
420,233,700
420,234,571
420,235,721
420,236,828
420,288,792
420,289,561
420,290,393
420,291,582
420,292,687
420,293,892
420,349,834
420,350,659
420,351,447
420,352,311
420,353,358
420,354,587
420,355,789
420,416,853
420,417,677
420,418,501
420,419,316
420,420,0
420,421,238
420,422,507
420,423,655
420,424,853
420,491,794
420,492,648
420,493,266
420,494,292
420,495,362
420,496,395
420,497,552
420,498,701
420,499,899
420,571,827
420,572,712
420,573,454
420,574,459
420,575,500
420,576,591
420,577,522
420,578,796
420,579,895
420,657,811
420,658,612
420,659,721
420,660,706
420,661,589
420,662,824
420,663,596
420,664,771
420,665,833
421,140,872
421,183,775
421,184,700
421,185,770
421,186,888
421,232,843
421,233,660
421,234,494
421,235,552
421,236,659
421,237,857
421,288,751
421,289,575
421,290,405
421,291,413
421,292,518
421,293,723
421,294,895
421,350,734
421,351,489
421,352,353
421,353,188
421,354,385
421,355,595
421,356,795
421,417,752
421,418,577
421,419,391
421,420,238
421,421,0
421,422,287
421,423,435
421,424,634
421,491,869
421,492,723
421,493,441
421,494,467
421,495,263
421,496,230
421,497,332
421,498,482
421,499,680
421,572,788
421,573,629
421,574,634
421,575,674
421,576,475
421,577,386
421,578,581
421,579,675
421,580,798
421,658,787
421,659,895
421,660,881
421,661,764
421,662,819
421,663,480
421,664,655
421,665,717
422,184,883
422,185,850
422,233,843
422,234,678
422,235,711
422,236,734
422,237,894
422,289,758
422,290,591
422,291,580
422,292,538
422,293,681
422,294,732
422,351,737
422,352,601
422,353,402
422,354,369
422,355,431
422,356,616
422,418,845
422,419,660
422,420,507
422,421,287
422,422,0
422,423,256
422,424,454
422,425,757
422,493,710
422,494,736
422,495,470
422,496,253
422,497,186
422,498,334
422,499,532
422,500,754
422,573,898
422,576,595
422,577,299
422,578,433
422,579,527
422,580,650
422,581,875
422,662,858
422,663,501
422,664,575
422,665,629
422,666,786
422,667,849
423,140,840
423,141,889
423,183,891
423,184,731
423,185,644
423,186,734
423,187,838
423,233,781
423,234,611
423,235,529
423,236,528
423,237,679
423,238,860
423,288,873
423,289,697
423,290,543
423,291,398
423,292,350
423,293,467
423,294,509
423,351,717
423,352,581
423,353,381
423,354,181
423,355,217
423,356,409
423,419,798
423,420,645
423,421,425
423,422,246
423,423,0
423,424,266
423,425,609
423,493,847
423,494,873
423,495,608
423,496,391
423,497,200
423,498,226
423,499,439
423,500,637
423,501,809
423,576,733
423,577,419
423,578,400
423,579,434
423,580,557
423,581,782
423,663,621
423,664,624
423,665,579
423,666,693
423,667,756
424,140,807
424,141,842
424,184,754
424,185,610
424,186,687
424,187,703
424,233,898
424,234,709
424,235,618
424,236,494
424,237,544
424,238,725
424,239,855
424,289,823
424,290,694
424,291,496
424,292,414
424,293,420
424,294,339
424,295,753
424,296,813
424,351,868
424,352,731
424,353,532
424,354,322
424,355,221
424,356,213
424,358,873
424,420,853
424,421,634
424,422,454
424,423,266
424,424,0
424,425,413
424,426,776
424,495,817
424,496,600
424,497,395
424,498,199
424,499,303
424,500,440
424,501,664
424,502,826
424,577,577
424,578,415
424,579,372
424,580,485
424,581,637
424,582,783
424,663,797
424,664,638
424,665,516
424,666,631
424,667,683
425,236,826
425,237,876
425,291,863
425,292,746
425,293,751
425,294,671
425,354,719
425,355,553
425,356,544
425,357,808
425,421,889
425,422,741
425,423,648
425,424,421
425,425,0
425,426,596
425,496,855
425,497,635
425,498,434
425,499,209
425,500,191
425,501,484
425,502,645
425,503,845
425,577,814
425,578,610
425,579,427
425,580,333
425,581,457
425,582,602
425,583,801
425,664,823
425,665,680
425,666,514
425,667,532
425,669,750
426,144,766
426,186,899
426,187,744
426,188,624
426,189,648
426,236,843
426,237,756
426,238,763
426,239,473
426,240,709
426,292,807
426,293,632
426,294,440
426,295,371
426,296,499
426,297,717
426,355,746
426,356,570
426,357,251
426,358,490
426,359,715
426,360,822
426,424,730
426,425,598
426,426,0
426,427,651
426,428,792
426,498,733
426,499,507
426,500,509
426,501,409
426,502,571
426,503,770
426,579,678
426,580,492
426,581,414
426,582,528
426,583,726
426,584,889
426,665,888
426,666,656
426,667,567
426,669,675
426,670,845
427,188,792
427,189,711
427,190,853
427,191,888
427,237,889
427,239,603
427,240,575
427,241,702
427,242,743
427,293,765
427,294,573
427,295,575
427,296,383
427,297,494
427,298,620
427,299,776
427,355,879
427,356,703
427,357,500
427,358,337
427,359,252
427,360,381
427,361,621
427,426,860
427,427,0
427,428,316
427,429,468
427,430,648
427,431,875
427,501,677
427,502,839
427,581,778
427,582,799
428,189,812
428,190,733
428,191,746
428,192,853
428,239,725
428,240,563
428,241,561
428,242,602
428,243,803
428,293,887
428,294,695
428,295,696
428,296,505
428,297,416
428,298,479
428,299,635
428,356,825
428,357,644
428,358,458
428,359,243
428,360,219
428,361,401
428,362,825
428,427,209
428,428,0
428,429,245
428,430,425
428,431,654
428,432,806
428,501,821
428,506,769
429,189,847
429,190,751
429,191,764
429,192,863
429,239,877
429,240,643
429,241,579
429,242,612
429,243,813
429,294,847
429,295,848
429,296,657
429,297,433
429,298,489
429,299,505
429,300,829
429,357,796
429,358,610
429,359,394
429,360,226
429,361,185
429,362,601
429,363,693
429,364,829
429,427,427
429,428,245
429,429,0
429,430,198
429,431,439
429,432,591
429,433,787
429,434,893
429,505,759
429,506,553
429,507,750
429,508,741
429,509,899
429,586,816
429,587,773
429,588,881
430,190,862
430,191,757
430,192,799
430,240,754
430,241,690
430,242,548
430,243,749
430,296,828
430,297,544
430,298,523
430,299,375
430,300,699
430,358,781
430,359,555
430,360,341
430,361,223
430,362,403
430,363,563
430,364,699
430,427,608
430,428,425
430,429,198
430,430,0
430,431,306
430,432,458
430,433,658
430,434,763
430,503,888
430,504,789
430,505,626
430,506,420
430,507,616
430,508,607
430,509,768
430,585,795
430,586,683
430,587,639
430,588,748
430,589,865
430,590,796
430,673,891
430,674,799
431,190,896
431,191,783
431,192,825
431,241,770
431,242,574
431,243,775
431,297,729
431,298,549
431,299,401
431,300,482
431,359,776
431,360,563
431,361,401
431,362,458
431,363,346
431,364,482
431,365,737
431,366,865
431,427,837
431,428,654
431,429,439
431,430,306
431,431,0
431,432,236
431,433,440
431,434,546
431,435,800
431,503,748
431,504,548
431,505,385
431,506,174
431,507,354
431,508,385
431,509,546
431,510,815
431,584,820
431,585,554
431,586,442
431,587,395
431,588,485
431,589,602
431,590,573
431,591,747
431,671,785
431,672,748
431,673,651
431,674,558
431,675,676
431,676,686
431,677,783
431,678,715
432,242,726
432,245,791
432,246,821
432,297,881
432,298,701
432,299,553
432,300,320
432,302,764
432,303,821
432,304,821
432,360,715
432,361,553
432,362,572
432,363,184
432,364,320
432,365,575
432,366,703
432,367,868
432,428,806
432,429,591
432,430,458
432,431,235
432,432,0
432,433,278
432,434,383
432,435,638
432,436,864
432,503,749
432,504,549
432,505,386
432,506,206
432,507,236
432,508,192
432,509,384
432,510,652
432,511,842
432,584,821
432,585,554
432,586,443
432,587,396
432,588,427
432,589,443
432,590,399
432,591,584
432,592,764
432,671,786
432,672,749
432,673,651
432,674,525
432,675,628
432,676,583
432,677,609
432,678,540
432,679,773
433,242,854
433,245,605
433,246,635
433,298,829
433,299,680
433,300,155
433,302,578
433,303,635
433,304,635
433,360,864
433,361,703
433,362,771
433,363,216
433,364,155
433,365,389
433,366,517
433,367,682
433,368,863
433,429,740
433,430,610
433,431,396
433,432,232
433,433,0
433,434,197
433,435,446
433,436,678
433,437,842
433,504,763
433,505,600
433,506,420
433,507,458
433,508,376
433,509,204
433,510,461
433,511,650
433,512,881
433,585,769
433,586,657
433,587,610
433,588,642
433,589,650
433,590,549
433,591,460
433,592,579
433,673,866
433,674,740
433,675,842
433,676,805
433,677,759
433,678,690
433,679,648
433,680,829
434,245,513
434,246,543
434,299,833
434,300,307
434,302,486
434,303,543
434,304,543
434,361,855
434,363,368
434,364,307
434,365,297
434,366,425
434,367,590
434,368,771
434,429,893
434,430,763
434,431,549
434,432,385
434,433,182
434,434,0
434,435,293
434,436,583
434,437,711
434,505,753
434,506,572
434,507,610
434,508,528
434,509,227
434,510,307
434,511,497
434,512,728
434,513,817
434,586,810
434,587,763
434,588,794
434,589,712
434,590,572
434,591,456
434,592,425
434,593,758
434,594,798
434,674,892
434,677,782
434,678,714
434,679,626
434,680,689
434,681,803
435,245,396
435,246,426
435,300,562
435,302,369
435,303,426
435,304,426
435,363,623
435,364,562
435,365,353
435,366,171
435,367,373
435,368,639
435,369,778
435,431,803
435,432,639
435,433,437
435,434,293
435,435,0
435,436,329
435,437,522
435,438,736
435,439,899
435,506,827
435,507,865
435,508,765
435,509,428
435,510,246
435,511,430
435,512,632
435,513,680
435,514,883
435,589,766
435,590,627
435,591,502
435,592,427
435,593,692
435,594,732
435,595,891
435,677,837
435,678,768
435,679,631
435,680,694
435,681,736
436,245,431
436,246,461
436,300,756
436,302,404
436,303,461
436,304,461
436,306,768
436,363,816
436,364,756
436,365,388
436,366,225
436,367,178
436,368,401
436,369,562
436,370,751
436,432,833
436,433,631
436,434,554
436,435,329
436,436,0
436,437,247
436,438,462
436,439,624
436,440,885
436,509,718
436,510,405
436,511,488
436,512,354
436,513,406
436,514,609
436,515,787
436,590,809
436,591,586
436,592,488
436,593,385
436,594,424
436,595,613
436,596,792
436,679,692
436,680,633
436,681,487
436,682,631
436,683,741
437,245,595
437,246,625
437,247,750
437,249,751
437,302,568
437,303,625
437,304,625
437,305,750
437,306,582
437,365,552
437,366,388
437,367,202
437,368,215
437,369,376
437,370,566
437,371,846
437,433,824
437,434,711
437,435,522
437,436,247
437,437,0
437,438,255
437,439,417
437,440,678
437,441,843
437,509,847
437,510,529
437,511,613
437,512,220
437,513,180
437,514,383
437,515,580
437,516,746
437,591,710
437,592,612
437,593,496
437,594,358
437,595,446
437,596,566
437,597,767
437,679,816
437,680,716
437,681,553
437,682,512
437,683,607
437,684,779
438,198,742
438,245,803
438,246,833
438,247,596
438,249,572
438,250,746
438,251,811
438,302,776
438,303,833
438,304,833
438,305,596
438,306,428
438,307,722
438,308,897
438,365,761
438,366,597
438,367,411
438,368,287
438,369,223
438,370,337
438,371,616
438,435,736
438,436,462
438,437,255
438,438,0
438,439,193
438,440,484
438,441,649
438,442,822
438,510,724
438,511,808
438,512,348
438,513,168
438,514,245
438,515,394
438,516,551
438,517,754
438,592,807
438,593,559
438,594,379
438,595,402
438,596,499
438,597,622
438,598,820
438,680,738
438,681,574
438,682,501
438,683,573
438,684,676
438,685,808
439,152,881
439,198,659
439,247,524
439,248,818
439,249,489
439,250,663
439,251,729
439,305,524
439,306,356
439,307,606
439,308,814
439,366,756
439,367,569
439,368,381
439,369,301
439,370,221
439,371,501
439,372,835
439,373,839
439,435,896
439,436,622
439,437,415
439,438,186
439,439,0
439,440,314
439,441,479
439,442,653
439,443,894
439,510,885
439,512,508
439,513,326
439,514,204
439,515,245
439,516,382
439,517,584
439,518,771
439,593,718
439,594,538
439,595,476
439,596,353
439,597,452
439,598,651
439,599,770
439,680,880
439,681,706
439,682,575
439,683,647
439,684,530
439,685,639
439,686,790
440,247,849
440,249,815
440,250,815
440,251,880
440,252,728
440,305,849
440,306,682
440,307,390
440,308,663
440,309,663
440,310,728
440,368,806
440,369,717
440,370,469
440,371,246
440,372,557
440,373,561
440,374,795
440,437,774
440,438,597
440,439,425
440,440,0
440,441,236
440,442,406
440,443,675
440,512,868
440,513,686
440,514,507
440,515,475
440,516,217
440,517,389
440,518,575
440,519,785
440,594,898
440,595,709
440,596,500
440,597,426
440,598,483
440,599,596
440,600,830
440,682,853
440,683,775
440,684,537
440,685,613
440,686,622
440,687,864
441,249,794
441,250,613
441,251,679
441,252,527
441,306,832
441,307,410
441,308,462
441,309,462
441,310,527
441,311,844
441,369,866
441,370,609
441,371,237
441,372,355
441,373,360
441,374,570
441,375,752
441,376,888
441,438,787
441,439,615
441,440,236
441,441,0
441,442,174
441,443,442
441,444,670
441,446,885
441,513,876
441,514,698
441,515,666
441,516,263
441,517,201
441,518,387
441,519,553
441,520,874
441,595,843
441,596,635
441,597,461
441,598,340
441,599,407
441,600,655
441,601,707
441,684,639
441,685,715
441,686,480
441,687,689
441,688,879
441,689,861
442,249,820
442,250,639
442,251,705
442,252,553
442,307,549
442,308,488
442,309,488
442,310,553
442,311,752
442,370,748
442,371,376
442,372,381
442,373,386
442,374,475
442,375,660
442,376,796
442,439,773
442,440,406
442,441,174
442,442,0
442,443,346
442,444,574
442,445,897
442,446,793
442,514,855
442,515,756
442,516,350
442,517,207
442,518,300
442,519,457
442,520,778
442,521,848
442,596,719
442,597,518
442,598,398
442,599,361
442,600,582
442,601,611
442,602,895
442,684,697
442,685,773
442,686,510
442,687,646
442,688,783
442,689,765
443,249,894
443,250,714
443,251,779
443,252,304
443,307,774
443,308,562
443,309,329
443,310,304
443,311,471
443,371,601
443,372,456
443,373,262
443,374,194
443,375,379
443,376,515
443,440,675
443,441,442
443,442,346
443,443,0
443,444,293
443,445,616
443,446,512
443,447,631
443,448,815
443,516,526
443,517,363
443,518,388
443,519,242
443,520,698
443,521,634
443,522,711
443,523,718
443,524,829
443,596,875
443,597,674
443,598,554
443,599,513
443,600,523
443,601,531
443,602,816
443,603,771
443,604,726
443,684,853
443,686,666
443,687,755
443,688,703
443,689,685
443,692,899
444,252,404
444,308,778
444,309,463
444,310,404
444,311,525
444,371,817
444,372,671
444,373,415
444,374,218
444,375,433
444,376,569
444,441,670
444,442,574
444,443,293
444,444,0
444,445,670
444,446,566
444,447,685
444,448,869
444,516,754
444,517,591
444,518,615
444,519,466
444,521,857
444,522,764
444,523,772
444,524,883
444,598,781
444,599,741
444,600,747
444,601,754
444,686,893
445,252,568
445,309,661
445,310,568
445,311,302
445,312,890
445,373,630
445,374,452
445,375,288
445,376,287
445,377,890
445,378,827
445,442,897
445,443,616
445,444,670
445,445,0
445,446,222
445,447,384
445,448,568
445,449,746
445,519,789
445,521,529
445,522,295
445,523,444
445,524,582
445,525,723
445,603,663
445,604,618
445,605,632
445,606,645
445,607,804
445,691,885
445,692,791
445,694,667
446,252,464
446,309,557
446,310,464
446,311,188
446,312,690
446,313,857
446,314,719
446,372,836
446,373,526
446,374,348
446,375,184
446,376,122
446,377,690
446,378,628
446,441,885
446,442,793
446,443,512
446,444,566
446,445,222
446,446,0
446,447,184
446,448,368
446,449,546
446,450,849
446,517,810
446,518,835
446,519,685
446,521,544
446,522,309
446,523,271
446,524,383
446,525,524
446,526,844
446,603,678
446,604,633
446,605,587
446,606,476
446,607,605
446,608,702
446,691,900
446,692,806
446,694,622
446,695,824
446,696,804
446,697,884
447,252,583
447,255,893
447,256,808
447,309,676
447,310,583
447,311,233
447,312,537
447,313,703
447,314,566
447,373,645
447,374,467
447,375,303
447,376,168
447,377,537
447,378,474
447,443,631
447,444,685
447,445,384
447,446,184
447,447,0
447,448,214
447,449,393
447,450,696
447,451,754
447,519,804
447,521,542
447,522,307
447,523,215
447,524,240
447,525,370
447,526,690
447,527,756
447,603,676
447,604,631
447,605,531
447,606,420
447,607,462
447,608,560
447,609,758
447,691,898
447,692,804
447,694,566
447,695,681
447,696,661
447,697,741
447,698,897
448,203,797
448,204,794
448,252,767
448,255,709
448,256,624
448,309,860
448,310,767
448,311,417
448,312,353
448,313,519
448,314,381
448,315,872
448,373,829
448,374,651
448,375,487
448,376,352
448,377,353
448,378,290
448,443,815
448,444,869
448,445,568
448,446,368
448,447,214
448,448,0
448,449,208
448,450,512
448,451,570
448,521,714
448,522,480
448,523,335
448,524,186
448,525,186
448,526,506
448,527,571
448,528,841
448,603,848
448,604,803
448,605,533
448,606,421
448,607,335
448,608,419
448,609,591
448,610,884
448,611,900
448,692,868
448,694,567
448,695,554
448,696,534
448,697,614
448,698,757
449,156,851
449,157,848
449,158,835
449,202,809
449,203,690
449,204,686
449,205,816
449,254,809
449,255,601
449,256,516
449,257,827
449,311,595
449,312,300
449,313,411
449,314,274
449,315,765
449,374,829
449,375,665
449,376,530
449,377,300
449,378,197
449,379,826
449,380,826
449,445,746
449,446,546
449,447,393
449,448,208
449,449,0
449,450,319
449,451,377
449,521,892
449,522,658
449,523,513
449,524,327
449,525,243
449,526,314
449,527,379
449,528,648
449,529,827
449,605,674
449,606,562
449,607,392
449,608,396
449,609,521
449,610,691
449,611,707
449,694,708
449,695,611
449,696,591
449,697,582
449,698,709
449,700,810
450,156,843
450,157,841
450,158,827
450,202,801
450,203,682
450,204,679
450,205,808
450,206,899
450,254,801
450,255,594
450,256,508
450,257,819
450,311,771
450,312,475
450,313,417
450,314,274
450,315,757
450,375,841
450,376,706
450,377,475
450,378,317
450,379,819
450,380,819
450,446,722
450,447,568
450,448,384
450,449,192
450,450,0
450,451,196
450,452,807
450,522,834
450,523,688
450,524,503
450,525,418
450,526,145
450,527,198
450,528,467
450,529,647
450,530,782
450,531,882
450,605,849
450,606,738
450,607,568
450,608,418
450,609,371
450,610,510
450,611,526
450,612,732
450,613,837
450,614,837
450,694,884
450,695,777
450,696,625
450,697,470
450,698,559
450,699,736
450,700,629
450,702,813
451,203,854
451,204,851
451,255,766
451,256,680
451,312,648
451,313,589
451,314,446
451,376,878
451,377,648
451,378,489
451,446,894
451,447,740
451,448,556
451,449,364
451,450,172
451,451,0
451,452,646
451,454,795
451,455,795
451,523,860
451,524,675
451,525,590
451,526,317
451,527,67
451,528,306
451,529,485
451,530,621
451,531,721
451,607,740
451,608,590
451,609,543
451,610,453
451,611,365
451,612,571
451,613,676
451,614,676
451,696,797
451,697,642
451,698,695
451,699,679
451,700,572
451,701,759
451,702,652
452,381,742
452,382,710
452,450,783
452,451,646
452,452,0
452,454,554
452,455,554
452,527,652
452,528,394
452,529,160
452,530,380
452,531,480
452,610,557
452,611,368
452,612,357
452,613,435
452,614,435
452,698,799
452,699,782
452,700,676
452,701,545
452,702,438
453,260,169
453,261,173
453,317,897
453,318,169
453,319,173
453,320,173
453,381,897
453,383,0
453,384,0
453,453,0
454,316,803
454,317,768
454,381,605
454,382,573
454,451,795
454,452,554
454,454,0
454,455,0
454,527,801
454,528,543
454,529,393
454,530,173
454,531,74
454,610,692
454,611,504
454,612,363
454,613,243
454,614,243
454,700,791
454,701,546
454,702,439
455,316,803
455,317,768
455,381,605
455,382,573
455,451,795
455,452,554
455,454,0
455,455,0
455,527,801
455,528,543
455,529,393
455,530,173
455,531,74
455,610,692
455,611,504
455,612,363
455,613,243
455,614,243
455,700,791
455,701,546
455,702,439
456,385,574
456,386,574
456,456,0
456,457,574
456,458,574
456,532,113
456,533,39
456,534,339
456,535,574
456,536,769
456,615,113
456,617,499
456,618,478
456,620,803
456,709,828
457,385,0
457,386,0
457,456,574
457,457,0
457,458,0
457,459,790
457,460,891
457,532,608
457,533,534
457,534,234
457,535,0
457,536,528
457,537,712
457,615,608
457,617,393
457,618,237
457,619,869
457,620,562
457,621,769
457,708,809
457,709,587
457,710,853
458,385,0
458,386,0
458,456,574
458,457,0
458,458,0
458,459,790
458,460,891
458,532,608
458,533,534
458,534,234
458,535,0
458,536,528
458,537,712
458,615,608
458,617,393
458,618,237
458,619,869
458,620,562
458,621,769
458,708,809
458,709,587
458,710,853
459,262,852
459,263,852
459,264,755
459,265,825
459,321,322
459,322,322
459,323,852
459,324,601
459,325,766
459,385,790
459,386,790
459,387,322
459,388,305
459,389,485
459,390,579
459,391,713
459,457,790
459,458,790
459,459,0
459,460,197
459,461,403
459,462,638
459,463,872
459,534,692
459,535,790
459,536,263
459,537,214
459,538,374
459,539,569
459,540,810
459,617,851
459,618,597
459,619,777
459,620,356
459,621,412
459,622,793
459,623,824
459,708,716
459,709,494
459,710,621
459,711,748
459,712,859
460,211,865
460,212,854
460,262,655
460,263,655
460,264,558
460,265,628
460,266,751
460,321,195
460,322,195
460,323,655
460,324,404
460,325,569
460,326,773
460,385,891
460,386,891
460,387,195
460,388,178
460,389,288
460,390,382
460,391,516
460,392,759
460,457,891
460,458,891
460,459,197
460,460,0
460,461,209
460,462,444
460,463,678
460,534,793
460,535,891
460,536,364
460,537,203
460,538,232
460,539,428
460,540,669
460,541,821
460,618,698
460,619,839
460,620,418
460,621,332
460,622,651
460,623,683
460,624,842
460,708,779
460,709,557
460,710,552
460,711,679
460,712,718
461,164,833
461,165,857
461,211,749
461,212,694
461,213,786
461,262,575
461,263,575
461,264,477
461,265,518
461,266,585
461,267,757
461,268,880
461,321,396
461,322,396
461,323,575
461,324,323
461,325,378
461,326,575
461,327,727
461,387,396
461,388,376
461,389,255
461,390,220
461,391,318
461,392,551
461,393,788
461,459,403
461,460,209
461,461,0
461,462,235
461,463,469
461,464,727
461,534,893
461,536,493
461,537,314
461,538,219
461,539,233
461,540,474
461,541,613
461,542,790
461,618,798
461,620,518
461,621,368
461,622,456
461,623,488
461,624,633
461,625,769
461,626,878
461,708,878
461,709,656
461,710,646
461,711,669
461,712,523
461,713,710
462,165,877
462,211,835
462,212,751
462,213,746
462,214,878
462,262,725
462,263,725
462,264,627
462,265,603
462,266,545
462,267,698
462,268,729
462,269,891
462,321,631
462,322,631
462,323,725
462,324,486
462,325,435
462,326,516
462,327,555
462,328,763
462,387,631
462,388,611
462,389,474
462,390,306
462,391,259
462,392,375
462,393,613
462,394,844
462,459,638
462,460,444
462,461,235
462,462,0
462,463,294
462,464,552
462,465,752
462,536,728
462,537,549
462,538,440
462,539,234
462,540,360
462,541,437
462,542,615
462,543,769
462,620,753
462,621,603
462,622,458
462,623,489
462,624,458
462,625,594
462,626,702
462,709,891
462,710,720
462,711,671
462,712,524
462,713,534
462,714,791
462,715,792
463,165,896
463,212,770
463,213,765
463,214,814
463,262,807
463,263,807
463,264,710
463,265,681
463,266,564
463,267,672
463,268,666
463,269,801
463,321,794
463,322,794
463,323,807
463,324,581
463,325,455
463,326,516
463,327,491
463,328,635
463,387,794
463,388,774
463,389,637
463,390,429
463,391,279
463,392,343
463,393,437
463,394,640
463,459,801
463,460,606
463,461,398
463,462,222
463,463,0
463,464,314
463,465,514
463,466,817
463,536,891
463,537,712
463,538,531
463,539,290
463,540,309
463,541,294
463,542,377
463,543,531
463,544,802
463,620,884
463,621,718
463,622,513
463,623,441
463,624,349
463,625,433
463,626,492
463,627,758
463,710,776
463,711,726
463,712,580
463,713,479
463,714,735
463,715,650
463,716,890
464,166,871
464,212,862
464,213,729
464,214,689
464,215,755
464,216,844
464,264,879
464,265,849
464,266,648
464,267,546
464,268,540
464,269,595
464,270,851
464,324,826
464,325,623
464,326,435
464,327,366
464,328,407
464,329,648
464,390,729
464,391,579
464,392,499
464,393,220
464,394,386
464,395,723
464,461,698
464,462,523
464,463,330
464,464,0
464,465,416
464,466,572
464,467,802
464,538,829
464,539,587
464,540,609
464,541,411
464,542,280
464,543,434
464,544,704
464,622,810
464,623,739
464,624,540
464,625,501
464,626,394
464,627,661
464,628,862
464,712,877
464,713,762
464,715,718
465,214,746
465,215,730
465,216,765
465,217,865
465,267,738
465,268,624
465,269,570
465,270,722
465,271,871
465,326,713
465,327,644
465,328,391
465,329,468
465,330,823
465,391,869
465,392,777
465,393,396
465,394,213
465,395,543
465,396,721
465,462,813
465,463,614
465,464,446
465,465,0
465,466,392
465,467,622
465,468,830
465,539,878
465,540,862
465,541,485
465,542,326
465,543,222
465,544,521
465,545,748
465,623,827
465,624,615
465,625,413
465,626,248
465,627,477
465,628,679
465,713,797
465,715,744
465,717,879
465,718,888
466,166,887
466,168,840
466,169,855
466,213,874
466,214,689
466,215,674
466,216,682
466,217,781
466,267,682
466,268,568
466,269,492
466,270,638
466,271,788
466,326,728
466,327,659
466,328,334
466,329,385
466,330,739
466,331,879
466,392,793
466,393,448
466,394,170
466,395,459
466,396,637
466,463,765
466,464,511
466,465,328
466,466,0
466,467,470
466,468,712
466,541,729
466,542,569
466,543,354
466,544,232
466,545,470
466,624,858
466,625,656
466,626,492
466,627,349
466,628,390
466,629,734
466,630,878
466,717,590
466,718,599
466,719,696
467,169,882
467,214,889
467,215,854
467,216,744
467,217,747
467,218,846
467,267,881
467,268,768
467,269,629
467,270,631
467,271,539
467,272,751
467,327,865
467,328,583
467,329,425
467,330,431
467,331,439
467,332,646
467,333,834
467,393,697
467,394,419
467,395,337
467,396,209
467,397,474
467,398,632
467,399,772
467,464,801
467,465,618
467,466,530
467,467,0
467,468,271
467,471,860
467,542,795
467,543,580
467,544,249
467,545,148
467,546,881
467,625,882
467,626,717
467,627,574
467,628,357
467,629,692
467,630,835
467,717,547
467,718,557
467,719,654
468,169,837
468,216,834
468,217,711
468,218,774
468,268,898
468,269,749
468,270,615
468,271,510
468,272,665
468,273,764
468,328,791
468,329,556
468,330,415
468,331,275
468,332,483
468,333,671
468,334,896
468,394,627
468,395,468
468,396,133
468,397,311
468,398,469
468,399,609
468,400,786
468,465,827
468,466,761
468,467,271
468,468,0
468,470,888
468,471,697
468,472,840
468,543,822
468,544,491
468,545,386
468,627,817
468,628,599
468,717,790
468,718,799
468,719,896
469,469,0
469,470,536
469,471,727
469,546,387
469,547,158
469,548,283
469,549,797
469,550,891
469,628,838
469,629,650
469,630,305
469,631,321
469,632,396
469,633,568
469,634,719
469,718,688
469,719,513
469,720,492
470,218,897
470,271,734
470,272,733
470,273,832
470,330,820
470,331,648
470,332,551
470,333,661
470,334,778
470,396,882
470,397,701
470,398,501
470,399,535
470,400,567
470,401,749
470,402,894
470,468,888
470,469,536
470,470,0
470,471,191
470,472,553
470,473,693
470,546,641
470,547,378
470,548,253
470,549,390
470,550,403
470,551,794
470,552,771
470,630,558
470,631,540
470,632,377
470,633,490
470,634,471
470,635,615
470,636,724
470,637,882
470,719,767
470,720,745
471,169,769
471,216,867
471,217,744
471,218,706
471,219,842
471,269,900
471,270,713
471,271,543
471,272,542
471,273,641
471,274,797
471,329,886
471,330,629
471,331,457
471,332,360
471,333,470
471,334,587
471,335,717
471,336,899
471,396,691
471,397,510
471,398,310
471,399,344
471,400,376
471,401,558
471,402,703
471,467,860
471,468,697
471,469,727
471,470,191
471,471,0
471,472,362
471,473,502
471,474,724
471,546,832
471,547,569
471,548,444
471,549,218
471,550,229
471,551,607
471,552,595
471,553,772
471,630,750
471,631,731
471,632,568
471,633,396
471,634,300
471,635,438
471,636,547
471,637,705
472,217,883
472,218,749
472,219,740
472,220,854
472,270,856
472,271,686
472,272,595
472,273,522
472,274,637
472,275,790
472,330,772
472,331,600
472,332,474
472,333,343
472,334,427
472,335,556
472,336,702
472,396,834
472,397,653
472,398,457
472,399,276
472,400,209
472,401,353
472,402,492
472,403,870
472,468,840
472,470,553
472,471,362
472,472,0
472,473,240
472,474,473
472,475,808
472,548,806
472,549,580
472,550,524
472,551,303
472,552,418
472,553,596
472,554,794
472,633,759
472,634,662
472,635,567
472,636,467
472,637,579
472,638,770
473,218,797
473,219,761
473,220,791
473,221,848
473,271,827
473,272,736
473,273,571
473,274,563
473,275,687
473,276,828
473,331,740
473,332,614
473,333,484
473,334,389
473,335,453
473,336,599
473,337,809
473,397,793
473,398,597
473,399,416
473,400,315
473,401,259
473,402,389
473,403,767
473,470,693
473,471,502
473,472,239
473,473,0
473,474,265
473,475,593
473,476,689
473,477,778
473,549,721
473,550,555
473,551,204
473,552,216
473,553,381
473,554,579
473,555,847
473,633,758
473,634,607
473,635,451
473,636,352
473,637,415
473,638,555
473,639,734
474,171,871
474,172,869
474,219,749
474,220,694
474,221,734
474,273,713
474,274,551
474,275,576
474,276,678
474,332,839
474,333,704
474,334,499
474,335,409
474,336,416
474,337,626
474,398,823
474,399,642
474,400,491
474,401,268
474,402,207
474,403,585
474,404,793
474,471,728
474,472,469
474,473,268
474,474,0
474,475,560
474,476,657
474,477,745
474,550,709
474,551,404
474,552,269
474,553,348
474,554,546
474,555,814
474,634,762
474,635,606
474,636,478
474,637,422
474,638,522
474,639,701
474,640,893
475,334,873
475,335,815
475,337,781
475,338,875
475,400,865
475,401,642
475,402,751
475,403,805
475,404,515
475,405,626
475,406,727
475,472,807
475,473,593
475,474,564
475,475,0
475,476,180
475,477,364
475,478,627
475,479,833
475,550,804
475,551,646
475,552,421
475,553,229
475,554,190
475,555,552
475,556,680
475,634,856
475,635,700
475,636,553
475,637,466
475,638,341
475,639,439
475,640,631
475,641,829
476,276,866
476,336,879
476,337,651
476,338,746
476,339,778
476,340,827
476,401,739
476,402,848
476,403,676
476,404,386
476,405,496
476,406,597
476,407,829
476,473,689
476,474,660
476,475,180
476,476,0
476,477,234
476,478,497
476,479,703
476,550,900
476,551,743
476,552,518
476,553,325
476,554,212
476,555,534
476,556,550
476,557,775
476,635,797
476,636,650
476,637,562
476,638,406
476,639,421
476,640,613
476,641,811
477,221,844
477,223,875
477,276,676
477,277,724
477,278,716
477,279,789
477,280,758
477,335,853
477,336,690
477,337,462
477,338,512
477,339,544
477,340,593
477,341,720
477,342,852
477,401,827
477,402,786
477,403,486
477,404,196
477,405,262
477,406,363
477,407,595
477,408,815
477,473,778
477,474,749
477,475,364
477,476,234
477,477,0
477,478,263
477,479,470
477,480,671
477,551,831
477,552,607
477,553,414
477,554,300
477,555,494
477,556,317
477,557,542
477,558,680
477,559,835
477,635,886
477,636,739
477,637,650
477,638,491
477,639,506
477,640,418
477,641,686
477,642,670
477,643,857
478,174,856
478,222,759
478,223,732
478,224,776
478,225,791
478,276,764
478,277,581
478,278,572
478,279,603
478,280,572
478,281,753
478,336,778
478,337,550
478,338,368
478,339,401
478,340,407
478,341,534
478,342,666
478,402,874
478,403,574
478,404,336
478,405,217
478,406,177
478,407,409
478,408,629
478,409,801
478,410,821
478,475,627
478,476,497
478,477,263
478,478,0
478,479,284
478,480,485
478,481,854
478,482,801
478,552,870
478,553,677
478,554,563
478,555,730
478,556,327
478,557,356
478,558,494
478,559,649
478,638,754
478,639,719
478,640,519
478,641,612
478,642,516
478,643,671
478,644,860
479,224,794
479,225,769
479,277,841
479,278,784
479,279,581
479,280,549
479,281,730
479,337,845
479,338,629
479,339,526
479,340,385
479,341,512
479,342,644
479,403,870
479,404,650
479,405,479
479,406,306
479,407,324
479,408,386
479,409,664
479,410,799
479,476,811
479,477,578
479,478,392
479,479,0
479,480,201
479,481,571
479,482,642
479,483,765
479,554,877
479,555,820
479,556,641
479,557,245
479,558,231
479,559,366
479,560,686
479,561,634
479,562,735
479,639,799
479,640,599
479,641,501
479,642,405
479,643,548
479,644,673
479,645,880
479,648,852
480,224,851
480,225,786
480,278,840
480,279,637
480,280,550
480,281,731
480,338,701
480,339,582
480,340,441
480,341,364
480,342,572
480,343,855
480,404,761
480,405,590
480,406,416
480,407,223
480,408,204
480,409,482
480,410,648
480,411,810
480,477,688
480,478,502
480,479,201
480,480,0
480,481,411
480,482,460
480,483,583
480,484,806
480,556,752
480,557,377
480,558,291
480,559,267
480,560,527
480,561,474
480,562,554
480,563,730
480,640,711
480,641,612
480,642,501
480,643,499
480,644,575
480,645,781
480,648,670
480,649,891
481,280,732
481,339,900
481,340,759
481,341,526
481,342,735
481,406,782
481,407,538
481,408,359
481,409,637
481,410,804
481,478,872
481,479,571
481,480,411
481,481,0
481,482,616
481,483,738
481,484,856
481,557,620
481,558,470
481,559,447
481,560,204
481,561,215
481,562,370
481,563,546
481,564,829
481,641,806
481,642,694
481,643,640
481,644,409
481,645,547
481,646,772
481,647,783
481,648,486
481,649,707
482,225,781
482,226,896
482,279,772
482,280,545
482,281,726
482,282,808
482,338,872
482,339,753
482,340,612
482,341,339
482,342,468
482,343,695
482,344,864
482,405,842
482,406,635
482,407,522
482,408,257
482,409,314
482,410,481
482,411,649
482,412,838
482,478,801
482,479,642
482,480,460
482,481,616
482,482,0
482,483,415
482,484,638
482,485,882
482,557,818
482,558,732
482,559,708
482,560,731
482,561,679
482,562,758
482,563,608
482,564,801
482,647,878
482,648,731
482,649,802
483,225,845
483,226,866
483,279,836
483,280,609
483,281,696
483,282,711
483,339,865
483,340,724
483,341,451
483,342,459
483,343,598
483,344,641
483,345,848
483,406,747
483,407,634
483,408,379
483,409,286
483,410,220
483,411,426
483,412,615
483,479,765
483,480,583
483,481,738
483,482,415
483,483,0
483,484,223
483,485,467
483,486,734
483,558,854
483,559,831
483,560,854
483,561,801
483,562,518
483,563,294
483,564,386
483,565,488
483,646,831
483,647,564
483,648,416
483,649,488
483,650,583
484,280,735
484,281,794
484,282,781
484,283,866
484,284,862
484,340,855
484,341,582
484,342,585
484,343,668
484,344,641
484,345,669
484,406,878
484,407,766
484,408,602
484,409,442
484,410,275
484,411,480
484,412,432
484,480,806
484,481,856
484,482,638
484,483,223
484,484,0
484,485,244
484,486,511
484,487,843
484,562,548
484,563,357
484,564,163
484,565,265
484,646,862
484,647,594
484,648,446
484,649,458
484,650,360
485,227,852
485,228,806
485,282,699
485,283,647
485,284,643
485,341,826
485,342,825
485,343,605
485,344,422
485,345,450
485,408,846
485,409,686
485,410,519
485,411,445
485,412,213
485,413,748
485,414,853
485,482,882
485,483,467
485,484,244
485,485,0
485,486,292
485,487,624
485,488,794
485,562,602
485,563,411
485,564,196
485,565,298
485,566,690
485,567,848
485,647,648
485,648,501
485,649,512
485,650,393
485,651,788
485,652,862
486,227,815
486,228,697
486,229,837
486,230,847
486,282,690
486,283,565
486,284,547
486,285,872
486,342,863
486,343,631
486,344,448
486,345,372
486,346,883
486,347,869
486,409,864
486,410,645
486,411,483
486,412,259
486,413,563
486,414,668
486,483,734
486,484,511
486,485,292
486,486,0
486,487,438
486,488,608
486,489,877
486,562,869
486,563,678
486,564,463
486,565,565
486,566,504
486,567,662
486,568,809
486,648,767
486,649,779
486,650,660
486,651,602
486,652,677
486,653,752
487,227,854
487,228,736
487,229,878
487,230,858
487,282,729
487,283,604
487,284,586
487,285,634
487,286,783
487,287,871
487,343,670
487,344,487
487,345,411
487,346,507
487,347,493
487,348,665
487,349,807
487,410,684
487,411,522
487,412,345
487,413,187
487,414,289
487,415,625
487,416,628
487,417,788
487,484,702
487,485,483
487,486,530
487,487,0
487,488,229
487,489,498
487,490,819
487,563,870
487,564,654
487,565,756
487,566,288
487,567,374
487,568,430
487,569,556
487,570,748
487,650,851
487,651,526
487,652,473
487,653,463
487,654,600
487,655,686
487,656,820
488,282,899
488,283,774
488,284,756
488,285,769
488,286,779
488,287,867
488,343,840
488,344,657
488,345,581
488,346,641
488,347,497
488,348,661
488,349,733
488,410,854
488,411,692
488,412,515
488,413,357
488,414,284
488,415,551
488,416,554
488,417,660
488,484,873
488,485,654
488,486,700
488,487,229
488,488,0
488,489,269
488,490,589
488,491,720
488,564,824
488,566,374
488,567,228
488,568,200
488,569,326
488,570,519
488,571,735
488,651,569
488,652,369
488,653,359
488,654,370
488,655,456
488,656,590
489,230,891
489,231,877
489,232,862
489,285,791
489,286,669
489,287,630
489,288,691
489,345,849
489,346,699
489,347,554
489,348,522
489,349,480
489,350,740
489,412,784
489,413,541
489,414,429
489,415,297
489,416,301
489,417,407
489,418,712
489,487,498
489,488,269
489,489,0
489,490,523
489,491,593
489,492,861
489,566,643
489,567,496
489,568,266
489,569,260
489,570,452
489,571,668
489,572,844
489,651,785
489,652,527
489,653,517
489,654,356
489,655,389
489,656,524
489,657,877
490,286,886
490,287,766
490,288,813
490,347,879
490,348,738
490,349,604
490,350,649
490,351,786
490,352,874
490,414,837
490,415,619
490,416,513
490,417,403
490,418,553
490,419,767
490,487,818
490,488,589
490,489,564
490,490,0
490,491,349
490,492,702
490,493,893
490,567,816
490,568,584
490,569,263
490,570,264
490,571,478
490,572,656
490,652,810
490,653,736
490,654,460
490,655,403
490,656,536
490,657,883
490,658,836
491,286,837
491,287,710
491,288,682
491,289,796
491,290,801
491,347,861
491,348,720
491,349,549
491,350,518
491,351,655
491,352,743
491,353,835
491,414,819
491,415,601
491,416,495
491,417,381
491,418,352
491,419,597
491,420,794
491,421,869
491,488,719
491,489,593
491,490,349
491,491,0
491,492,397
491,493,761
491,568,714
491,569,393
491,570,269
491,571,246
491,572,388
491,573,755
491,653,866
491,654,590
491,655,484
491,656,511
491,657,690
491,658,630
492,233,849
492,234,802
492,286,899
492,287,772
492,288,600
492,289,651
492,290,656
492,291,853
492,348,872
492,349,611
492,350,435
492,351,510
492,352,598
492,353,690
492,415,808
492,416,630
492,417,454
492,418,168
492,419,490
492,420,649
492,421,724
492,489,861
492,490,702
492,491,397
492,492,0
492,493,617
492,495,886
492,569,746
492,570,551
492,571,414
492,572,431
492,573,798
492,655,766
492,656,753
492,657,733
492,658,672
493,233,761
493,234,714
493,235,892
493,288,788
493,289,563
493,290,568
493,291,765
493,349,799
493,350,624
493,351,422
493,352,510
493,353,573
493,354,803
493,416,818
493,417,642
493,418,467
493,419,249
493,420,266
493,421,441
493,422,710
493,423,858
493,490,890
493,491,759
493,492,613
493,493,0
493,494,495
493,495,565
493,496,599
493,497,755
493,571,792
493,572,645
493,573,658
493,574,662
493,575,703
493,576,795
493,577,726
493,658,816
493,661,792
493,663,800
494,234,829
494,289,819
494,290,651
494,291,840
494,351,705
494,352,568
494,353,615
494,354,833
494,418,759
494,419,566
494,420,292
494,421,467
494,422,735
494,423,883
494,491,884
494,493,495
494,494,0
494,495,591
494,496,624
494,497,781
494,570,812
494,571,645
494,572,557
494,573,162
494,574,198
494,575,239
494,576,820
494,577,751
494,656,772
494,657,519
494,658,320
494,659,460
494,660,445
494,661,328
494,662,563
494,663,825
495,234,757
495,235,815
495,236,873
495,289,777
495,290,609
495,291,676
495,292,732
495,350,896
495,351,663
495,352,527
495,353,451
495,354,568
495,355,778
495,418,739
495,419,553
495,420,362
495,421,263
495,422,470
495,423,618
495,424,817
495,492,885
495,493,565
495,494,591
495,495,0
495,496,324
495,497,515
495,498,665
495,499,863
495,573,753
495,574,757
495,575,798
495,576,374
495,577,416
495,578,690
495,579,858
495,661,861
495,662,717
495,663,464
495,664,664
495,665,727
496,183,898
496,184,824
496,185,818
496,233,784
496,234,618
496,235,652
496,236,707
496,288,875
496,289,699
496,290,531
496,291,521
496,292,566
496,293,771
496,294,877
496,351,676
496,352,540
496,353,342
496,354,401
496,355,577
496,356,761
496,418,764
496,419,578
496,420,406
496,421,215
496,422,253
496,423,401
496,424,600
496,425,871
496,493,609
496,494,635
496,495,335
496,496,0
496,497,260
496,498,448
496,499,646
496,500,868
496,573,797
496,574,802
496,575,843
496,576,441
496,577,227
496,578,480
496,579,641
496,580,764
496,661,831
496,662,687
496,663,330
496,664,503
496,665,565
496,666,862
497,185,844
497,233,888
497,234,723
497,235,729
497,236,728
497,237,879
497,289,804
497,290,636
497,291,598
497,292,550
497,293,667
497,294,684
497,351,782
497,352,646
497,353,447
497,354,381
497,355,417
497,356,558
497,418,891
497,419,705
497,420,552
497,421,333
497,422,186
497,423,200
497,424,395
497,425,651
497,493,755
497,494,781
497,495,516
497,496,260
497,497,0
497,498,228
497,499,426
497,500,648
497,501,796
497,576,574
497,577,226
497,578,271
497,579,421
497,580,544
497,581,769
497,662,798
497,663,441
497,664,494
497,665,466
497,666,680
497,667,743
498,185,787
498,186,864
498,187,880
498,234,810
498,235,755
498,236,671
498,237,721
498,289,894
498,290,740
498,291,624
498,292,573
498,293,596
498,294,516
498,352,778
498,353,579
498,354,407
498,355,398
498,356,389
498,419,855
498,420,702
498,421,482
498,422,334
498,423,226
498,424,199
498,425,450
498,426,707
498,495,665
498,496,448
498,497,228
498,498,0
498,499,225
498,500,447
498,501,595
498,502,757
498,576,760
498,577,408
498,578,239
498,579,220
498,580,343
498,581,568
498,582,714
498,663,627
498,664,460
498,665,365
498,666,479
498,667,542
498,669,861
499,185,770
499,186,846
499,187,863
499,235,778
499,236,654
499,237,704
499,238,884
499,291,690
499,292,574
499,293,579
499,294,498
499,295,837
499,353,756
499,354,546
499,355,381
499,356,372
499,357,717
499,420,900
499,421,680
499,422,532
499,423,439
499,424,249
499,425,225
499,426,505
499,495,863
499,496,646
499,497,426
499,498,225
499,499,0
499,500,223
499,501,393
499,502,555
499,503,754
499,577,605
499,578,401
499,579,218
499,580,214
499,581,366
499,582,512
499,583,710
499,584,873
499,663,791
499,664,614
499,665,471
499,666,373
499,667,413
499,669,659
499,670,829
500,236,853
500,291,890
500,292,774
500,293,779
500,294,698
500,295,810
500,354,746
500,355,580
500,356,572
500,357,690
500,422,763
500,423,670
500,424,449
500,425,191
500,426,478
500,496,877
500,497,656
500,498,456
500,499,230
500,500,0
500,501,366
500,502,527
500,503,727
500,577,836
500,578,632
500,579,428
500,580,243
500,581,339
500,582,484
500,583,683
500,584,845
500,664,832
500,665,640
500,666,425
500,667,442
500,668,893
500,669,632
500,670,801
501,188,880
501,239,729
501,293,888
501,294,697
501,295,627
501,296,756
501,355,749
501,356,741
501,357,507
501,358,746
501,423,834
501,424,618
501,425,486
501,426,298
501,497,821
501,498,620
501,499,395
501,500,396
501,501,0
501,502,162
501,503,361
501,504,698
501,505,719
501,578,796
501,579,565
501,580,379
501,581,216
501,582,160
501,583,321
501,584,481
501,585,757
501,665,776
501,666,544
501,667,454
501,668,640
501,669,354
501,670,489
501,671,702
502,239,891
502,294,858
502,295,789
502,357,669
502,424,779
502,425,647
502,426,460
502,498,782
502,499,556
502,500,558
502,501,162
502,502,0
502,503,200
502,504,537
502,505,558
502,506,756
502,579,727
502,580,540
502,581,377
502,582,198
502,583,186
502,584,320
502,585,596
502,586,768
502,666,705
502,667,616
502,668,693
502,669,326
502,670,393
502,671,543
502,672,782
503,357,868
503,362,884
503,425,847
503,426,659
503,430,858
503,431,738
503,432,740
503,499,756
503,500,757
503,501,361
503,502,200
503,503,0
503,504,343
503,505,365
503,506,563
503,507,761
503,580,740
503,581,577
503,582,366
503,583,200
503,584,202
503,585,434
503,586,575
503,587,745
503,588,872
503,667,815
503,668,756
503,669,388
503,670,339
503,671,425
503,672,664
503,673,824
503,674,882
504,299,847
504,300,851
504,361,861
504,362,700
504,363,715
504,364,851
504,429,872
504,430,673
504,431,547
504,432,549
504,433,809
504,501,688
504,502,527
504,503,342
504,504,0
504,505,163
504,506,372
504,507,570
504,508,728
504,582,693
504,583,526
504,584,441
504,585,232
504,586,373
504,587,543
504,588,681
504,589,798
504,669,676
504,670,532
504,671,419
504,672,470
504,673,622
504,674,680
504,675,803
504,676,882
505,298,892
505,299,743
505,300,734
505,361,757
505,362,596
505,363,598
505,364,734
505,429,768
505,430,569
505,431,430
505,432,433
505,433,693
505,434,798
505,501,714
505,502,553
505,503,369
505,504,163
505,505,0
505,506,256
505,507,453
505,508,611
505,509,798
505,582,719
505,583,545
505,584,435
505,585,169
505,586,209
505,587,380
505,588,565
505,589,682
505,590,821
505,669,670
505,670,526
505,671,400
505,672,415
505,673,459
505,674,517
505,675,640
505,676,766
505,677,891
506,242,718
506,297,886
506,298,693
506,299,544
506,300,507
506,360,712
506,361,558
506,362,397
506,363,371
506,364,507
506,365,762
506,366,890
506,428,796
506,429,569
506,430,370
506,431,174
506,432,206
506,433,466
506,434,571
506,435,826
506,502,758
506,503,574
506,504,373
506,505,210
506,506,0
506,507,234
506,508,392
506,509,571
506,510,840
506,583,756
506,584,646
506,585,379
506,586,268
506,587,220
506,588,345
506,589,462
506,590,599
506,591,772
506,669,880
506,670,737
506,671,611
506,672,574
506,673,476
506,674,383
506,675,501
506,676,546
506,677,672
506,678,740
507,298,889
507,299,741
507,300,545
507,361,749
507,362,593
507,363,409
507,364,545
507,365,800
507,429,765
507,430,567
507,431,354
507,432,236
507,433,504
507,434,609
507,435,864
507,503,770
507,504,569
507,505,407
507,506,238
507,507,0
507,508,213
507,509,550
507,510,878
507,584,842
507,585,575
507,586,464
507,587,242
507,588,218
507,589,274
507,590,407
507,591,627
507,592,807
507,671,721
507,672,679
507,673,581
507,674,324
507,675,426
507,676,367
507,677,484
507,678,549
507,679,815
508,242,873
508,298,848
508,299,700
508,300,465
508,360,862
508,361,701
508,362,751
508,363,329
508,364,465
508,365,720
508,366,847
508,429,738
508,430,605
508,431,382
508,432,192
508,433,423
508,434,528
508,435,779
508,504,727
508,505,565
508,506,396
508,507,213
508,508,0
508,509,396
508,510,784
508,511,875
508,585,733
508,586,622
508,587,441
508,588,388
508,589,332
508,590,253
508,591,473
508,592,652
508,672,878
508,673,780
508,674,519
508,675,606
508,676,537
508,677,463
508,678,394
508,679,661
508,680,841
509,245,703
509,246,733
509,299,843
509,300,359
509,302,676
509,303,733
509,304,733
509,361,866
509,363,420
509,364,359
509,365,487
509,366,560
509,367,762
509,430,773
509,431,550
509,432,386
509,433,204
509,434,227
509,435,428
509,436,718
509,437,847
509,505,754
509,506,574
509,507,612
509,508,483
509,509,0
509,510,442
509,511,632
509,512,863
509,586,811
509,587,764
509,588,670
509,589,485
509,590,345
509,591,256
509,592,436
509,593,893
509,674,856
509,675,800
509,676,697
509,677,555
509,678,486
509,679,445
509,680,625
509,681,783
510,245,603
510,246,634
510,300,576
510,302,577
510,303,634
510,304,634
510,363,637
510,364,576
510,365,561
510,366,378
510,367,523
510,368,702
510,369,864
510,431,818
510,432,654
510,433,451
510,434,307
510,435,246
510,436,405
510,437,529
510,438,724
510,439,887
510,506,842
510,507,880
510,508,766
510,509,442
510,510,0
510,511,314
510,512,546
510,513,635
510,514,838
510,589,767
510,590,627
510,591,404
510,592,306
510,593,576
510,594,616
510,595,804
510,677,837
510,678,756
510,679,510
510,680,573
510,681,621
510,682,823
511,302,883
511,365,867
511,366,685
511,367,766
511,433,788
511,434,644
511,435,588
511,436,648
511,437,773
511,508,853
511,509,656
511,510,471
511,511,0
511,512,789
511,513,829
511,589,854
511,590,715
511,591,491
511,592,316
511,593,638
511,594,694
511,595,840
511,678,781
511,679,535
511,680,501
511,681,500
511,682,723
511,683,829
512,245,706
512,246,736
512,249,897
512,302,679
512,303,736
512,304,736
512,306,761
512,365,664
512,366,500
512,367,352
512,368,386
512,369,556
512,370,661
512,433,872
512,434,728
512,435,632
512,436,354
512,437,220
512,438,348
512,439,511
512,440,760
512,509,863
512,510,546
512,511,629
512,512,0
512,513,258
512,514,461
512,515,661
512,516,828
512,591,726
512,592,629
512,593,463
512,594,283
512,595,404
512,596,597
512,597,780
512,679,832
512,680,641
512,681,478
512,682,437
512,683,532
512,684,758
513,198,877
513,245,753
513,246,783
513,247,741
513,249,707
513,250,881
513,302,726
513,303,783
513,304,783
513,305,741
513,306,574
513,307,857
513,365,710
513,366,547
513,367,360
513,368,331
513,369,381
513,370,472
513,371,751
513,434,817
513,435,680
513,436,406
513,437,180
513,438,168
513,439,321
513,440,555
513,441,720
513,442,894
513,510,635
513,511,718
513,512,258
513,513,0
513,514,218
513,515,424
513,516,623
513,517,825
513,591,815
513,592,718
513,593,391
513,594,212
513,595,282
513,596,402
513,597,602
513,598,850
513,679,789
513,680,570
513,681,406
513,682,365
513,683,453
513,684,614
513,685,759
514,198,850
514,247,715
514,249,681
514,250,854
514,305,715
514,306,547
514,307,752
514,366,747
514,367,560
514,368,488
514,369,408
514,370,400
514,371,614
514,435,880
514,436,605
514,437,380
514,438,244
514,439,204
514,440,392
514,441,557
514,442,731
514,510,834
514,512,458
514,513,215
514,514,0
514,515,206
514,516,460
514,517,662
514,518,849
514,593,606
514,594,426
514,595,347
514,596,282
514,597,412
514,598,660
514,599,825
514,680,751
514,681,577
514,682,446
514,683,517
514,684,459
514,685,598
514,686,845
515,198,800
515,247,664
515,249,630
515,250,804
515,251,869
515,305,664
515,306,497
515,307,638
515,367,717
515,368,614
515,369,531
515,370,286
515,371,500
515,372,799
515,373,803
515,436,768
515,437,561
515,438,395
515,439,238
515,440,278
515,441,443
515,442,617
515,443,858
515,512,655
515,513,421
515,514,206
515,515,0
515,516,346
515,517,548
515,518,735
515,593,812
515,594,632
515,595,444
515,596,233
515,597,364
515,598,611
515,599,734
515,681,766
515,682,635
515,683,570
515,684,410
515,685,549
515,686,754
516,250,865
516,252,761
516,307,607
516,308,714
516,309,696
516,310,761
516,370,729
516,371,436
516,372,607
516,373,594
516,374,654
516,375,840
516,438,853
516,439,684
516,440,329
516,441,262
516,442,350
516,443,526
516,444,753
516,513,837
516,514,647
516,515,473
516,516,0
516,517,202
516,518,388
516,519,618
516,594,838
516,595,644
516,596,435
516,597,361
516,598,269
516,599,388
516,600,616
516,601,755
516,682,788
516,683,709
516,684,471
516,685,548
516,686,408
516,687,650
517,250,756
517,251,822
517,252,599
517,307,607
517,308,605
517,309,534
517,310,599
517,311,769
517,370,786
517,371,434
517,372,498
517,373,432
517,374,492
517,375,677
517,376,813
517,439,773
517,440,389
517,441,201
517,442,207
517,443,363
517,444,591
517,446,810
517,514,735
517,515,561
517,516,203
517,517,0
517,518,199
517,519,428
517,520,733
517,521,820
517,595,732
517,596,523
517,597,323
517,598,202
517,599,219
517,600,468
517,601,566
517,602,850
517,682,871
517,683,770
517,684,501
517,685,578
517,686,342
517,687,501
517,688,738
517,689,720
518,250,791
518,251,856
518,252,623
518,307,772
518,308,639
518,309,558
518,310,623
518,311,794
518,371,599
518,372,533
518,373,456
518,374,516
518,375,702
518,376,838
518,440,575
518,441,387
518,442,300
518,443,388
518,444,615
518,446,835
518,515,735
518,516,389
518,517,199
518,518,0
518,519,328
518,520,633
518,521,720
518,596,698
518,597,497
518,598,377
518,599,231
518,600,437
518,601,466
518,602,750
518,603,857
518,604,812
518,684,676
518,685,752
518,686,441
518,687,577
518,688,638
518,689,620
518,691,865
519,250,824
519,251,890
519,252,477
519,307,885
519,308,673
519,309,502
519,310,477
519,311,644
519,371,712
519,372,566
519,373,455
519,374,366
519,375,552
519,376,688
519,440,785
519,441,553
519,442,457
519,443,242
519,444,466
519,445,789
519,446,685
519,447,804
519,516,618
519,517,428
519,518,328
519,519,0
519,520,456
519,521,391
519,522,663
519,523,828
519,597,727
519,598,606
519,599,461
519,600,281
519,601,289
519,602,573
519,603,529
519,604,484
519,605,729
519,686,542
519,687,512
519,688,461
519,689,443
519,690,838
519,691,688
519,692,657
520,309,896
520,372,887
520,373,794
520,374,822
520,441,874
520,442,778
520,443,698
520,517,733
520,518,633
520,519,456
520,520,0
520,521,527
520,522,689
520,523,826
520,598,869
520,599,696
520,600,349
520,601,167
520,602,507
520,603,351
520,604,455
520,605,727
520,686,682
520,687,603
520,688,394
520,689,377
520,690,425
520,691,275
520,692,343
520,693,709
520,694,856
521,252,868
521,309,894
521,310,868
521,311,631
521,373,846
521,374,758
521,375,617
521,376,616
521,442,848
521,443,634
521,444,857
521,445,529
521,446,544
521,447,542
521,448,714
521,449,892
521,517,820
521,518,720
521,519,391
521,520,527
521,521,0
521,522,272
521,523,459
521,524,671
521,525,869
521,599,852
521,600,672
521,601,651
521,603,244
521,604,199
521,605,399
521,606,639
521,688,852
521,689,834
521,690,615
521,691,466
521,692,372
521,693,738
521,694,571
521,695,866
522,252,663
522,309,756
522,310,663
522,311,397
522,312,802
522,314,831
522,373,725
522,374,546
522,375,383
522,376,382
522,377,802
522,378,740
522,443,711
522,444,764
522,445,295
522,446,309
522,447,307
522,448,480
522,449,658
522,519,663
522,520,689
522,521,272
522,522,0
522,523,225
522,524,437
522,525,635
522,601,813
522,603,406
522,604,361
522,605,384
522,606,405
522,607,677
522,608,781
522,690,778
522,691,628
522,692,534
522,693,738
522,694,426
522,695,851
522,696,854
523,252,670
523,309,763
523,310,670
523,311,371
523,312,657
523,313,823
523,314,686
523,373,732
523,374,554
523,375,390
523,376,306
523,377,657
523,378,594
523,443,718
523,444,772
523,445,444
523,446,271
523,447,215
523,448,335
523,449,513
523,450,816
523,451,874
523,519,828
523,520,826
523,521,459
523,522,225
523,523,0
523,524,212
523,525,474
523,526,810
523,527,876
523,603,543
523,604,498
523,605,316
523,606,205
523,607,452
523,608,605
523,609,804
523,691,765
523,692,630
523,693,693
523,694,351
523,695,674
523,696,654
523,697,787
524,252,782
524,255,828
524,256,742
524,309,875
524,310,782
524,311,432
524,312,471
524,313,638
524,314,500
524,373,844
524,374,665
524,375,502
524,376,367
524,377,471
524,378,409
524,443,829
524,444,883
524,445,582
524,446,383
524,447,240
524,448,186
524,449,327
524,450,630
524,451,689
524,521,671
524,522,437
524,523,212
524,524,0
524,525,262
524,526,625
524,527,690
524,603,755
524,604,710
524,605,346
524,606,235
524,607,240
524,608,393
524,609,592
524,692,682
524,693,724
524,694,381
524,695,473
524,696,453
524,697,574
524,698,730
525,203,863
525,204,860
525,255,775
525,256,689
525,311,573
525,312,451
525,313,585
525,314,447
525,374,806
525,375,643
525,376,508
525,377,451
525,378,367
525,445,723
525,446,524
525,447,370
525,448,186
525,449,243
525,450,546
525,451,604
525,521,869
525,522,635
525,523,474
525,524,262
525,525,0
525,526,532
525,527,606
525,528,875
525,605,608
525,606,486
525,607,192
525,608,247
525,609,421
525,610,736
525,693,815
525,694,643
525,695,412
525,696,391
525,697,448
525,698,586
525,699,869
526,203,819
526,204,816
526,255,731
526,256,645
526,311,891
526,312,596
526,313,554
526,314,411
526,315,894
526,376,826
526,377,596
526,378,454
526,446,842
526,447,688
526,448,504
526,449,312
526,450,275
526,451,333
526,523,809
526,524,623
526,525,536
526,526,0
526,527,335
526,528,604
526,529,784
526,606,858
526,607,611
526,608,360
526,609,313
526,610,467
526,611,663
526,612,869
526,695,720
526,696,567
526,697,413
526,698,501
526,699,681
526,700,766
527,203,856
527,204,852
527,255,767
527,256,682
527,312,649
527,313,591
527,314,447
527,376,879
527,377,649
527,378,491
527,446,896
527,447,742
527,448,558
527,449,365
527,450,174
527,451,67
527,452,652
527,454,801
527,455,801
527,523,862
527,524,677
527,525,592
527,526,318
527,527,0
527,528,313
527,529,492
527,530,628
527,531,728
527,607,741
527,608,592
527,609,545
527,610,460
527,611,371
527,612,577
527,613,683
527,614,683
527,696,798
527,697,644
527,698,701
527,699,685
527,700,578
527,701,766
527,702,659
528,313,860
528,314,717
528,317,894
528,378,760
528,381,731
528,382,699
528,448,827
528,449,635
528,450,443
528,451,306
528,452,394
528,454,543
528,455,543
528,525,861
528,526,588
528,527,313
528,528,0
528,529,234
528,530,370
528,531,469
528,608,777
528,609,651
528,610,307
528,611,157
528,612,319
528,613,425
528,614,425
528,697,676
528,698,549
528,699,532
528,700,426
528,701,507
528,702,401
529,314,896
529,316,779
529,317,744
529,381,582
529,382,549
529,449,814
529,450,622
529,451,485
529,452,160
529,454,393
529,455,393
529,526,767
529,527,492
529,528,234
529,529,0
529,530,220
529,531,320
529,608,866
529,609,741
529,610,396
529,611,208
529,612,196
529,613,275
529,614,275
529,697,765
529,698,638
529,699,622
529,700,515
529,701,385
529,702,278
530,207,861
530,257,789
530,258,861
530,259,825
530,316,629
530,317,594
530,381,432
530,382,399
530,450,758
530,451,621
530,452,380
530,454,173
530,455,173
530,527,628
530,528,370
530,529,220
530,530,0
530,531,100
530,609,863
530,610,519
530,611,330
530,612,190
530,613,126
530,614,126
530,697,888
530,698,760
530,699,739
530,700,618
530,701,373
530,702,266
531,257,889
531,316,729
531,317,694
531,381,532
531,382,499
531,450,858
531,451,721
531,452,480
531,454,74
531,455,74
531,527,728
531,528,469
531,529,320
531,530,100
531,531,0
531,610,618
531,611,430
531,612,290
531,613,170
531,614,170
531,698,860
531,699,839
531,700,718
531,701,472
531,702,366
532,385,608
532,386,608
532,456,113
532,457,608
532,458,608
532,532,0
532,533,74
532,534,374
532,535,608
532,536,803
532,615,0
532,617,533
532,618,513
532,620,838
532,709,862
533,385,534
533,386,534
533,456,39
533,457,534
533,458,534
533,532,74
533,533,0
533,534,300
533,535,534
533,536,729
533,615,74
533,617,459
533,618,439
533,620,763
533,709,788
534,385,234
534,386,234
534,456,339
534,457,234
534,458,234
534,459,692
534,460,793
534,461,893
534,532,374
534,533,300
534,534,0
534,535,234
534,536,429
534,537,614
534,538,827
534,615,374
534,617,159
534,618,139
534,619,770
534,620,463
534,621,671
534,708,710
534,709,488
534,710,755
534,711,881
535,385,0
535,386,0
535,456,574
535,457,0
535,458,0
535,459,790
535,460,891
535,532,608
535,533,534
535,534,234
535,535,0
535,536,528
535,537,712
535,615,608
535,617,393
535,618,237
535,619,869
535,620,562
535,621,769
535,708,809
535,709,587
535,710,853
536,321,488
536,322,488
536,324,767
536,325,871
536,385,528
536,386,528
536,387,488
536,388,471
536,389,652
536,390,713
536,391,811
536,456,769
536,457,528
536,458,528
536,459,263
536,460,364
536,461,493
536,462,728
536,532,803
536,533,729
536,534,429
536,535,528
536,536,0
536,537,185
536,538,434
536,539,602
536,540,843
536,615,803
536,617,589
536,618,334
536,619,598
536,620,202
536,621,294
536,622,826
536,623,858
536,707,749
536,708,538
536,709,316
536,710,503
536,711,629
536,712,825
537,262,858
537,263,858
537,264,761
537,265,830
537,266,899
537,321,388
537,322,388
537,323,858
537,324,607
537,325,692
537,326,890
537,385,712
537,386,712
537,387,388
537,388,371
537,389,491
537,390,534
537,391,633
537,392,865
537,457,712
537,458,712
537,459,214
537,460,203
537,461,314
537,462,549
537,463,784
537,534,614
537,535,712
537,536,185
537,537,0
537,538,256
537,539,454
537,540,695
537,617,773
537,618,519
537,619,694
537,620,273
537,621,198
537,622,677
537,623,709
537,707,846
537,708,634
537,709,412
537,710,407
537,711,534
537,712,730
538,262,784
538,263,784
538,264,687
538,265,737
538,266,804
538,321,427
538,322,427
538,323,784
538,324,533
538,325,597
538,326,795
538,327,852
538,387,427
538,388,410
538,389,465
538,390,440
538,391,538
538,392,672
538,459,374
538,460,232
538,461,219
538,462,440
538,463,591
538,464,849
538,534,833
538,536,434
538,537,256
538,538,0
538,539,251
538,540,492
538,541,734
538,618,739
538,619,879
538,620,458
538,621,187
538,622,474
538,623,506
538,624,739
538,625,891
538,708,819
538,709,597
538,710,465
538,711,576
538,712,541
538,713,740
539,264,831
539,265,807
539,266,820
539,321,792
539,322,792
539,324,690
539,325,668
539,326,772
539,327,779
539,387,792
539,388,775
539,389,660
539,390,510
539,391,534
539,392,599
539,393,836
539,459,716
539,460,597
539,461,405
539,462,406
539,463,517
539,464,776
539,536,686
539,537,551
539,538,385
539,539,0
539,540,241
539,541,661
539,542,826
539,618,864
539,620,595
539,621,439
539,622,223
539,623,255
539,624,488
539,625,672
539,626,821
539,708,887
539,709,665
539,710,486
539,711,436
539,712,290
539,713,489
539,714,746
539,715,783
540,212,825
540,213,820
540,262,862
540,263,862
540,264,765
540,265,735
540,266,619
540,267,738
540,268,752
540,321,814
540,322,814
540,323,862
540,324,636
540,325,509
540,326,571
540,327,577
540,328,785
540,387,814
540,388,797
540,389,680
540,390,484
540,391,333
540,392,397
540,393,635
540,394,866
540,459,761
540,460,619
540,461,424
540,462,277
540,463,316
540,464,574
540,465,774
540,536,824
540,537,645
540,538,447
540,539,205
540,540,0
540,541,459
540,542,637
540,543,791
540,620,779
540,621,623
540,622,355
540,623,229
540,624,316
540,625,499
540,626,649
540,709,849
540,710,670
540,711,568
540,712,389
540,713,317
540,714,574
540,715,611
540,716,851
541,266,829
541,267,776
541,268,770
541,269,888
541,324,846
541,325,720
541,326,664
541,327,596
541,328,666
541,329,893
541,390,694
541,391,544
541,392,608
541,393,513
541,394,638
541,460,871
541,461,663
541,462,487
541,463,294
541,464,391
541,465,497
541,466,689
541,538,796
541,539,555
541,540,472
541,541,0
541,542,254
541,543,407
541,544,673
541,622,762
541,623,437
541,624,185
541,625,179
541,626,288
541,627,630
541,628,831
541,711,751
541,712,555
541,713,406
541,714,663
541,715,396
541,716,636
542,214,886
542,215,871
542,266,875
542,267,773
542,268,742
542,269,710
542,325,803
542,326,662
542,327,593
542,328,484
542,329,711
542,390,777
542,391,627
542,392,691
542,393,357
542,394,456
542,395,786
542,461,746
542,462,570
542,463,371
542,464,278
542,465,316
542,466,541
542,467,763
542,538,878
542,539,636
542,540,631
542,541,254
542,542,0
542,543,259
542,544,525
542,545,763
542,622,859
542,623,596
542,624,384
542,625,255
542,626,140
542,627,481
542,628,683
542,712,714
542,713,566
542,714,822
542,715,513
542,716,753
542,717,883
542,718,892
543,214,895
543,215,880
543,267,887
543,268,774
543,269,720
543,270,871
543,326,826
543,327,757
543,328,540
543,329,617
543,391,791
543,392,855
543,393,521
543,394,362
543,395,692
543,396,721
543,462,734
543,463,535
543,464,442
543,465,222
543,466,314
543,467,536
543,468,779
543,539,800
543,540,784
543,541,407
543,542,247
543,543,0
543,544,299
543,545,537
543,623,749
543,624,537
543,625,335
543,626,170
543,627,255
543,628,457
543,629,801
543,712,867
543,713,718
543,715,666
543,717,657
543,718,666
543,719,763
544,215,879
544,216,885
544,268,792
544,269,695
544,270,809
544,271,788
544,327,884
544,328,559
544,329,579
544,330,680
544,331,659
544,332,866
544,393,673
544,394,395
544,395,491
544,396,434
544,397,694
544,398,852
544,463,845
544,464,752
544,465,564
544,466,292
544,467,249
544,468,491
544,541,716
544,542,557
544,543,342
544,544,0
544,545,249
544,546,718
544,547,860
544,624,846
544,625,644
544,626,479
544,627,337
544,628,184
544,629,529
544,630,672
544,631,836
544,717,384
544,718,394
544,719,491
544,720,761
545,216,892
545,217,895
545,269,777
545,270,779
545,271,687
545,272,899
545,328,709
545,329,573
545,330,579
545,331,553
545,332,760
545,393,823
545,394,545
545,395,485
545,396,329
545,397,588
545,398,747
545,399,887
545,465,745
545,466,531
545,467,148
545,468,386
545,542,795
545,543,580
545,544,249
545,545,0
545,546,879
545,625,882
545,626,718
545,627,575
545,628,355
545,629,689
545,630,832
545,717,545
545,718,554
545,719,651
546,467,890
546,469,387
546,470,641
546,471,832
546,544,738
546,545,887
546,546,0
546,547,270
546,548,388
546,549,895
546,628,588
546,629,399
546,630,196
546,631,331
546,632,467
546,633,639
546,634,790
546,717,687
546,718,437
546,719,345
546,720,405
547,398,879
547,469,158
547,470,378
547,471,569
547,544,872
547,546,270
547,547,0
547,548,125
547,549,639
547,550,732
547,628,721
547,629,532
547,630,188
547,631,187
547,632,249
547,633,421
547,634,572
547,635,770
547,717,820
547,718,570
547,719,396
547,720,375
548,332,803
548,398,754
548,399,788
548,400,820
548,469,283
548,470,253
548,471,444
548,472,806
548,546,388
548,547,125
548,548,0
548,549,514
548,550,607
548,628,838
548,629,650
548,630,306
548,631,287
548,632,124
548,633,296
548,634,447
548,635,645
548,636,853
548,718,688
548,719,514
548,720,493
549,271,761
549,272,760
549,273,860
549,330,847
549,331,675
549,332,578
549,333,688
549,334,805
549,397,728
549,398,528
549,399,562
549,400,594
549,401,776
549,469,797
549,470,390
549,471,218
549,472,580
549,473,720
549,546,895
549,547,639
549,548,514
549,549,0
549,550,227
549,551,704
549,552,682
549,553,818
549,630,813
549,631,632
549,632,428
549,633,257
549,634,235
549,635,424
549,636,580
549,637,751
549,720,865
550,271,772
550,272,771
550,273,843
550,330,858
550,331,686
550,332,589
550,333,640
550,334,749
550,335,879
550,397,739
550,398,539
550,399,572
550,400,538
550,401,719
550,402,865
550,469,891
550,470,403
550,471,229
550,472,524
550,473,555
550,474,700
550,475,803
550,476,900
550,547,732
550,548,607
550,549,227
550,550,0
550,551,477
550,552,455
550,553,591
550,554,789
550,630,881
550,631,700
550,632,496
550,633,325
550,634,211
550,635,244
550,636,353
550,637,524
550,638,740
551,272,840
551,273,732
551,274,738
551,275,862
551,331,844
551,332,718
551,333,588
551,334,567
551,335,627
551,336,773
551,397,897
551,398,701
551,399,520
551,400,419
551,401,454
551,402,564
551,470,794
551,471,606
551,472,301
551,473,204
551,474,400
551,475,646
551,476,742
551,477,831
551,549,704
551,550,477
551,551,0
551,552,225
551,553,434
551,554,632
551,555,883
551,632,853
551,633,681
551,634,530
551,635,374
551,636,274
551,637,386
551,638,590
551,639,769
552,219,801
552,220,831
552,221,888
552,273,765
552,274,603
552,275,727
552,276,868
552,332,830
552,333,700
552,334,551
552,335,493
552,336,639
552,337,849
552,398,813
552,399,632
552,400,531
552,401,320
552,402,429
552,403,807
552,404,758
552,405,869
552,470,771
552,471,595
552,472,417
552,473,216
552,474,261
552,475,421
552,476,518
552,477,606
552,478,870
552,549,682
552,550,455
552,551,225
552,552,0
552,553,209
552,554,407
552,555,658
552,632,830
552,633,659
552,634,508
552,635,352
552,636,208
552,637,199
552,638,366
552,639,544
552,640,736
553,273,875
553,274,714
553,275,837
553,333,864
553,334,661
553,335,603
553,336,749
553,337,832
553,399,797
553,400,653
553,401,430
553,402,539
553,403,856
553,404,566
553,405,676
553,406,777
553,471,772
553,472,594
553,473,381
553,474,352
553,475,229
553,476,325
553,477,414
553,478,677
553,479,883
553,549,818
553,550,591
553,551,434
553,552,209
553,553,0
553,554,198
553,555,500
553,556,731
553,557,889
553,633,795
553,634,644
553,635,488
553,636,341
553,637,238
553,638,222
553,639,387
553,640,578
553,641,777
554,334,859
554,335,801
554,337,717
554,338,812
554,339,844
554,340,893
554,400,851
554,401,628
554,402,737
554,403,742
554,404,452
554,405,562
554,406,663
554,407,895
554,472,792
554,473,579
554,474,550
554,475,190
554,476,212
554,477,300
554,478,563
554,479,769
554,550,783
554,551,632
554,552,407
554,553,198
554,554,0
554,555,364
554,556,616
554,557,753
554,634,836
554,635,680
554,636,510
554,637,350
554,638,204
554,639,251
554,640,443
554,641,641
554,642,791
555,401,896
555,404,686
555,405,728
555,406,828
555,473,847
555,474,818
555,475,552
555,476,534
555,477,493
555,478,729
555,479,871
555,551,869
555,552,650
555,553,500
555,554,364
555,555,0
555,556,663
555,557,591
555,558,746
555,559,884
555,636,736
555,637,576
555,638,396
555,639,233
555,640,309
555,641,514
555,642,629
555,643,863
556,276,832
556,277,788
556,278,779
556,279,852
556,280,821
556,336,846
556,337,618
556,338,575
556,339,607
556,340,656
556,341,783
556,403,642
556,404,404
556,405,325
556,406,426
556,407,659
556,408,878
556,475,680
556,476,550
556,477,317
556,478,327
556,479,533
556,480,734
556,553,731
556,554,616
556,555,664
556,556,0
556,557,605
556,558,744
556,559,898
556,638,808
556,639,653
556,640,453
556,641,721
556,642,705
557,277,797
557,278,789
557,279,794
557,280,762
557,337,801
557,338,584
557,339,617
557,340,598
557,341,725
557,342,857
557,403,825
557,404,606
557,405,435
557,406,393
557,407,532
557,408,593
557,409,871
557,475,897
557,476,767
557,477,533
557,478,347
557,479,294
557,480,409
557,481,654
557,482,850
557,553,890
557,554,754
557,555,592
557,556,597
557,557,0
557,558,274
557,559,413
557,560,769
557,561,717
557,562,864
557,638,785
557,639,572
557,640,372
557,641,274
557,642,212
557,643,420
557,644,609
557,645,845
558,225,886
558,279,698
558,280,667
558,281,848
558,338,730
558,339,643
558,340,503
558,341,630
558,342,761
558,404,752
558,405,581
558,406,478
558,407,428
558,408,475
558,409,753
558,477,679
558,478,493
558,479,227
558,480,291
558,481,470
558,482,732
558,483,854
558,555,745
558,556,742
558,557,241
558,558,0
558,559,165
558,560,586
558,561,533
558,562,681
558,563,857
558,639,725
558,640,525
558,641,427
558,642,258
558,643,351
558,644,472
558,645,679
558,648,797
559,279,836
559,280,766
559,338,895
559,339,781
559,340,640
559,341,611
559,342,820
559,405,745
559,406,615
559,407,439
559,408,452
559,409,730
559,410,896
559,477,844
559,478,658
559,479,368
559,480,267
559,481,447
559,482,708
559,483,831
559,557,406
559,558,165
559,559,0
559,560,445
559,561,510
559,562,657
559,563,834
559,639,880
559,640,680
559,641,582
559,642,396
559,643,232
559,644,308
559,645,514
559,646,739
559,648,774
560,280,847
560,340,875
560,341,642
560,342,850
560,406,897
560,407,654
560,408,475
560,409,753
560,479,686
560,480,527
560,481,204
560,482,731
560,483,854
560,557,736
560,558,586
560,559,445
560,560,0
560,561,331
560,562,485
560,563,662
560,641,818
560,642,592
560,643,437
560,644,206
560,645,344
560,646,568
560,647,898
560,648,602
560,649,822
561,280,795
561,340,822
561,341,589
561,342,798
561,406,845
561,407,601
561,408,422
561,409,700
561,410,867
561,479,634
561,480,474
561,481,215
561,482,679
561,483,801
561,557,683
561,558,533
561,559,510
561,560,331
561,561,0
561,562,433
561,563,609
561,564,892
561,641,869
561,642,757
561,643,742
561,644,536
561,645,674
561,646,899
561,647,846
561,648,550
561,649,770
562,280,874
562,341,668
562,342,877
562,407,681
562,408,501
562,409,703
562,410,731
562,412,789
562,479,735
562,480,554
562,481,370
562,482,758
562,483,518
562,484,548
562,485,602
562,486,869
562,557,831
562,558,681
562,559,657
562,560,485
562,561,433
562,562,0
562,563,238
562,564,521
562,565,623
562,643,889
562,644,691
562,645,829
562,646,742
562,647,474
562,648,178
562,649,399
562,650,718
563,280,849
563,341,644
563,342,746
563,343,885
563,344,808
563,345,836
563,407,827
563,408,572
563,409,480
563,410,507
563,411,713
563,412,599
563,480,730
563,481,546
563,482,608
563,483,294
563,484,357
563,485,411
563,486,678
563,558,857
563,559,834
563,560,662
563,561,609
563,562,238
563,563,0
563,564,330
563,565,432
563,644,867
563,645,792
563,646,551
563,647,284
563,648,136
563,649,208
563,650,527
564,280,898
564,282,870
564,283,817
564,284,814
564,341,745
564,342,748
564,343,775
564,344,593
564,345,620
564,408,765
564,409,605
564,410,438
564,411,616
564,412,383
564,481,829
564,482,801
564,483,386
564,484,163
564,485,196
564,486,463
564,487,794
564,561,892
564,562,521
564,563,330
564,564,0
564,565,149
564,566,860
564,646,835
564,647,567
564,648,420
564,649,431
564,650,244
565,341,847
565,342,850
565,343,877
565,344,695
565,345,722
565,408,867
565,409,707
565,410,540
565,411,718
565,412,485
565,483,488
565,484,265
565,485,298
565,486,525
565,487,890
565,562,623
565,563,432
565,564,149
565,565,0
565,647,669
565,648,522
565,649,533
565,650,158
566,283,830
566,284,812
566,285,860
566,343,896
566,344,713
566,345,637
566,346,733
566,347,719
566,348,894
566,411,748
566,412,571
566,413,413
566,414,518
566,415,853
566,416,857
566,485,710
566,486,756
566,487,288
566,488,374
566,489,643
566,564,880
566,566,0
566,567,282
566,568,544
566,569,701
566,570,893
566,651,435
566,652,381
566,653,371
566,654,641
566,655,831
567,284,897
567,344,799
567,345,722
567,346,818
567,347,724
567,348,889
567,411,834
567,412,657
567,413,499
567,414,512
567,415,778
567,416,782
567,417,888
567,485,795
567,486,842
567,487,374
567,488,228
567,489,496
567,490,817
567,566,282
567,567,0
567,568,398
567,569,554
567,570,746
567,651,477
567,652,288
567,653,278
567,654,548
567,655,684
567,656,818
568,287,881
568,344,857
568,345,781
568,346,841
568,347,697
568,348,772
568,349,730
568,411,892
568,412,716
568,413,557
568,414,485
568,415,548
568,416,551
568,417,657
568,485,854
568,487,430
568,488,200
568,489,266
568,490,586
568,491,717
568,566,544
568,567,398
568,568,0
568,569,323
568,570,502
568,571,718
568,572,894
568,651,661
568,652,403
568,653,393
568,654,181
568,655,440
568,656,574
569,287,810
569,288,858
569,347,822
569,348,783
569,349,649
569,350,693
569,351,831
569,412,841
569,413,682
569,414,610
569,415,583
569,416,558
569,417,447
569,418,598
569,419,811
569,487,555
569,488,326
569,489,301
569,490,263
569,491,393
569,492,746
569,566,700
569,567,553
569,568,321
569,569,0
569,570,232
569,571,448
569,572,624
569,651,802
569,652,547
569,653,473
569,654,197
569,655,207
569,656,341
569,657,695
569,658,788
570,287,811
570,288,859
570,348,784
570,349,650
570,350,694
570,351,825
570,413,875
570,414,802
570,415,664
570,416,559
570,417,448
570,418,506
570,419,720
570,487,747
570,488,518
570,489,493
570,490,264
570,491,269
570,492,551
570,494,860
570,566,892
570,567,745
570,568,499
570,569,232
570,570,0
570,571,216
570,572,392
570,573,697
570,652,726
570,653,652
570,654,375
570,655,215
570,656,334
570,657,619
570,658,572
571,287,823
571,288,736
571,289,829
571,290,834
571,348,850
571,349,662
571,350,571
571,351,688
571,352,776
571,353,868
571,415,730
571,416,625
571,417,494
571,418,369
571,419,583
571,420,827
571,488,734
571,489,709
571,490,478
571,491,246
571,492,414
571,493,795
571,494,693
571,568,716
571,569,448
571,570,216
571,571,0
571,572,225
571,573,531
571,574,883
571,653,868
571,654,592
571,655,426
571,656,373
571,657,452
571,658,405
571,659,801
572,288,831
572,349,821
572,350,667
572,351,783
572,352,872
572,416,829
572,417,653
572,418,465
572,419,536
572,420,825
572,489,888
572,490,659
572,491,467
572,492,510
572,493,786
572,494,533
572,568,894
572,569,627
572,570,395
572,571,228
572,572,0
572,573,370
572,574,723
572,575,764
572,654,770
572,655,605
572,656,552
572,657,352
572,658,245
572,659,821
572,661,853
573,290,813
573,351,867
573,352,731
573,353,778
573,418,720
573,419,728
573,420,454
573,421,629
573,422,898
573,491,722
573,492,765
573,493,657
573,494,162
573,495,753
573,496,786
573,569,882
573,570,650
573,571,483
573,572,395
573,573,0
573,574,352
573,575,393
573,655,838
573,656,610
573,657,357
573,658,158
573,659,614
573,660,600
573,661,483
573,662,718
574,290,817
574,351,871
574,352,735
574,353,782
574,419,733
574,420,459
574,421,634
574,493,662
574,494,198
574,495,757
574,496,791
574,571,833
574,572,745
574,573,350
574,574,0
574,575,153
574,576,870
574,657,707
574,658,508
574,659,374
574,660,359
574,661,242
574,662,477
574,663,748
575,290,858
575,352,776
575,353,823
575,419,773
575,420,500
575,421,674
575,493,703
575,494,239
575,495,798
575,496,832
575,571,874
575,572,786
575,573,391
575,574,153
575,575,0
575,576,898
575,657,748
575,658,549
575,659,401
575,660,387
575,661,270
575,662,505
575,663,775
576,234,767
576,235,801
576,236,856
576,289,848
576,290,680
576,291,670
576,292,715
576,351,739
576,352,603
576,353,491
576,354,551
576,355,760
576,418,819
576,419,633
576,420,442
576,421,330
576,422,453
576,423,601
576,424,799
576,493,644
576,494,670
576,495,230
576,496,298
576,497,498
576,498,648
576,499,846
576,573,833
576,574,837
576,575,878
576,576,0
576,577,362
576,578,636
576,579,841
576,660,862
576,661,758
576,662,614
576,663,361
576,664,610
576,665,672
577,234,777
577,235,810
577,236,865
577,289,858
577,290,690
577,291,679
577,292,711
577,293,854
577,294,877
577,351,819
577,352,683
577,353,501
577,354,542
577,355,604
577,356,751
577,418,899
577,419,713
577,420,521
577,421,387
577,422,299
577,423,426
577,424,577
577,425,830
577,493,724
577,494,750
577,495,410
577,496,227
577,497,226
577,498,408
577,499,605
577,500,827
577,576,352
577,577,0
577,578,301
577,579,600
577,580,657
577,660,825
577,661,720
577,662,577
577,663,220
577,664,276
577,665,338
577,666,635
577,667,788
578,236,880
578,290,885
578,291,798
578,292,750
578,293,805
578,294,725
578,352,895
578,353,696
578,354,581
578,355,600
578,356,598
578,420,795
578,421,581
578,422,433
578,423,400
578,424,415
578,425,626
578,426,883
578,495,684
578,496,480
578,497,271
578,498,239
578,499,401
578,500,623
578,501,771
578,576,574
578,577,301
578,578,0
578,579,397
578,580,519
578,581,744
578,582,890
578,662,763
578,663,401
578,664,224
578,665,237
578,666,534
578,667,687
579,236,854
579,237,871
579,291,832
579,292,775
579,293,747
579,294,657
579,353,787
579,354,616
579,355,581
579,356,529
579,357,882
579,420,895
579,421,675
579,422,527
579,423,434
579,424,372
579,425,443
579,426,670
579,495,858
579,496,641
579,497,421
579,498,220
579,499,218
579,500,410
579,501,558
579,502,720
579,577,600
579,578,397
579,579,0
579,580,189
579,581,531
579,582,677
579,583,875
579,663,749
579,664,560
579,665,368
579,666,259
579,667,336
579,668,856
579,669,824
580,236,838
580,237,888
580,291,875
580,292,758
580,293,763
580,294,683
580,295,858
580,354,731
580,355,565
580,356,556
580,357,738
580,421,798
580,422,650
580,423,557
580,424,433
580,425,368
580,426,526
580,496,764
580,497,544
580,498,343
580,499,210
580,500,278
580,501,414
580,502,576
580,503,775
580,577,704
580,578,519
580,579,213
580,580,0
580,581,387
580,582,533
580,583,731
580,584,894
580,663,803
580,664,613
580,665,422
580,666,181
580,667,198
580,668,707
580,669,680
580,670,850
581,239,816
581,294,784
581,295,714
581,296,842
581,354,887
581,355,721
581,356,713
581,357,594
581,358,833
581,422,899
581,423,806
581,424,589
581,425,457
581,426,385
581,497,792
581,498,592
581,499,366
581,500,368
581,501,221
581,502,382
581,503,582
581,578,768
581,579,537
581,580,351
581,581,0
581,582,339
581,583,538
581,584,700
581,665,747
581,666,515
581,667,426
581,668,748
581,669,486
581,670,656
581,671,869
582,239,877
582,294,844
582,295,775
582,355,897
582,356,888
582,357,655
582,358,893
582,424,765
582,425,633
582,426,445
582,498,767
582,499,542
582,500,543
582,501,160
582,502,198
582,503,366
582,504,703
582,505,724
582,579,713
582,580,526
582,581,350
582,582,0
582,583,218
582,584,414
582,585,663
582,586,896
582,666,691
582,667,602
582,668,519
582,669,194
582,670,328
582,671,542
582,672,781
583,357,825
583,425,803
583,426,615
583,499,712
583,500,713
583,501,321
583,502,186
583,503,200
583,504,535
583,505,557
583,506,754
583,579,883
583,580,696
583,581,501
583,582,218
583,583,0
583,584,196
583,585,472
583,586,724
583,587,875
583,666,861
583,667,772
583,668,557
583,669,188
583,670,222
583,671,419
583,672,658
583,673,883
584,426,790
584,431,845
584,432,848
584,499,887
584,500,888
584,501,492
584,502,331
584,503,206
584,504,436
584,505,462
584,506,671
584,507,869
584,580,871
584,581,703
584,582,459
584,583,244
584,584,0
584,585,335
584,586,587
584,587,746
584,668,685
584,669,368
584,670,237
584,671,323
584,672,529
584,673,754
584,674,884
585,362,764
585,363,767
585,430,738
585,431,599
585,432,601
585,433,861
585,501,760
585,502,613
585,503,468
585,504,263
585,505,169
585,506,424
585,507,622
585,508,780
585,582,678
585,583,460
585,584,350
585,585,0
585,586,285
585,587,494
585,588,703
585,589,850
585,668,868
585,669,585
585,670,414
585,671,264
585,672,278
585,673,502
585,674,631
585,675,754
586,242,891
586,298,866
586,299,717
586,300,708
586,360,885
586,361,731
586,362,570
586,363,572
586,364,708
586,429,742
586,430,543
586,431,404
586,432,406
586,433,667
586,434,772
586,502,763
586,503,578
586,504,373
586,505,209
586,506,229
586,507,427
586,508,585
586,509,772
586,582,883
586,583,671
586,584,561
586,585,285
586,586,0
586,587,237
586,588,447
586,589,625
586,590,795
586,669,764
586,670,584
586,671,383
586,672,341
586,673,249
586,674,375
586,675,498
586,676,707
586,677,834
587,242,896
587,298,872
587,299,723
587,300,699
587,360,890
587,361,736
587,362,575
587,363,563
587,364,699
587,429,747
587,430,549
587,431,395
587,432,397
587,433,657
587,434,763
587,503,751
587,504,545
587,505,382
587,506,220
587,507,242
587,508,427
587,509,753
587,583,848
587,584,757
587,585,497
587,586,246
587,587,0
587,588,210
587,589,388
587,590,610
587,591,830
587,669,860
587,670,680
587,671,479
587,672,437
587,673,339
587,674,182
587,675,284
587,676,472
587,677,597
587,678,751
588,299,852
588,300,729
588,361,865
588,362,704
588,363,593
588,364,729
588,429,876
588,430,678
588,431,485
588,432,427
588,433,687
588,434,793
588,503,881
588,504,681
588,505,518
588,506,349
588,507,218
588,508,374
588,509,584
588,585,686
588,586,456
588,587,210
588,588,0
588,589,193
588,590,435
588,591,661
588,592,840
588,670,890
588,671,689
588,672,647
588,673,549
588,674,271
588,675,224
588,676,275
588,677,402
588,678,574
588,679,849
589,300,728
589,362,825
589,363,592
589,364,728
589,365,878
589,430,799
589,431,606
589,432,434
589,433,595
589,434,619
589,435,774
589,504,802
589,505,639
589,506,470
589,507,279
589,508,321
589,509,391
589,510,779
589,511,870
589,585,808
589,586,638
589,587,392
589,588,195
589,589,0
589,590,243
589,591,468
589,592,648
589,671,871
589,672,829
589,673,731
589,674,381
589,675,325
589,676,222
589,677,210
589,678,381
589,679,656
589,680,836
590,299,860
590,300,588
590,361,861
590,363,489
590,364,588
590,365,716
590,366,744
590,429,899
590,430,766
590,431,543
590,432,369
590,433,433
590,434,457
590,435,612
590,436,799
590,505,742
590,506,567
590,507,379
590,508,221
590,509,229
590,510,617
590,511,708
590,586,799
590,587,577
590,588,408
590,589,222
590,590,0
590,591,306
590,592,486
590,674,594
590,675,537
590,676,434
590,677,296
590,678,227
590,679,494
590,680,674
590,681,832
591,245,847
591,246,877
591,300,607
591,302,820
591,303,877
591,304,877
591,363,665
591,364,607
591,365,719
591,366,622
591,367,703
591,368,883
591,431,743
591,432,579
591,433,452
591,434,460
591,435,506
591,436,586
591,437,710
591,506,767
591,507,603
591,508,445
591,509,249
591,510,404
591,511,495
591,512,726
591,513,815
591,587,801
591,588,632
591,589,446
591,590,306
591,591,0
591,592,272
591,593,713
591,594,769
591,595,871
591,674,817
591,675,761
591,676,658
591,677,516
591,678,437
591,679,221
591,680,389
591,681,547
591,682,754
591,683,860
592,245,720
592,246,750
592,300,694
592,302,693
592,303,750
592,304,750
592,363,755
592,364,694
592,365,677
592,366,495
592,367,576
592,368,756
592,432,768
592,433,569
592,434,425
592,435,398
592,436,458
592,437,583
592,438,778
592,507,793
592,508,635
592,509,438
592,510,281
592,511,368
592,512,599
592,513,688
592,514,891
592,588,822
592,589,636
592,590,496
592,591,272
592,592,0
592,593,630
592,594,669
592,595,821
592,676,848
592,677,706
592,678,522
592,679,275
592,680,338
592,681,496
592,682,704
592,683,810
593,245,816
593,246,846
593,302,789
593,303,846
593,304,846
593,365,773
593,366,610
593,367,563
593,368,669
593,369,772
593,370,863
593,434,758
593,435,693
593,436,385
593,437,496
593,438,559
593,439,713
593,509,893
593,510,576
593,511,659
593,512,463
593,513,391
593,514,610
593,515,815
593,591,713
593,592,604
593,593,0
593,594,272
593,595,455
593,596,648
593,597,829
593,678,844
593,679,598
593,680,379
593,681,234
593,682,446
593,683,572
593,684,806
594,245,844
594,246,875
594,302,818
594,303,875
594,304,875
594,306,786
594,365,802
594,366,638
594,367,491
594,368,525
594,369,592
594,370,683
594,434,798
594,435,733
594,436,424
594,437,358
594,438,379
594,439,533
594,440,767
594,510,616
594,511,699
594,512,283
594,513,212
594,514,399
594,515,605
594,516,835
594,591,769
594,592,660
594,593,272
594,594,0
594,595,215
594,596,409
594,597,592
594,598,839
594,679,654
594,680,435
594,681,272
594,682,248
594,683,343
594,684,569
594,685,715
595,249,890
595,306,756
595,366,786
595,367,638
595,368,615
595,369,614
595,370,654
595,436,640
595,437,464
595,438,419
595,439,504
595,440,698
595,441,863
595,510,832
595,512,431
595,513,299
595,514,367
595,515,444
595,516,766
595,517,731
595,591,870
595,592,805
595,593,472
595,594,242
595,595,0
595,596,211
595,597,407
595,598,655
595,599,820
595,679,756
595,680,537
595,681,363
595,682,232
595,683,206
595,684,385
595,685,531
595,686,802
596,247,864
596,249,830
596,305,864
596,306,696
596,307,847
596,367,747
596,368,718
596,369,641
596,370,495
596,371,709
596,436,792
596,437,567
596,438,500
596,439,353
596,440,487
596,441,652
596,442,719
596,443,875
596,512,624
596,513,402
596,514,282
596,515,233
596,516,555
596,517,524
596,518,698
596,593,665
596,594,436
596,595,211
596,596,0
596,597,201
596,598,448
596,599,613
596,600,841
596,680,713
596,681,538
596,682,408
596,683,351
596,684,213
596,685,357
596,686,628
596,687,875
597,247,874
597,249,840
597,305,874
597,306,707
597,307,828
597,309,844
597,368,831
597,369,742
597,370,494
597,371,657
597,372,794
597,373,742
597,374,802
597,437,767
597,438,618
597,439,450
597,440,486
597,441,461
597,442,518
597,443,674
597,512,792
597,513,602
597,514,412
597,515,238
597,516,390
597,517,323
597,518,497
597,519,727
597,593,833
597,594,603
597,595,409
597,596,200
597,597,0
597,598,247
597,599,412
597,600,640
597,601,823
597,680,858
597,681,684
597,682,553
597,683,475
597,684,208
597,685,284
597,686,432
597,687,674
598,252,789
598,307,707
598,308,780
598,309,724
598,310,789
598,370,741
598,371,536
598,372,673
598,373,622
598,374,682
598,375,868
598,438,865
598,439,697
598,440,483
598,441,340
598,442,398
598,443,554
598,444,781
598,513,850
598,514,659
598,515,485
598,516,269
598,517,202
598,518,377
598,519,606
598,520,869
598,594,851
598,595,656
598,596,448
598,597,247
598,598,0
598,599,291
598,600,520
598,601,702
598,682,796
598,683,695
598,684,426
598,685,502
598,686,311
598,687,553
598,688,825
598,689,856
599,252,749
599,307,813
599,308,755
599,309,684
599,310,749
599,371,640
599,372,648
599,373,582
599,374,642
599,375,827
599,439,862
599,440,596
599,441,407
599,442,361
599,443,513
599,444,741
599,514,824
599,515,650
599,516,388
599,517,219
599,518,231
599,519,461
599,520,696
599,521,852
599,595,821
599,596,612
599,597,412
599,598,291
599,599,0
599,600,347
599,601,529
599,602,813
599,683,859
599,684,590
599,685,667
599,686,244
599,687,380
599,688,652
599,689,683
600,252,758
600,308,798
600,309,700
600,310,758
600,371,837
600,372,691
600,373,598
600,374,647
600,375,833
600,440,830
600,441,655
600,442,582
600,443,523
600,444,747
600,515,878
600,516,617
600,517,468
600,518,437
600,519,281
600,520,349
600,521,672
600,596,841
600,597,640
600,598,520
600,599,347
600,600,0
600,601,182
600,602,467
600,603,658
600,604,762
600,684,741
600,685,879
600,686,333
600,687,254
600,688,305
600,689,336
600,690,731
600,691,582
600,692,649
601,252,765
601,308,827
601,309,729
601,310,765
601,371,866
601,372,720
601,373,627
601,374,655
601,375,841
601,441,707
601,442,611
601,443,531
601,444,754
601,516,755
601,517,566
601,518,466
601,519,289
601,520,167
601,521,651
601,522,813
601,597,823
601,598,702
601,599,529
601,600,182
601,601,0
601,602,340
601,603,475
601,604,580
601,605,851
601,686,515
601,687,437
601,688,228
601,689,210
601,690,549
601,691,399
601,692,467
601,693,833
602,442,895
602,443,816
602,517,850
602,518,750
602,519,573
602,520,507
602,599,813
602,600,467
602,601,340
602,602,0
602,603,815
602,686,800
602,687,721
602,688,341
602,689,263
602,690,889
602,691,739
602,692,807
603,311,765
603,374,895
603,375,751
603,376,750
603,443,771
603,445,663
603,446,678
603,447,676
603,448,848
603,518,857
603,519,529
603,520,351
603,521,244
603,522,406
603,523,543
603,524,755
603,600,658
603,601,475
603,602,815
603,603,0
603,604,173
603,605,444
603,606,685
603,688,703
603,689,685
603,690,440
603,691,290
603,692,196
603,693,562
603,694,616
603,695,799
604,311,720
604,374,850
604,375,706
604,376,705
604,443,726
604,445,618
604,446,633
604,447,631
604,448,803
604,518,812
604,519,484
604,520,455
604,521,199
604,522,361
604,523,498
604,524,710
604,600,762
604,601,580
604,603,173
604,604,0
604,605,399
604,606,640
604,688,807
604,689,789
604,690,544
604,691,394
604,692,300
604,693,667
604,694,571
604,695,865
605,311,687
605,312,818
605,314,847
605,374,870
605,375,706
605,376,622
605,377,818
605,378,755
605,445,632
605,446,587
605,447,531
605,448,533
605,449,674
605,519,729
605,520,727
605,521,399
605,522,384
605,523,316
605,524,346
605,525,608
605,601,851
605,603,444
605,604,399
605,605,0
605,606,263
605,607,586
605,608,739
605,690,816
605,691,666
605,692,459
605,693,501
605,694,181
605,695,614
605,696,712
606,252,875
606,310,875
606,311,576
606,312,707
606,313,873
606,314,735
606,374,758
606,375,595
606,376,510
606,377,707
606,378,644
606,445,645
606,446,476
606,447,420
606,448,421
606,449,562
606,450,865
606,521,639
606,522,405
606,523,205
606,524,235
606,525,486
606,526,860
606,603,685
606,604,640
606,605,263
606,606,0
606,607,342
606,608,535
606,609,750
606,691,880
606,692,599
606,693,640
606,694,298
606,695,469
606,696,449
606,697,663
606,698,842
607,256,839
607,311,654
607,312,600
607,313,734
607,314,597
607,374,887
607,375,723
607,376,588
607,377,600
607,378,516
607,445,804
607,446,605
607,447,462
607,448,335
607,449,392
607,450,695
607,451,754
607,522,677
607,523,452
607,524,240
607,525,192
607,526,607
607,527,755
607,605,586
607,606,342
607,607,0
607,608,260
607,609,475
607,610,760
607,693,709
607,694,621
607,695,306
607,696,286
607,697,401
607,698,580
607,699,862
608,256,883
608,311,751
608,312,663
608,313,778
608,314,641
608,375,821
608,376,686
608,377,663
608,378,560
608,446,702
608,447,560
608,448,419
608,449,396
608,450,548
608,451,606
608,522,781
608,523,605
608,524,393
608,525,247
608,526,357
608,527,608
608,528,877
608,605,739
608,606,535
608,607,260
608,608,0
608,609,216
608,610,519
608,611,897
608,693,805
608,694,774
608,695,402
608,696,260
608,697,207
608,698,339
608,699,621
608,700,781
609,256,891
609,312,767
609,313,800
609,314,656
609,376,864
609,377,767
609,378,664
609,446,880
609,447,737
609,448,570
609,449,500
609,450,520
609,451,579
609,523,783
609,524,571
609,525,400
609,526,329
609,527,580
609,528,704
609,529,883
609,606,750
609,607,475
609,608,216
609,609,0
609,610,344
609,611,722
609,695,539
609,696,394
609,697,228
609,698,188
609,699,467
609,700,626
610,312,881
610,313,823
610,314,679
610,377,881
610,378,723
610,448,790
610,449,597
610,450,406
610,451,416
610,452,699
610,454,848
610,455,848
610,524,816
610,525,645
610,526,538
610,527,422
610,528,360
610,529,539
610,530,675
610,531,775
610,607,721
610,608,470
610,609,344
610,610,0
610,611,377
610,612,618
610,613,730
610,614,730
610,695,723
610,696,605
610,697,371
610,698,280
610,699,363
610,700,462
610,701,807
610,702,700
611,314,775
611,316,890
611,317,855
611,378,819
611,381,692
611,382,660
611,448,886
611,449,693
611,450,502
611,451,365
611,452,368
611,454,504
611,455,504
611,525,860
611,526,646
611,527,371
611,528,157
611,529,208
611,530,330
611,531,430
611,608,684
611,609,558
611,610,214
611,611,0
611,612,267
611,613,385
611,614,385
611,696,817
611,697,583
611,698,456
611,699,440
611,700,333
611,701,455
611,702,348
612,316,749
612,317,714
612,381,552
612,382,519
612,449,899
612,450,707
612,451,571
612,452,357
612,454,363
612,455,363
612,526,852
612,527,577
612,528,319
612,529,196
612,530,190
612,531,290
612,609,799
612,610,455
612,611,267
612,612,0
612,613,245
612,614,245
612,697,824
612,698,697
612,699,549
612,700,428
612,701,188
612,702,82
612,703,803
613,257,856
613,259,892
613,316,696
613,317,661
613,381,499
613,382,467
613,450,813
613,451,676
613,452,435
613,454,243
613,455,243
613,527,683
613,528,425
613,529,275
613,530,126
613,531,170
613,610,574
613,611,385
613,612,245
613,613,0
613,614,0
613,698,815
613,699,794
613,700,673
613,701,428
613,702,321
614,257,856
614,259,892
614,316,696
614,317,661
614,381,499
614,382,467
614,450,813
614,451,676
614,452,435
614,454,243
614,455,243
614,527,683
614,528,425
614,529,275
614,530,126
614,531,170
614,610,574
614,611,385
614,612,245
614,613,0
614,614,0
614,698,815
614,699,794
614,700,673
614,701,428
614,702,321
615,385,608
615,386,608
615,456,113
615,457,608
615,458,608
615,532,0
615,533,74
615,534,374
615,535,608
615,536,803
615,615,0
615,617,533
615,618,513
615,620,838
615,709,862
616,616,0
616,619,755
616,620,845
616,704,0
616,705,487
616,706,0
616,707,200
616,708,515
616,709,633
617,385,393
617,386,393
617,456,499
617,457,393
617,458,393
617,459,851
617,532,533
617,533,459
617,534,159
617,535,393
617,536,589
617,537,773
617,615,533
617,617,0
617,618,298
617,620,623
617,621,830
617,708,869
617,709,648
618,321,823
618,322,823
618,385,237
618,386,237
618,387,823
618,388,806
618,456,478
618,457,237
618,458,237
618,459,597
618,460,698
618,461,798
618,532,513
618,533,439
618,534,139
618,535,237
618,536,334
618,537,519
618,538,732
618,539,885
618,615,513
618,617,298
618,618,0
618,619,676
618,620,369
618,621,576
618,707,827
618,708,615
618,709,393
618,710,660
618,711,786
619,385,869
619,386,869
619,457,869
619,458,869
619,459,777
619,460,839
619,534,770
619,535,869
619,536,598
619,537,694
619,538,815
619,616,755
619,618,676
619,619,0
619,620,494
619,621,659
619,704,755
619,706,755
619,707,555
619,708,344
619,709,282
619,710,743
619,711,869
620,321,581
620,322,581
620,324,822
620,325,895
620,385,562
620,386,562
620,387,581
620,388,564
620,389,706
620,390,738
620,391,836
620,456,803
620,457,562
620,458,562
620,459,356
620,460,418
620,461,518
620,462,753
620,532,838
620,533,763
620,534,463
620,535,562
620,536,202
620,537,273
620,538,458
620,539,615
620,540,856
620,615,838
620,616,845
620,617,623
620,618,369
620,619,494
620,620,0
620,621,306
620,622,745
620,623,870
620,704,845
620,706,845
620,707,645
620,708,434
620,709,212
620,710,390
620,711,517
620,712,713
621,264,823
621,265,873
621,321,527
621,322,527
621,324,669
621,325,733
621,385,792
621,386,792
621,387,527
621,388,510
621,389,601
621,390,575
621,391,653
621,392,730
621,457,792
621,458,792
621,459,412
621,460,332
621,461,355
621,462,509
621,463,649
621,534,693
621,535,792
621,536,294
621,537,198
621,538,156
621,539,309
621,540,550
621,541,792
621,617,853
621,618,599
621,619,739
621,620,318
621,621,0
621,622,532
621,623,564
621,624,797
621,707,890
621,708,679
621,709,457
621,710,278
621,711,389
621,712,585
621,713,798
622,321,680
622,322,680
622,324,785
622,325,781
622,326,886
622,327,892
622,387,680
622,388,663
622,389,717
622,390,623
622,391,648
622,392,712
622,459,603
622,460,485
622,461,472
622,462,520
622,463,631
622,464,889
622,534,847
622,536,574
622,537,439
622,538,273
622,539,223
622,540,355
622,541,762
622,618,752
622,619,835
622,620,483
622,621,327
622,622,0
622,623,369
622,624,583
622,625,766
622,708,775
622,709,553
622,710,374
622,711,228
622,712,207
622,713,584
622,714,841
622,715,878
623,265,888
623,266,804
623,321,876
623,322,876
623,324,771
623,325,694
623,326,756
623,327,762
623,387,876
623,388,859
623,389,741
623,390,591
623,391,518
623,392,582
623,393,820
623,459,822
623,460,681
623,461,486
623,462,462
623,463,501
623,464,759
623,465,840
623,536,884
623,537,707
623,538,508
623,539,255
623,540,227
623,541,437
623,542,596
623,543,749
623,620,793
623,621,637
623,622,369
623,623,0
623,624,258
623,625,442
623,626,591
623,709,863
623,710,622
623,711,431
623,712,235
623,713,259
623,714,516
623,715,553
623,716,793
624,266,870
624,324,887
624,325,760
624,326,801
624,327,732
624,328,796
624,390,735
624,391,584
624,392,648
624,393,650
624,394,768
624,461,703
624,462,528
624,463,349
624,464,528
624,465,628
624,466,819
624,538,738
624,539,488
624,540,293
624,541,185
624,542,384
624,543,537
624,544,803
624,621,870
624,622,583
624,623,258
624,624,0
624,625,229
624,626,379
624,627,759
624,710,763
624,711,572
624,712,376
624,713,227
624,714,484
624,715,341
624,716,581
625,268,898
625,325,860
625,326,792
625,327,724
625,328,708
625,390,835
625,391,684
625,392,748
625,393,581
625,394,648
625,461,803
625,462,628
625,463,433
625,464,502
625,465,508
625,466,616
625,467,839
625,539,672
625,540,477
625,541,179
625,542,255
625,543,335
625,544,601
625,545,839
625,622,766
625,623,442
625,624,229
625,625,0
625,626,176
625,627,557
625,628,759
625,711,756
625,712,560
625,713,411
625,714,667
625,715,358
625,716,598
626,267,887
626,268,855
626,269,824
626,326,775
626,327,706
626,328,597
626,329,738
626,390,890
626,391,740
626,392,804
626,393,471
626,394,483
626,395,813
626,396,859
626,461,859
626,462,684
626,463,485
626,464,391
626,465,343
626,466,452
626,467,674
626,539,749
626,540,626
626,541,288
626,542,140
626,543,170
626,544,436
626,545,674
626,623,591
626,624,379
626,625,176
626,626,0
626,627,393
626,628,594
626,712,709
626,713,560
626,714,817
626,715,507
626,716,747
626,717,794
626,718,804
627,269,883
627,328,726
627,329,776
627,393,687
627,394,560
627,395,850
627,396,798
627,462,900
627,463,701
627,464,608
627,465,420
627,466,391
627,467,613
627,468,856
627,541,572
627,542,413
627,543,198
627,544,376
627,545,614
627,624,702
627,625,500
627,626,335
627,627,0
627,628,533
627,629,878
627,713,884
627,715,831
627,717,733
627,718,743
627,719,840
628,269,807
628,271,897
628,328,671
628,329,700
628,330,788
628,331,767
628,393,785
628,394,507
628,395,619
628,396,542
628,397,802
628,464,864
628,465,676
628,466,404
628,467,357
628,468,599
628,469,838
628,541,828
628,542,669
628,543,454
628,544,196
628,545,355
628,546,579
628,547,721
628,548,838
628,625,756
628,626,591
628,627,449
628,628,0
628,629,390
628,630,533
628,631,697
628,717,202
628,718,230
628,719,352
628,720,622
629,394,851
629,396,877
629,466,749
629,467,692
629,469,650
629,543,798
629,544,541
629,545,689
629,546,391
629,547,532
629,548,650
629,627,793
629,628,390
629,629,0
629,630,344
629,631,508
629,632,712
629,633,884
629,717,489
629,718,252
629,719,210
629,720,436
630,466,892
630,467,835
630,469,305
630,470,558
630,471,750
630,544,684
630,545,832
630,546,196
630,547,188
630,548,306
630,549,813
630,550,881
630,628,533
630,629,344
630,630,0
630,631,187
630,632,385
630,633,557
630,634,708
630,717,632
630,718,382
630,719,208
630,720,221
631,469,321
631,470,540
631,471,731
631,544,848
631,546,331
631,547,187
631,548,287
631,549,632
631,550,700
631,628,697
631,629,508
631,630,187
631,631,0
631,632,204
631,633,376
631,634,527
631,635,725
631,717,796
631,718,536
631,719,361
631,720,233
632,398,878
632,469,396
632,470,377
632,471,568
632,546,467
632,547,249
632,548,124
632,549,428
632,550,496
632,551,853
632,552,830
632,629,712
632,630,385
632,631,204
632,632,0
632,633,172
632,634,323
632,635,521
632,636,729
632,637,900
632,718,740
632,719,564
632,720,437
633,331,853
633,332,756
633,333,866
633,398,707
633,399,741
633,400,773
633,469,568
633,470,490
633,471,396
633,472,759
633,473,758
633,546,639
633,547,421
633,548,296
633,549,257
633,550,325
633,551,681
633,552,659
633,553,795
633,629,884
633,630,557
633,631,376
633,632,172
633,633,0
633,634,151
633,635,349
633,636,557
633,637,728
633,719,736
633,720,608
634,271,843
634,272,841
634,331,756
634,332,659
634,333,770
634,334,887
634,397,809
634,398,610
634,399,644
634,400,676
634,401,812
634,469,719
634,470,471
634,471,300
634,472,662
634,473,607
634,474,753
634,475,856
634,546,790
634,547,572
634,548,447
634,549,235
634,550,211
634,551,530
634,552,508
634,553,644
634,554,842
634,630,708
634,631,527
634,632,323
634,633,151
634,634,0
634,635,198
634,636,406
634,637,577
634,638,792
634,719,887
634,720,759
635,331,895
635,332,798
635,333,841
635,334,832
635,335,829
635,398,748
635,399,774
635,400,684
635,401,656
635,402,766
635,470,615
635,471,438
635,472,566
635,473,451
635,474,597
635,475,700
635,476,797
635,477,885
635,547,770
635,548,645
635,549,424
635,550,244
635,551,374
635,552,352
635,553,488
635,554,686
635,631,725
635,632,521
635,633,349
635,634,198
635,635,0
635,636,250
635,637,421
635,638,637
635,639,815
636,273,897
636,274,812
636,332,883
636,333,752
636,334,732
636,335,701
636,336,847
636,398,857
636,399,685
636,400,584
636,401,528
636,402,638
636,404,890
636,470,724
636,471,547
636,472,466
636,473,352
636,474,469
636,475,553
636,476,650
636,477,738
636,548,853
636,549,580
636,550,353
636,551,274
636,552,208
636,553,341
636,554,539
636,555,780
636,632,729
636,633,557
636,634,406
636,635,250
636,636,0
636,637,178
636,638,488
636,639,667
636,640,859
637,274,784
637,333,864
637,334,731
637,335,673
637,336,819
637,399,797
637,400,696
637,401,500
637,402,610
637,404,821
637,470,882
637,471,705
637,472,578
637,473,415
637,474,422
637,475,484
637,476,580
637,477,669
637,549,751
637,550,524
637,551,386
637,552,199
637,553,272
637,554,403
637,555,632
637,632,900
637,633,728
637,634,577
637,635,421
637,636,178
637,637,0
637,638,340
637,639,519
637,640,710
638,274,888
638,334,835
638,335,777
638,400,827
638,401,604
638,402,713
638,404,643
638,405,753
638,406,854
638,472,768
638,473,555
638,474,526
638,475,341
638,476,406
638,477,491
638,478,754
638,550,720
638,551,577
638,552,358
638,553,222
638,554,204
638,555,396
638,556,808
638,557,784
638,634,773
638,635,617
638,636,399
638,637,239
638,638,0
638,639,248
638,640,466
638,641,582
638,642,822
639,401,783
639,402,892
639,404,658
639,405,718
639,406,819
639,473,733
639,474,704
639,475,439
639,476,421
639,477,506
639,478,719
639,479,852
639,550,899
639,551,756
639,552,537
639,553,387
639,554,251
639,555,233
639,556,653
639,557,572
639,558,727
639,559,865
639,635,796
639,636,622
639,637,463
639,638,248
639,639,0
639,640,234
639,641,423
639,642,610
639,643,844
640,337,810
640,338,768
640,339,800
640,340,849
640,403,835
640,404,597
640,405,518
640,406,619
640,407,851
640,474,896
640,475,631
640,476,613
640,477,418
640,478,519
640,479,652
640,480,717
640,552,729
640,553,578
640,554,443
640,555,309
640,556,453
640,557,372
640,558,527
640,559,665
640,636,814
640,637,654
640,638,466
640,639,234
640,640,0
640,641,395
640,642,410
640,643,644
640,644,832
641,338,847
641,339,879
641,340,829
641,404,864
641,405,697
641,406,655
641,407,754
641,408,804
641,475,829
641,476,811
641,477,686
641,478,610
641,479,554
641,480,619
641,481,824
641,553,777
641,554,641
641,555,514
641,556,721
641,557,274
641,558,429
641,559,567
641,560,845
641,561,887
641,637,819
641,638,582
641,639,423
641,640,395
641,641,0
641,642,312
641,643,498
641,644,678
642,280,884
642,338,750
642,339,782
642,340,720
642,341,847
642,404,772
642,405,600
642,406,559
642,407,645
642,408,695
642,477,670
642,478,513
642,479,445
642,480,510
642,481,715
642,554,792
642,555,630
642,556,705
642,557,212
642,558,287
642,559,425
642,560,589
642,561,778
642,638,823
642,639,610
642,640,410
642,641,312
642,642,0
642,643,234
642,644,422
642,645,659
642,646,884
643,340,812
643,341,843
643,405,819
643,406,777
643,407,671
643,408,683
643,478,731
643,479,537
643,480,499
643,481,640
643,557,462
643,558,351
643,559,232
643,560,437
643,561,742
643,562,889
643,640,704
643,641,520
643,642,294
643,643,0
643,644,269
643,645,506
643,646,731
644,341,847
644,407,747
644,408,680
644,478,862
644,479,676
644,480,575
644,481,409
644,557,592
644,558,472
644,559,308
644,560,206
644,561,536
644,562,691
644,563,867
644,640,835
644,641,650
644,642,424
644,643,269
644,644,0
644,645,275
644,646,500
644,647,882
644,648,808
645,408,818
645,479,883
645,480,781
645,481,547
645,557,829
645,558,679
645,559,514
645,560,344
645,561,674
645,562,829
645,563,792
645,641,887
645,642,661
645,643,506
645,644,275
645,645,0
645,646,240
645,647,623
645,648,881
646,481,772
646,483,831
646,484,862
646,559,739
646,560,568
646,561,899
646,562,742
646,563,551
646,564,835
646,642,886
646,643,731
646,644,500
646,645,240
646,646,0
646,647,382
646,648,641
646,649,677
647,408,842
647,409,749
647,410,777
647,412,835
647,481,783
647,482,878
647,483,564
647,484,594
647,485,648
647,560,898
647,561,846
647,562,474
647,563,284
647,564,567
647,565,669
647,644,882
647,645,623
647,646,382
647,647,0
647,648,373
647,649,410
647,650,764
648,341,766
648,342,868
648,344,898
648,407,797
648,408,618
648,409,602
648,410,629
648,411,835
648,412,688
648,479,852
648,480,670
648,481,486
648,482,731
648,483,416
648,484,446
648,485,501
648,486,767
648,558,797
648,559,774
648,560,602
648,561,550
648,562,178
648,563,136
648,564,420
648,565,522
648,644,808
648,645,881
648,646,641
648,647,373
648,648,0
648,649,297
648,650,617
649,341,838
649,408,766
649,409,674
649,410,701
649,412,700
649,480,891
649,481,707
649,482,802
649,483,488
649,484,458
649,485,512
649,486,779
649,560,822
649,561,770
649,562,399
649,563,208
649,564,431
649,565,533
649,646,677
649,647,410
649,648,297
649,649,0
649,650,610
650,344,790
650,345,812
650,409,802
650,410,635
650,411,813
650,412,580
650,483,583
650,484,360
650,485,393
650,486,513
650,487,878
650,562,718
650,563,527
650,564,244
650,565,158
650,647,764
650,648,617
650,649,610
650,650,0
651,413,786
651,414,854
651,487,662
651,488,569
651,489,785
651,566,569
651,567,477
651,568,661
651,569,802
651,651,0
651,652,258
651,653,464
651,654,659
652,344,898
652,345,822
652,347,866
652,412,757
652,413,598
652,414,654
652,415,810
652,416,813
652,485,895
652,487,473
652,488,369
652,489,527
652,490,810
652,566,381
652,567,288
652,568,403
652,569,547
652,570,726
652,651,258
652,652,0
652,653,206
652,654,405
652,655,664
652,656,798
653,344,888
653,345,812
653,347,856
653,412,747
653,413,588
653,414,644
653,415,800
653,416,803
653,485,885
653,487,463
653,488,359
653,489,517
653,490,736
653,491,866
653,566,371
653,567,278
653,568,393
653,569,473
653,570,652
653,571,868
653,651,464
653,652,206
653,653,0
653,654,331
653,655,590
653,656,724
654,347,864
654,349,845
654,350,890
654,412,882
654,413,724
654,414,651
654,415,679
654,416,683
654,417,644
654,418,794
654,487,597
654,488,367
654,489,397
654,490,460
654,491,590
654,566,641
654,567,548
654,568,178
654,569,197
654,570,355
654,571,569
654,572,745
654,651,659
654,652,405
654,653,331
654,654,0
654,655,275
654,656,409
654,657,762
654,658,855
655,349,803
655,350,847
655,413,826
655,414,754
655,415,727
655,416,712
655,417,601
655,418,735
655,487,699
655,488,469
655,489,445
655,490,417
655,491,498
655,492,780
655,566,844
655,567,697
655,568,407
655,569,221
655,570,229
655,571,444
655,572,620
655,573,854
655,651,888
655,652,634
655,653,560
655,654,231
655,655,0
655,656,284
655,657,636
655,658,729
655,659,880
656,414,874
656,415,847
656,416,810
656,417,699
656,418,708
656,487,819
656,488,590
656,489,565
656,490,536
656,491,511
656,492,753
656,494,772
656,567,817
656,568,571
656,569,341
656,570,334
656,571,373
656,572,549
656,573,610
656,652,798
656,653,724
656,654,447
656,655,266
656,656,0
656,657,391
656,658,484
656,659,636
656,660,859
657,350,892
657,417,878
657,418,689
657,419,761
657,420,811
657,490,884
657,491,692
657,492,735
657,494,519
657,569,695
657,570,620
657,571,453
657,572,365
657,573,357
657,574,709
657,575,750
657,654,800
657,655,619
657,656,391
657,657,0
657,658,231
657,659,608
657,660,831
657,661,839
658,350,796
658,352,889
658,417,783
658,418,594
658,419,665
658,420,612
658,421,787
658,490,789
658,491,597
658,492,639
658,493,815
658,494,320
658,569,756
658,570,524
658,571,358
658,572,269
658,573,158
658,574,511
658,575,552
658,654,893
658,655,712
658,656,484
658,657,231
658,658,0
658,659,701
658,660,758
658,661,641
658,662,876
659,420,721
659,421,895
659,494,460
659,571,801
659,572,834
659,573,612
659,574,374
659,575,401
659,655,864
659,656,636
659,657,608
659,658,701
659,659,0
659,660,524
659,661,407
659,662,642
660,420,706
660,421,881
660,494,445
660,573,597
660,574,359
660,575,387
660,576,734
660,577,831
660,656,859
660,657,831
660,658,756
660,659,524
660,660,0
660,661,227
660,662,402
660,663,611
661,352,865
661,419,863
661,420,589
661,421,764
661,493,792
661,494,328
661,495,859
661,496,830
661,572,875
661,573,480
661,574,242
661,575,270
661,576,629
661,577,726
661,657,837
661,658,639
661,659,407
661,660,227
661,661,0
661,662,236
661,663,506
661,664,883
661,665,893
662,420,824
662,421,816
662,422,862
662,494,563
662,495,715
662,496,687
662,497,802
662,573,715
662,574,477
662,575,505
662,576,486
662,577,583
662,578,765
662,658,874
662,659,642
662,660,402
662,661,236
662,662,0
662,663,363
662,664,740
662,665,750
663,290,832
663,291,822
663,292,867
663,351,891
663,352,755
663,353,643
663,354,702
663,355,810
663,419,785
663,420,593
663,421,482
663,422,505
663,423,634
663,424,797
663,493,796
663,494,822
663,495,473
663,496,330
663,497,445
663,498,628
663,499,792
663,574,748
663,575,775
663,576,243
663,577,220
663,578,402
663,579,731
663,580,758
663,660,611
663,661,506
663,662,363
663,663,0
663,664,377
663,665,439
663,666,736
663,667,889
664,353,777
664,354,805
664,355,824
664,356,816
664,420,770
664,421,659
664,422,575
664,423,624
664,424,638
664,425,839
664,495,659
664,496,503
664,497,494
664,498,460
664,499,614
664,500,816
664,576,549
664,577,276
664,578,224
664,579,540
664,580,566
664,661,882
664,662,738
664,663,375
664,664,0
664,665,248
664,666,545
664,667,698
665,293,891
665,294,801
665,353,839
665,354,760
665,355,725
665,356,673
665,420,832
665,421,721
665,422,629
665,423,579
665,424,516
665,425,693
665,426,885
665,495,721
665,496,565
665,497,466
665,498,365
665,499,471
665,500,625
665,501,772
665,576,611
665,577,338
665,578,237
665,579,348
665,580,375
665,581,745
665,582,891
665,661,893
665,662,750
665,663,438
665,664,248
665,665,0
665,666,353
665,667,506
666,294,842
666,354,875
666,355,724
666,356,716
666,422,786
666,423,693
666,424,593
666,425,549
666,426,708
666,496,841
666,497,680
666,498,479
666,499,370
666,500,459
666,501,595
666,502,757
666,576,887
666,577,614
666,578,513
666,579,259
666,580,181
666,581,569
666,582,714
666,663,714
666,664,524
666,665,332
666,666,0
666,667,233
666,668,766
666,669,861
667,294,881
667,355,763
667,356,755
667,357,894
667,422,849
667,423,756
667,424,632
667,425,524
667,426,682
667,497,743
667,498,542
667,499,409
667,500,434
667,501,570
667,502,732
667,577,790
667,578,689
667,579,342
667,580,198
667,581,543
667,582,689
667,583,845
667,663,890
667,664,700
667,665,508
667,666,233
667,667,0
667,668,567
667,669,700
667,670,770
668,357,790
668,424,899
668,425,767
668,426,581
668,499,676
668,500,677
668,501,418
668,502,465
668,503,621
668,579,847
668,580,660
668,581,369
668,582,291
668,583,443
668,584,639
668,585,846
668,666,771
668,667,572
668,668,0
668,669,288
668,670,496
668,671,651
668,672,891
669,295,887
669,357,768
669,424,876
669,425,744
669,426,558
669,498,879
669,499,653
669,500,655
669,501,354
669,502,326
669,503,388
669,504,670
669,505,697
669,579,824
669,580,638
669,581,346
669,582,194
669,583,188
669,584,368
669,585,570
669,586,754
669,587,857
669,666,802
669,667,674
669,668,380
669,669,0
669,670,220
669,671,400
669,672,640
669,673,865
670,426,766
670,499,862
670,500,863
670,501,489
670,502,393
670,503,328
670,504,527
670,505,553
670,506,762
670,580,846
670,581,555
670,582,328
670,583,222
670,584,237
670,585,426
670,586,574
670,587,677
670,588,886
670,667,774
670,668,481
670,669,220
670,670,0
670,671,220
670,672,459
670,673,685
670,674,814
671,431,871
671,432,873
671,501,739
671,502,600
671,503,489
671,504,507
671,505,487
671,506,696
671,507,826
671,581,795
671,582,579
671,583,447
671,584,385
671,585,350
671,586,481
671,587,583
671,588,793
671,668,683
671,669,460
671,670,279
671,671,0
671,672,366
671,673,488
671,674,721
671,675,844
672,362,892
672,363,895
672,430,866
672,431,727
672,432,729
672,502,780
672,503,668
672,504,475
672,505,420
672,506,552
672,507,682
672,508,866
672,582,759
672,583,627
672,584,535
672,585,284
672,586,337
672,587,439
672,588,649
672,589,827
672,668,862
672,669,639
672,670,459
672,671,258
672,672,0
672,673,409
672,674,577
672,675,700
673,299,882
673,300,873
673,361,896
673,362,734
673,363,737
673,364,873
673,430,708
673,431,569
673,432,571
673,433,831
673,503,760
673,504,555
673,505,392
673,506,394
673,507,516
673,508,700
673,583,783
673,584,692
673,585,433
673,586,182
673,587,273
673,588,483
673,589,661
673,590,883
673,669,796
673,670,615
673,671,414
673,672,343
673,673,0
673,674,411
673,675,534
673,676,743
673,677,871
674,299,898
674,300,827
674,362,750
674,363,691
674,364,827
674,430,724
674,431,584
674,432,525
674,433,786
674,434,891
674,504,700
674,505,537
674,506,410
674,507,324
674,508,505
674,509,767
674,585,652
674,586,401
674,587,206
674,588,261
674,589,376
674,590,619
674,591,844
674,670,835
674,671,634
674,672,592
674,673,494
674,674,0
674,675,192
674,676,406
674,677,586
674,678,757
675,362,854
675,363,795
675,430,828
675,431,687
675,432,629
675,433,889
675,504,804
675,505,640
675,506,514
675,507,427
675,508,599
675,509,721
675,585,755
675,586,505
675,587,309
675,588,227
675,589,330
675,590,572
675,591,797
675,671,738
675,672,696
675,673,598
675,674,190
675,675,0
675,676,270
675,677,464
675,678,672
676,300,892
676,363,756
676,364,892
676,430,877
676,431,685
676,432,583
676,433,819
676,434,842
676,504,880
676,505,718
676,506,549
676,507,367
676,508,522
676,509,615
676,585,886
676,586,716
676,587,470
676,588,274
676,589,224
676,590,434
676,591,643
676,592,871
676,673,810
676,674,407
676,675,271
676,676,0
676,677,210
676,678,418
676,679,736
677,300,793
677,363,694
677,364,793
677,431,748
677,432,574
677,433,638
677,434,661
677,435,817
677,505,848
677,506,680
677,507,448
677,508,426
677,509,434
677,510,822
677,586,847
677,587,601
677,588,404
677,589,219
677,590,224
677,591,433
677,592,690
677,674,590
677,675,467
677,676,212
677,677,0
677,678,208
677,679,526
677,680,706
677,681,864
678,300,732
678,363,638
678,364,732
678,365,860
678,366,781
678,431,716
678,432,542
678,433,577
678,434,601
678,435,649
678,436,811
678,506,740
678,507,552
678,508,394
678,509,373
678,510,629
678,511,720
678,587,750
678,588,571
678,589,385
678,590,173
678,591,225
678,592,497
678,593,822
678,594,878
678,674,757
678,675,666
678,676,412
678,677,200
678,678,0
678,679,318
678,680,498
678,681,656
678,682,863
679,300,801
679,363,858
679,364,801
679,365,885
679,366,728
679,367,809
679,432,772
679,433,646
679,434,626
679,435,631
679,436,692
679,437,816
679,507,796
679,508,638
679,509,442
679,510,510
679,511,601
679,512,832
679,513,789
679,588,825
679,589,639
679,590,478
679,591,221
679,592,275
679,593,598
679,594,654
679,595,757
679,676,718
679,677,505
679,678,305
679,679,0
679,680,274
679,681,432
679,682,639
679,683,745
680,366,791
680,367,811
680,368,883
680,433,826
680,434,689
680,435,694
680,436,633
680,437,716
680,438,738
680,439,889
680,508,818
680,509,622
680,510,573
680,511,664
680,512,641
680,513,570
680,514,752
680,589,819
680,590,680
680,591,389
680,592,338
680,593,379
680,594,435
680,595,538
680,596,714
680,597,858
680,677,720
680,678,520
680,679,274
680,680,0
680,681,213
680,682,421
680,683,527
680,684,785
681,302,891
681,365,876
681,366,712
681,367,666
681,368,719
681,369,787
681,370,865
681,434,793
681,435,738
681,436,487
681,437,553
681,438,574
681,439,714
681,509,780
681,510,621
681,511,707
681,512,478
681,513,406
681,514,577
681,515,767
681,590,838
681,591,547
681,592,465
681,593,234
681,594,272
681,595,364
681,596,539
681,597,684
681,677,878
681,678,678
681,679,432
681,680,213
681,681,0
681,682,246
681,683,352
681,684,610
681,685,807
682,306,838
682,366,790
682,367,643
682,368,677
682,369,695
682,370,735
682,436,631
682,437,510
682,438,500
682,439,585
682,440,819
682,510,823
682,512,435
682,513,364
682,514,448
682,515,637
682,516,887
682,517,877
682,591,754
682,592,688
682,593,446
682,594,246
682,595,234
682,596,410
682,597,554
682,598,801
682,678,886
682,679,639
682,680,421
682,681,246
682,682,0
682,683,148
682,684,406
682,685,609
682,686,853
683,366,894
683,367,747
683,368,769
683,369,767
683,370,808
683,436,749
683,437,614
683,438,573
683,439,658
683,440,824
683,512,539
683,513,453
683,514,520
683,515,570
683,516,863
683,517,797
683,591,860
683,592,795
683,593,576
683,594,351
683,595,206
683,596,351
683,597,473
683,598,721
683,599,885
683,679,745
683,680,527
683,681,352
683,682,148
683,683,0
683,684,305
683,685,508
683,686,752
684,306,806
684,368,898
684,369,818
684,370,595
684,371,809
684,437,779
684,438,677
684,439,530
684,440,587
684,441,698
684,442,755
684,512,768
684,513,615
684,514,459
684,515,336
684,516,626
684,517,560
684,518,734
684,593,809
684,594,579
684,595,385
684,596,213
684,597,237
684,598,484
684,599,649
684,600,795
684,680,785
684,681,610
684,682,406
684,683,305
684,684,0
684,685,239
684,686,511
684,687,789
685,514,853
685,515,691
685,517,850
685,595,799
685,596,623
685,597,588
685,598,820
685,599,752
685,600,841
685,682,807
685,683,706
685,684,452
685,685,0
685,686,557
685,687,835
686,307,846
686,309,836
686,371,675
686,372,801
686,373,734
686,374,794
686,439,882
686,440,622
686,441,480
686,442,510
686,443,666
686,444,893
686,514,844
686,515,670
686,516,408
686,517,342
686,518,441
686,519,542
686,520,682
686,595,803
686,596,627
686,597,432
686,598,311
686,599,244
686,600,333
686,601,515
686,602,800
686,682,811
686,683,710
686,684,456
686,685,595
686,686,0
686,687,290
686,688,638
686,689,669
687,373,826
687,374,879
687,440,864
687,441,689
687,442,646
687,443,755
687,516,650
687,517,501
687,518,577
687,519,512
687,520,603
687,596,874
687,597,674
687,598,553
687,599,380
687,600,254
687,601,437
687,602,721
687,684,735
687,685,873
687,686,290
687,687,0
687,688,559
687,689,591
687,691,836
688,372,892
688,373,799
688,374,827
688,441,879
688,442,783
688,443,703
688,517,738
688,518,638
688,519,461
688,520,394
688,521,852
688,598,825
688,599,652
688,600,305
688,601,228
688,602,341
688,603,703
688,604,807
688,686,638
688,687,559
688,688,0
688,689,137
688,690,777
688,691,627
688,692,695
689,309,884
689,372,874
689,373,782
689,374,809
689,441,861
689,442,765
689,443,685
689,517,720
689,518,620
689,519,443
689,520,377
689,521,834
689,598,856
689,599,683
689,600,336
689,601,210
689,602,263
689,603,685
689,604,789
689,686,669
689,687,591
689,688,137
689,689,0
689,690,759
689,691,609
689,692,677
690,519,838
690,520,425
690,521,615
690,522,778
690,600,731
690,601,549
690,602,889
690,603,440
690,604,544
690,605,816
690,688,777
690,689,759
690,690,0
690,691,150
690,692,431
690,693,798
691,445,885
691,446,900
691,447,898
691,518,865
691,519,688
691,520,275
691,521,466
691,522,628
691,523,765
691,600,582
691,601,399
691,602,739
691,603,290
691,604,394
691,605,666
691,606,880
691,687,836
691,688,627
691,689,609
691,690,150
691,691,0
691,692,282
691,693,648
691,694,795
691,695,884
692,311,893
692,375,879
692,376,878
692,443,899
692,445,791
692,446,806
692,447,804
692,448,868
692,519,657
692,520,343
692,521,372
692,522,534
692,523,630
692,524,682
692,600,649
692,601,467
692,602,807
692,603,196
692,604,300
692,605,459
692,606,599
692,688,695
692,689,677
692,690,431
692,691,282
692,692,0
692,693,366
692,694,513
692,695,603
692,696,779
693,520,709
693,521,738
693,522,738
693,523,693
693,524,724
693,525,815
693,601,833
693,603,562
693,604,667
693,605,501
693,606,640
693,607,709
693,608,805
693,690,798
693,691,648
693,692,366
693,693,0
693,694,555
693,695,403
693,696,579
693,697,796
694,311,722
694,312,852
694,314,881
694,375,741
694,376,656
694,377,852
694,378,790
694,445,667
694,446,622
694,447,566
694,448,567
694,449,708
694,520,856
694,521,571
694,522,426
694,523,351
694,524,381
694,525,643
694,603,616
694,604,571
694,605,181
694,606,298
694,607,621
694,608,774
694,691,795
694,692,513
694,693,555
694,694,0
694,695,668
694,696,747
695,311,873
695,312,819
695,314,816
695,376,807
695,377,819
695,378,735
695,446,824
695,447,681
695,448,554
695,449,611
695,521,866
695,522,851
695,523,674
695,524,473
695,525,412
695,526,716
695,603,799
695,604,865
695,605,614
695,606,469
695,607,306
695,608,402
695,609,538
695,610,723
695,691,884
695,692,603
695,693,403
695,694,668
695,695,0
695,696,176
695,697,393
695,698,543
695,699,825
696,311,853
696,312,799
696,314,796
696,376,787
696,377,799
696,378,715
696,446,804
696,447,661
696,448,534
696,449,591
696,450,755
696,451,813
696,522,854
696,523,654
696,524,453
696,525,391
696,526,563
696,527,814
696,605,712
696,606,449
696,607,286
696,608,260
696,609,390
696,610,605
696,692,779
696,693,579
696,694,747
696,695,176
696,696,0
696,697,246
696,698,424
696,699,707
696,700,867
697,312,873
697,314,800
697,376,861
697,377,873
697,378,787
697,446,877
697,447,735
697,448,608
697,449,623
697,450,664
697,451,722
697,523,780
697,524,568
697,525,442
697,526,473
697,527,724
697,528,731
697,606,663
697,607,425
697,608,239
697,609,253
697,610,371
697,611,749
697,693,793
697,695,390
697,696,246
697,697,0
697,698,191
697,699,474
697,700,633
698,314,844
698,378,852
698,447,897
698,448,757
698,449,688
698,450,685
698,451,695
698,524,730
698,525,586
698,526,517
698,527,702
698,528,639
698,529,819
698,606,842
698,607,597
698,608,339
698,609,188
698,610,280
698,611,657
698,612,847
698,695,543
698,696,425
698,697,191
698,698,0
698,699,347
698,700,506
699,314,836
699,378,879
699,449,754
699,450,562
699,451,572
699,452,856
699,525,860
699,526,707
699,527,579
699,528,516
699,529,695
699,530,831
699,607,880
699,608,621
699,609,467
699,610,222
699,611,534
699,612,685
699,613,886
699,614,886
699,695,825
699,696,707
699,697,474
699,698,347
699,699,0
699,700,344
699,701,874
699,702,767
700,314,880
700,449,798
700,450,607
700,451,617
700,452,771
700,454,781
700,455,781
700,526,752
700,527,623
700,528,561
700,529,611
700,530,608
700,531,708
700,608,737
700,609,594
700,610,267
700,611,569
700,612,418
700,613,663
700,614,663
700,696,834
700,697,601
700,698,474
700,699,201
700,700,0
700,701,606
700,702,499
700,703,725
701,317,897
701,381,734
701,382,702
701,450,896
701,451,759
701,452,545
701,454,546
701,455,546
701,527,766
701,528,507
701,529,385
701,530,373
701,531,472
701,610,644
701,611,455
701,612,188
701,613,428
701,614,428
701,698,885
701,699,737
701,700,616
701,701,0
701,702,107
702,316,825
702,317,790
702,381,627
702,382,595
702,450,789
702,451,652
702,452,438
702,454,439
702,455,439
702,527,659
702,528,401
702,529,278
702,530,266
702,531,366
702,609,881
702,610,537
702,611,348
702,612,82
702,613,321
702,614,321
702,698,779
702,699,630
702,700,509
702,701,107
702,702,0
702,703,884
703,700,874
703,703,0
704,616,0
704,619,755
704,620,845
704,704,0
704,705,487
704,706,0
704,707,200
704,708,515
704,709,633
705,616,487
705,704,487
705,705,0
705,706,487
705,707,412
705,708,727
705,709,845
706,616,0
706,619,755
706,620,845
706,704,0
706,705,487
706,706,0
706,707,200
706,708,515
706,709,633
707,536,749
707,537,846
707,616,200
707,618,827
707,619,555
707,620,645
707,621,810
707,704,200
707,705,412
707,706,200
707,707,0
707,708,315
707,709,433
707,710,894
708,385,809
708,386,809
708,457,809
708,458,809
708,459,716
708,460,779
708,461,878
708,534,710
708,535,809
708,536,538
708,537,634
708,538,754
708,616,515
708,617,869
708,618,615
708,619,344
708,620,434
708,621,598
708,704,515
708,705,727
708,706,515
708,707,315
708,708,0
708,709,222
708,710,682
708,711,809
709,321,720
709,322,720
709,385,587
709,386,587
709,387,720
709,388,703
709,389,845
709,390,877
709,456,828
709,457,587
709,458,587
709,459,494
709,460,557
709,461,656
709,462,886
709,532,862
709,533,788
709,534,488
709,535,587
709,536,316
709,537,412
709,538,532
709,539,685
709,615,862
709,616,633
709,617,648
709,618,393
709,619,282
709,620,212
709,621,377
709,622,815
709,704,633
709,705,845
709,706,633
709,707,433
709,708,222
709,709,0
709,710,460
709,711,587
709,712,783
710,321,769
710,322,769
710,385,875
710,386,875
710,387,769
710,388,752
710,389,862
710,390,860
710,457,875
710,458,875
710,459,643
710,460,574
710,461,639
710,462,793
710,534,777
710,535,875
710,536,525
710,537,430
710,538,440
710,539,593
710,540,755
710,618,682
710,619,667
710,620,412
710,621,284
710,622,418
710,623,622
710,624,763
710,707,722
710,708,570
710,709,483
710,710,0
710,711,190
710,712,386
710,713,764
711,321,880
711,322,880
711,387,880
711,388,863
711,390,837
711,391,856
711,459,754
711,460,685
711,461,700
711,462,733
711,463,839
711,534,888
711,536,636
711,537,540
711,538,501
711,539,436
711,540,565
711,541,751
711,618,793
711,619,858
711,620,523
711,621,395
711,622,228
711,623,431
711,624,572
711,625,756
711,708,761
711,709,594
711,710,190
711,711,0
711,712,196
711,713,573
711,714,830
711,715,867
712,321,887
712,322,887
712,324,871
712,325,836
712,326,898
712,387,887
712,388,870
712,389,841
712,390,690
712,391,660
712,392,724
712,459,810
712,460,692
712,461,585
712,462,587
712,463,643
712,464,898
712,536,781
712,537,646
712,538,480
712,539,290
712,540,369
712,541,555
712,542,714
712,543,867
712,620,690
712,621,534
712,622,207
712,623,235
712,624,376
712,625,560
712,626,709
712,709,760
712,710,386
712,711,196
712,712,0
712,713,377
712,714,634
712,715,671
713,713,0
713,714,256
713,715,683
713,716,892
714,541,882
714,624,827
714,625,844
714,713,256
714,714,0
714,715,577
714,716,787
715,391,879
715,393,798
715,394,897
715,462,823
715,463,650
715,464,719
715,465,756
715,539,783
715,540,588
715,541,396
715,542,513
715,543,666
715,622,878
715,623,553
715,624,341
715,625,358
715,626,507
715,627,888
715,711,867
715,712,671
715,713,522
715,714,577
715,715,0
715,716,240
716,463,890
716,540,828
716,541,636
716,542,753
716,623,793
716,624,581
716,625,598
716,626,747
716,713,762
716,714,787
716,715,240
716,716,0
717,328,871
717,394,707
717,395,819
717,396,732
717,465,876
717,466,604
717,467,547
717,468,790
717,542,869
717,543,654
717,544,396
717,545,545
717,546,691
717,547,832
717,626,791
717,627,649
717,628,202
717,629,501
717,630,644
717,631,808
717,717,0
717,718,304
717,719,463
717,720,734
718,328,881
718,394,716
718,395,829
718,396,742
718,465,886
718,466,614
718,467,557
718,468,799
718,469,688
718,542,878
718,543,663
718,544,405
718,545,554
718,546,429
718,547,570
718,548,688
718,626,801
718,627,658
718,628,230
718,629,252
718,630,382
718,631,540
718,632,744
718,717,304
718,718,0
718,719,179
718,720,447
719,394,813
719,396,839
719,466,711
719,467,654
719,468,896
719,469,513
719,470,767
719,543,760
719,544,502
719,545,651
719,546,337
719,547,396
719,548,514
719,626,898
719,627,755
719,628,352
719,629,210
719,630,208
719,631,365
719,632,569
719,633,740
719,634,891
719,717,451
719,718,179
719,719,0
719,720,283
720,469,492
720,470,745
720,544,773
720,546,403
720,547,375
720,548,493
720,549,865
720,628,622
720,629,436
720,630,221
720,631,233
720,632,437
720,633,608
720,634,759
720,717,721
720,718,447
720,719,283
720,720,0
